Copyright 1986-2019 Xilinx, Inc. All Rights Reserved.
---------------------------------------------------------------------------------------------------------------------------------------------------------------------------------
| Tool Version : Vivado v.2019.1 (win64) Build 2552052 Fri May 24 14:49:42 MDT 2019
| Date         : Thu Sep 10 12:25:04 2026
| Host         : TOR00094 running 64-bit major release  (build 9200)
| Command      : report_bus_skew -warn_on_violation -file design_1_wrapper_bus_skew_routed.rpt -pb design_1_wrapper_bus_skew_routed.pb -rpx design_1_wrapper_bus_skew_routed.rpx
| Design       : design_1_wrapper
| Device       : 7k325t-ffg676
| Speed File   : -2  PRODUCTION 1.12 2017-02-17
---------------------------------------------------------------------------------------------------------------------------------------------------------------------------------

Bus Skew Report

Table of Contents
-----------------
1. Bus Skew Report Summary
2. Bus Skew Report Per Constraint

1. Bus Skew Report Summary
--------------------------

Id  Position  From                            To                              Corner  Requirement(ns)  Actual(ns)  Slack(ns)
--  --------  ------------------------------  ------------------------------  ------  ---------------  ----------  ---------
1   142       [get_cells [list {design_1_i/AXI_Peripheral/AXI_C2C/inst/master_fpga_gen.axi_chip2chip_master_inst/axi_chip2chip_b_fifo_inst/axi_chip2chip_async_fifo_inst/xpm_fifo_async_inst/gnuram_async_fifo.xpm_fifo_base_inst/gen_cdc_pntr.wr_pntr_cdc_inst/src_gray_ff_reg[0]} {design_1_i/AXI_Peripheral/AXI_C2C/inst/master_fpga_gen.axi_chip2chip_master_inst/axi_chip2chip_b_fifo_inst/axi_chip2chip_async_fifo_inst/xpm_fifo_async_inst/gnuram_async_fifo.xpm_fifo_base_inst/gen_cdc_pntr.wr_pntr_cdc_inst/src_gray_ff_reg[1]} {design_1_i/AXI_Peripheral/AXI_C2C/inst/master_fpga_gen.axi_chip2chip_master_inst/axi_chip2chip_b_fifo_inst/axi_chip2chip_async_fifo_inst/xpm_fifo_async_inst/gnuram_async_fifo.xpm_fifo_base_inst/gen_cdc_pntr.wr_pntr_cdc_inst/src_gray_ff_reg[2]} {design_1_i/AXI_Peripheral/AXI_C2C/inst/master_fpga_gen.axi_chip2chip_master_inst/axi_chip2chip_b_fifo_inst/axi_chip2chip_async_fifo_inst/xpm_fifo_async_inst/gnuram_async_fifo.xpm_fifo_base_inst/gen_cdc_pntr.wr_pntr_cdc_inst/src_gray_ff_reg[3]} {design_1_i/AXI_Peripheral/AXI_C2C/inst/master_fpga_gen.axi_chip2chip_master_inst/axi_chip2chip_b_fifo_inst/axi_chip2chip_async_fifo_inst/xpm_fifo_async_inst/gnuram_async_fifo.xpm_fifo_base_inst/gen_cdc_pntr.wr_pntr_cdc_inst/src_gray_ff_reg[4]} {design_1_i/AXI_Peripheral/AXI_C2C/inst/master_fpga_gen.axi_chip2chip_master_inst/axi_chip2chip_b_fifo_inst/axi_chip2chip_async_fifo_inst/xpm_fifo_async_inst/gnuram_async_fifo.xpm_fifo_base_inst/gen_cdc_pntr.wr_pntr_cdc_inst/src_gray_ff_reg[5]} {design_1_i/AXI_Peripheral/AXI_C2C/inst/master_fpga_gen.axi_chip2chip_master_inst/axi_chip2chip_b_fifo_inst/axi_chip2chip_async_fifo_inst/xpm_fifo_async_inst/gnuram_async_fifo.xpm_fifo_base_inst/gen_cdc_pntr.wr_pntr_cdc_inst/src_gray_ff_reg[6]} {design_1_i/AXI_Peripheral/AXI_C2C/inst/master_fpga_gen.axi_chip2chip_master_inst/axi_chip2chip_b_fifo_inst/axi_chip2chip_async_fifo_inst/xpm_fifo_async_inst/gnuram_async_fifo.xpm_fifo_base_inst/gen_cdc_pntr.wr_pntr_cdc_inst/src_gray_ff_reg[7]}]]
                                              [get_cells [list {design_1_i/AXI_Peripheral/AXI_C2C/inst/master_fpga_gen.axi_chip2chip_master_inst/axi_chip2chip_b_fifo_inst/axi_chip2chip_async_fifo_inst/xpm_fifo_async_inst/gnuram_async_fifo.xpm_fifo_base_inst/gen_cdc_pntr.wr_pntr_cdc_inst/dest_graysync_ff_reg[0][0]} {design_1_i/AXI_Peripheral/AXI_C2C/inst/master_fpga_gen.axi_chip2chip_master_inst/axi_chip2chip_b_fifo_inst/axi_chip2chip_async_fifo_inst/xpm_fifo_async_inst/gnuram_async_fifo.xpm_fifo_base_inst/gen_cdc_pntr.wr_pntr_cdc_inst/dest_graysync_ff_reg[0][1]} {design_1_i/AXI_Peripheral/AXI_C2C/inst/master_fpga_gen.axi_chip2chip_master_inst/axi_chip2chip_b_fifo_inst/axi_chip2chip_async_fifo_inst/xpm_fifo_async_inst/gnuram_async_fifo.xpm_fifo_base_inst/gen_cdc_pntr.wr_pntr_cdc_inst/dest_graysync_ff_reg[0][2]} {design_1_i/AXI_Peripheral/AXI_C2C/inst/master_fpga_gen.axi_chip2chip_master_inst/axi_chip2chip_b_fifo_inst/axi_chip2chip_async_fifo_inst/xpm_fifo_async_inst/gnuram_async_fifo.xpm_fifo_base_inst/gen_cdc_pntr.wr_pntr_cdc_inst/dest_graysync_ff_reg[0][3]} {design_1_i/AXI_Peripheral/AXI_C2C/inst/master_fpga_gen.axi_chip2chip_master_inst/axi_chip2chip_b_fifo_inst/axi_chip2chip_async_fifo_inst/xpm_fifo_async_inst/gnuram_async_fifo.xpm_fifo_base_inst/gen_cdc_pntr.wr_pntr_cdc_inst/dest_graysync_ff_reg[0][4]} {design_1_i/AXI_Peripheral/AXI_C2C/inst/master_fpga_gen.axi_chip2chip_master_inst/axi_chip2chip_b_fifo_inst/axi_chip2chip_async_fifo_inst/xpm_fifo_async_inst/gnuram_async_fifo.xpm_fifo_base_inst/gen_cdc_pntr.wr_pntr_cdc_inst/dest_graysync_ff_reg[0][5]} {design_1_i/AXI_Peripheral/AXI_C2C/inst/master_fpga_gen.axi_chip2chip_master_inst/axi_chip2chip_b_fifo_inst/axi_chip2chip_async_fifo_inst/xpm_fifo_async_inst/gnuram_async_fifo.xpm_fifo_base_inst/gen_cdc_pntr.wr_pntr_cdc_inst/dest_graysync_ff_reg[0][6]} {design_1_i/AXI_Peripheral/AXI_C2C/inst/master_fpga_gen.axi_chip2chip_master_inst/axi_chip2chip_b_fifo_inst/axi_chip2chip_async_fifo_inst/xpm_fifo_async_inst/gnuram_async_fifo.xpm_fifo_base_inst/gen_cdc_pntr.wr_pntr_cdc_inst/dest_graysync_ff_reg[0][7]}]]
                                                                              Slow             10.000       0.734      9.266
2   144       [get_cells [list {design_1_i/AXI_Peripheral/AXI_C2C/inst/master_fpga_gen.axi_chip2chip_master_inst/axi_chip2chip_b_fifo_inst/axi_chip2chip_async_fifo_inst/xpm_fifo_async_inst/gnuram_async_fifo.xpm_fifo_base_inst/gen_cdc_pntr.rd_pntr_cdc_inst/src_gray_ff_reg[0]} {design_1_i/AXI_Peripheral/AXI_C2C/inst/master_fpga_gen.axi_chip2chip_master_inst/axi_chip2chip_b_fifo_inst/axi_chip2chip_async_fifo_inst/xpm_fifo_async_inst/gnuram_async_fifo.xpm_fifo_base_inst/gen_cdc_pntr.rd_pntr_cdc_inst/src_gray_ff_reg[1]} {design_1_i/AXI_Peripheral/AXI_C2C/inst/master_fpga_gen.axi_chip2chip_master_inst/axi_chip2chip_b_fifo_inst/axi_chip2chip_async_fifo_inst/xpm_fifo_async_inst/gnuram_async_fifo.xpm_fifo_base_inst/gen_cdc_pntr.rd_pntr_cdc_inst/src_gray_ff_reg[2]} {design_1_i/AXI_Peripheral/AXI_C2C/inst/master_fpga_gen.axi_chip2chip_master_inst/axi_chip2chip_b_fifo_inst/axi_chip2chip_async_fifo_inst/xpm_fifo_async_inst/gnuram_async_fifo.xpm_fifo_base_inst/gen_cdc_pntr.rd_pntr_cdc_inst/src_gray_ff_reg[3]} {design_1_i/AXI_Peripheral/AXI_C2C/inst/master_fpga_gen.axi_chip2chip_master_inst/axi_chip2chip_b_fifo_inst/axi_chip2chip_async_fifo_inst/xpm_fifo_async_inst/gnuram_async_fifo.xpm_fifo_base_inst/gen_cdc_pntr.rd_pntr_cdc_inst/src_gray_ff_reg[4]} {design_1_i/AXI_Peripheral/AXI_C2C/inst/master_fpga_gen.axi_chip2chip_master_inst/axi_chip2chip_b_fifo_inst/axi_chip2chip_async_fifo_inst/xpm_fifo_async_inst/gnuram_async_fifo.xpm_fifo_base_inst/gen_cdc_pntr.rd_pntr_cdc_inst/src_gray_ff_reg[5]} {design_1_i/AXI_Peripheral/AXI_C2C/inst/master_fpga_gen.axi_chip2chip_master_inst/axi_chip2chip_b_fifo_inst/axi_chip2chip_async_fifo_inst/xpm_fifo_async_inst/gnuram_async_fifo.xpm_fifo_base_inst/gen_cdc_pntr.rd_pntr_cdc_inst/src_gray_ff_reg[6]} {design_1_i/AXI_Peripheral/AXI_C2C/inst/master_fpga_gen.axi_chip2chip_master_inst/axi_chip2chip_b_fifo_inst/axi_chip2chip_async_fifo_inst/xpm_fifo_async_inst/gnuram_async_fifo.xpm_fifo_base_inst/gen_cdc_pntr.rd_pntr_cdc_inst/src_gray_ff_reg[7]}]]
                                              [get_cells [list {design_1_i/AXI_Peripheral/AXI_C2C/inst/master_fpga_gen.axi_chip2chip_master_inst/axi_chip2chip_b_fifo_inst/axi_chip2chip_async_fifo_inst/xpm_fifo_async_inst/gnuram_async_fifo.xpm_fifo_base_inst/gen_cdc_pntr.rd_pntr_cdc_inst/dest_graysync_ff_reg[0][0]} {design_1_i/AXI_Peripheral/AXI_C2C/inst/master_fpga_gen.axi_chip2chip_master_inst/axi_chip2chip_b_fifo_inst/axi_chip2chip_async_fifo_inst/xpm_fifo_async_inst/gnuram_async_fifo.xpm_fifo_base_inst/gen_cdc_pntr.rd_pntr_cdc_inst/dest_graysync_ff_reg[0][1]} {design_1_i/AXI_Peripheral/AXI_C2C/inst/master_fpga_gen.axi_chip2chip_master_inst/axi_chip2chip_b_fifo_inst/axi_chip2chip_async_fifo_inst/xpm_fifo_async_inst/gnuram_async_fifo.xpm_fifo_base_inst/gen_cdc_pntr.rd_pntr_cdc_inst/dest_graysync_ff_reg[0][2]} {design_1_i/AXI_Peripheral/AXI_C2C/inst/master_fpga_gen.axi_chip2chip_master_inst/axi_chip2chip_b_fifo_inst/axi_chip2chip_async_fifo_inst/xpm_fifo_async_inst/gnuram_async_fifo.xpm_fifo_base_inst/gen_cdc_pntr.rd_pntr_cdc_inst/dest_graysync_ff_reg[0][3]} {design_1_i/AXI_Peripheral/AXI_C2C/inst/master_fpga_gen.axi_chip2chip_master_inst/axi_chip2chip_b_fifo_inst/axi_chip2chip_async_fifo_inst/xpm_fifo_async_inst/gnuram_async_fifo.xpm_fifo_base_inst/gen_cdc_pntr.rd_pntr_cdc_inst/dest_graysync_ff_reg[0][4]} {design_1_i/AXI_Peripheral/AXI_C2C/inst/master_fpga_gen.axi_chip2chip_master_inst/axi_chip2chip_b_fifo_inst/axi_chip2chip_async_fifo_inst/xpm_fifo_async_inst/gnuram_async_fifo.xpm_fifo_base_inst/gen_cdc_pntr.rd_pntr_cdc_inst/dest_graysync_ff_reg[0][5]} {design_1_i/AXI_Peripheral/AXI_C2C/inst/master_fpga_gen.axi_chip2chip_master_inst/axi_chip2chip_b_fifo_inst/axi_chip2chip_async_fifo_inst/xpm_fifo_async_inst/gnuram_async_fifo.xpm_fifo_base_inst/gen_cdc_pntr.rd_pntr_cdc_inst/dest_graysync_ff_reg[0][6]} {design_1_i/AXI_Peripheral/AXI_C2C/inst/master_fpga_gen.axi_chip2chip_master_inst/axi_chip2chip_b_fifo_inst/axi_chip2chip_async_fifo_inst/xpm_fifo_async_inst/gnuram_async_fifo.xpm_fifo_base_inst/gen_cdc_pntr.rd_pntr_cdc_inst/dest_graysync_ff_reg[0][7]}]]
                                                                              Slow             10.000       0.812      9.188
3   148       [get_cells [list {design_1_i/axi_ethernetlite_0/U0/XEMAC_I/EMAC_I/RX/INST_RX_INTRFCE/I_RX_FIFO/xpm_fifo_instance.xpm_fifo_async_inst/gnuram_async_fifo.xpm_fifo_base_inst/gen_cdc_pntr.rd_pntr_cdc_inst/src_gray_ff_reg[0]} {design_1_i/axi_ethernetlite_0/U0/XEMAC_I/EMAC_I/RX/INST_RX_INTRFCE/I_RX_FIFO/xpm_fifo_instance.xpm_fifo_async_inst/gnuram_async_fifo.xpm_fifo_base_inst/gen_cdc_pntr.rd_pntr_cdc_inst/src_gray_ff_reg[1]} {design_1_i/axi_ethernetlite_0/U0/XEMAC_I/EMAC_I/RX/INST_RX_INTRFCE/I_RX_FIFO/xpm_fifo_instance.xpm_fifo_async_inst/gnuram_async_fifo.xpm_fifo_base_inst/gen_cdc_pntr.rd_pntr_cdc_inst/src_gray_ff_reg[2]} {design_1_i/axi_ethernetlite_0/U0/XEMAC_I/EMAC_I/RX/INST_RX_INTRFCE/I_RX_FIFO/xpm_fifo_instance.xpm_fifo_async_inst/gnuram_async_fifo.xpm_fifo_base_inst/gen_cdc_pntr.rd_pntr_cdc_inst/src_gray_ff_reg[3]}]]
                                              [get_cells [list {design_1_i/axi_ethernetlite_0/U0/XEMAC_I/EMAC_I/RX/INST_RX_INTRFCE/I_RX_FIFO/xpm_fifo_instance.xpm_fifo_async_inst/gnuram_async_fifo.xpm_fifo_base_inst/gen_cdc_pntr.rd_pntr_cdc_inst/dest_graysync_ff_reg[0][0]} {design_1_i/axi_ethernetlite_0/U0/XEMAC_I/EMAC_I/RX/INST_RX_INTRFCE/I_RX_FIFO/xpm_fifo_instance.xpm_fifo_async_inst/gnuram_async_fifo.xpm_fifo_base_inst/gen_cdc_pntr.rd_pntr_cdc_inst/dest_graysync_ff_reg[0][1]} {design_1_i/axi_ethernetlite_0/U0/XEMAC_I/EMAC_I/RX/INST_RX_INTRFCE/I_RX_FIFO/xpm_fifo_instance.xpm_fifo_async_inst/gnuram_async_fifo.xpm_fifo_base_inst/gen_cdc_pntr.rd_pntr_cdc_inst/dest_graysync_ff_reg[0][2]} {design_1_i/axi_ethernetlite_0/U0/XEMAC_I/EMAC_I/RX/INST_RX_INTRFCE/I_RX_FIFO/xpm_fifo_instance.xpm_fifo_async_inst/gnuram_async_fifo.xpm_fifo_base_inst/gen_cdc_pntr.rd_pntr_cdc_inst/dest_graysync_ff_reg[0][3]}]]
                                                                              Slow             10.000       0.499      9.501
4   150       [get_cells [list {design_1_i/axi_ethernetlite_0/U0/XEMAC_I/EMAC_I/TX/INST_TX_INTRFCE/I_TX_FIFO/xpm_fifo_instance.xpm_fifo_async_inst/gnuram_async_fifo.xpm_fifo_base_inst/gen_cdc_pntr.wr_pntr_cdc_inst/src_gray_ff_reg[0]} {design_1_i/axi_ethernetlite_0/U0/XEMAC_I/EMAC_I/TX/INST_TX_INTRFCE/I_TX_FIFO/xpm_fifo_instance.xpm_fifo_async_inst/gnuram_async_fifo.xpm_fifo_base_inst/gen_cdc_pntr.wr_pntr_cdc_inst/src_gray_ff_reg[1]} {design_1_i/axi_ethernetlite_0/U0/XEMAC_I/EMAC_I/TX/INST_TX_INTRFCE/I_TX_FIFO/xpm_fifo_instance.xpm_fifo_async_inst/gnuram_async_fifo.xpm_fifo_base_inst/gen_cdc_pntr.wr_pntr_cdc_inst/src_gray_ff_reg[2]} {design_1_i/axi_ethernetlite_0/U0/XEMAC_I/EMAC_I/TX/INST_TX_INTRFCE/I_TX_FIFO/xpm_fifo_instance.xpm_fifo_async_inst/gnuram_async_fifo.xpm_fifo_base_inst/gen_cdc_pntr.wr_pntr_cdc_inst/src_gray_ff_reg[3]}]]
                                              [get_cells [list {design_1_i/axi_ethernetlite_0/U0/XEMAC_I/EMAC_I/TX/INST_TX_INTRFCE/I_TX_FIFO/xpm_fifo_instance.xpm_fifo_async_inst/gnuram_async_fifo.xpm_fifo_base_inst/gen_cdc_pntr.wr_pntr_cdc_inst/dest_graysync_ff_reg[0][0]} {design_1_i/axi_ethernetlite_0/U0/XEMAC_I/EMAC_I/TX/INST_TX_INTRFCE/I_TX_FIFO/xpm_fifo_instance.xpm_fifo_async_inst/gnuram_async_fifo.xpm_fifo_base_inst/gen_cdc_pntr.wr_pntr_cdc_inst/dest_graysync_ff_reg[0][1]} {design_1_i/axi_ethernetlite_0/U0/XEMAC_I/EMAC_I/TX/INST_TX_INTRFCE/I_TX_FIFO/xpm_fifo_instance.xpm_fifo_async_inst/gnuram_async_fifo.xpm_fifo_base_inst/gen_cdc_pntr.wr_pntr_cdc_inst/dest_graysync_ff_reg[0][2]} {design_1_i/axi_ethernetlite_0/U0/XEMAC_I/EMAC_I/TX/INST_TX_INTRFCE/I_TX_FIFO/xpm_fifo_instance.xpm_fifo_async_inst/gnuram_async_fifo.xpm_fifo_base_inst/gen_cdc_pntr.wr_pntr_cdc_inst/dest_graysync_ff_reg[0][3]}]]
                                                                              Slow             10.000       0.523      9.477
5   152       [get_cells [list {design_1_i/axi_ethernetlite_0/U0/XEMAC_I/EMAC_I/TX/INST_TX_INTRFCE/I_TX_FIFO/xpm_fifo_instance.xpm_fifo_async_inst/gnuram_async_fifo.xpm_fifo_base_inst/gen_cdc_pntr.rd_pntr_cdc_inst/src_gray_ff_reg[0]} {design_1_i/axi_ethernetlite_0/U0/XEMAC_I/EMAC_I/TX/INST_TX_INTRFCE/I_TX_FIFO/xpm_fifo_instance.xpm_fifo_async_inst/gnuram_async_fifo.xpm_fifo_base_inst/gen_cdc_pntr.rd_pntr_cdc_inst/src_gray_ff_reg[1]} {design_1_i/axi_ethernetlite_0/U0/XEMAC_I/EMAC_I/TX/INST_TX_INTRFCE/I_TX_FIFO/xpm_fifo_instance.xpm_fifo_async_inst/gnuram_async_fifo.xpm_fifo_base_inst/gen_cdc_pntr.rd_pntr_cdc_inst/src_gray_ff_reg[2]} {design_1_i/axi_ethernetlite_0/U0/XEMAC_I/EMAC_I/TX/INST_TX_INTRFCE/I_TX_FIFO/xpm_fifo_instance.xpm_fifo_async_inst/gnuram_async_fifo.xpm_fifo_base_inst/gen_cdc_pntr.rd_pntr_cdc_inst/src_gray_ff_reg[3]}]]
                                              [get_cells [list {design_1_i/axi_ethernetlite_0/U0/XEMAC_I/EMAC_I/TX/INST_TX_INTRFCE/I_TX_FIFO/xpm_fifo_instance.xpm_fifo_async_inst/gnuram_async_fifo.xpm_fifo_base_inst/gen_cdc_pntr.rd_pntr_cdc_inst/dest_graysync_ff_reg[0][0]} {design_1_i/axi_ethernetlite_0/U0/XEMAC_I/EMAC_I/TX/INST_TX_INTRFCE/I_TX_FIFO/xpm_fifo_instance.xpm_fifo_async_inst/gnuram_async_fifo.xpm_fifo_base_inst/gen_cdc_pntr.rd_pntr_cdc_inst/dest_graysync_ff_reg[0][1]} {design_1_i/axi_ethernetlite_0/U0/XEMAC_I/EMAC_I/TX/INST_TX_INTRFCE/I_TX_FIFO/xpm_fifo_instance.xpm_fifo_async_inst/gnuram_async_fifo.xpm_fifo_base_inst/gen_cdc_pntr.rd_pntr_cdc_inst/dest_graysync_ff_reg[0][2]} {design_1_i/axi_ethernetlite_0/U0/XEMAC_I/EMAC_I/TX/INST_TX_INTRFCE/I_TX_FIFO/xpm_fifo_instance.xpm_fifo_async_inst/gnuram_async_fifo.xpm_fifo_base_inst/gen_cdc_pntr.rd_pntr_cdc_inst/dest_graysync_ff_reg[0][3]}]]
                                                                              Slow             10.000       0.504      9.496
6   154       [get_cells [list {design_1_i/axi_ethernetlite_0/U0/XEMAC_I/EMAC_I/RX/INST_RX_INTRFCE/I_RX_FIFO/xpm_fifo_instance.xpm_fifo_async_inst/gnuram_async_fifo.xpm_fifo_base_inst/gen_cdc_pntr.wr_pntr_cdc_inst/src_gray_ff_reg[0]} {design_1_i/axi_ethernetlite_0/U0/XEMAC_I/EMAC_I/RX/INST_RX_INTRFCE/I_RX_FIFO/xpm_fifo_instance.xpm_fifo_async_inst/gnuram_async_fifo.xpm_fifo_base_inst/gen_cdc_pntr.wr_pntr_cdc_inst/src_gray_ff_reg[1]} {design_1_i/axi_ethernetlite_0/U0/XEMAC_I/EMAC_I/RX/INST_RX_INTRFCE/I_RX_FIFO/xpm_fifo_instance.xpm_fifo_async_inst/gnuram_async_fifo.xpm_fifo_base_inst/gen_cdc_pntr.wr_pntr_cdc_inst/src_gray_ff_reg[2]} {design_1_i/axi_ethernetlite_0/U0/XEMAC_I/EMAC_I/RX/INST_RX_INTRFCE/I_RX_FIFO/xpm_fifo_instance.xpm_fifo_async_inst/gnuram_async_fifo.xpm_fifo_base_inst/gen_cdc_pntr.wr_pntr_cdc_inst/src_gray_ff_reg[3]}]]
                                              [get_cells [list {design_1_i/axi_ethernetlite_0/U0/XEMAC_I/EMAC_I/RX/INST_RX_INTRFCE/I_RX_FIFO/xpm_fifo_instance.xpm_fifo_async_inst/gnuram_async_fifo.xpm_fifo_base_inst/gen_cdc_pntr.wr_pntr_cdc_inst/dest_graysync_ff_reg[0][0]} {design_1_i/axi_ethernetlite_0/U0/XEMAC_I/EMAC_I/RX/INST_RX_INTRFCE/I_RX_FIFO/xpm_fifo_instance.xpm_fifo_async_inst/gnuram_async_fifo.xpm_fifo_base_inst/gen_cdc_pntr.wr_pntr_cdc_inst/dest_graysync_ff_reg[0][1]} {design_1_i/axi_ethernetlite_0/U0/XEMAC_I/EMAC_I/RX/INST_RX_INTRFCE/I_RX_FIFO/xpm_fifo_instance.xpm_fifo_async_inst/gnuram_async_fifo.xpm_fifo_base_inst/gen_cdc_pntr.wr_pntr_cdc_inst/dest_graysync_ff_reg[0][2]} {design_1_i/axi_ethernetlite_0/U0/XEMAC_I/EMAC_I/RX/INST_RX_INTRFCE/I_RX_FIFO/xpm_fifo_instance.xpm_fifo_async_inst/gnuram_async_fifo.xpm_fifo_base_inst/gen_cdc_pntr.wr_pntr_cdc_inst/dest_graysync_ff_reg[0][3]}]]
                                                                              Slow             10.000       0.490      9.510
7   164       [get_cells [list {design_1_i/eth_pump_0/inst/axis_data_fifo_0_0/inst/gen_fifo.xpm_fifo_axis_inst/xpm_fifo_base_inst/gen_cdc_pntr.rd_pntr_cdc_inst/src_gray_ff_reg[0]} \
          {design_1_i/eth_pump_0/inst/axis_data_fifo_0_0/inst/gen_fifo.xpm_fifo_axis_inst/xpm_fifo_base_inst/gen_cdc_pntr.rd_pntr_cdc_inst/src_gray_ff_reg[10]} \
          {design_1_i/eth_pump_0/inst/axis_data_fifo_0_0/inst/gen_fifo.xpm_fifo_axis_inst/xpm_fifo_base_inst/gen_cdc_pntr.rd_pntr_cdc_inst/src_gray_ff_reg[11]} \
          {design_1_i/eth_pump_0/inst/axis_data_fifo_0_0/inst/gen_fifo.xpm_fifo_axis_inst/xpm_fifo_base_inst/gen_cdc_pntr.rd_pntr_cdc_inst/src_gray_ff_reg[1]} \
          {design_1_i/eth_pump_0/inst/axis_data_fifo_0_0/inst/gen_fifo.xpm_fifo_axis_inst/xpm_fifo_base_inst/gen_cdc_pntr.rd_pntr_cdc_inst/src_gray_ff_reg[2]} \
          {design_1_i/eth_pump_0/inst/axis_data_fifo_0_0/inst/gen_fifo.xpm_fifo_axis_inst/xpm_fifo_base_inst/gen_cdc_pntr.rd_pntr_cdc_inst/src_gray_ff_reg[3]} \
          {design_1_i/eth_pump_0/inst/axis_data_fifo_0_0/inst/gen_fifo.xpm_fifo_axis_inst/xpm_fifo_base_inst/gen_cdc_pntr.rd_pntr_cdc_inst/src_gray_ff_reg[4]} \
          {design_1_i/eth_pump_0/inst/axis_data_fifo_0_0/inst/gen_fifo.xpm_fifo_axis_inst/xpm_fifo_base_inst/gen_cdc_pntr.rd_pntr_cdc_inst/src_gray_ff_reg[5]} \
          {design_1_i/eth_pump_0/inst/axis_data_fifo_0_0/inst/gen_fifo.xpm_fifo_axis_inst/xpm_fifo_base_inst/gen_cdc_pntr.rd_pntr_cdc_inst/src_gray_ff_reg[6]} \
          {design_1_i/eth_pump_0/inst/axis_data_fifo_0_0/inst/gen_fifo.xpm_fifo_axis_inst/xpm_fifo_base_inst/gen_cdc_pntr.rd_pntr_cdc_inst/src_gray_ff_reg[7]} \
          {design_1_i/eth_pump_0/inst/axis_data_fifo_0_0/inst/gen_fifo.xpm_fifo_axis_inst/xpm_fifo_base_inst/gen_cdc_pntr.rd_pntr_cdc_inst/src_gray_ff_reg[8]} \
          {design_1_i/eth_pump_0/inst/axis_data_fifo_0_0/inst/gen_fifo.xpm_fifo_axis_inst/xpm_fifo_base_inst/gen_cdc_pntr.rd_pntr_cdc_inst/src_gray_ff_reg[9]}]]
                                              [get_cells [list {design_1_i/eth_pump_0/inst/axis_data_fifo_0_0/inst/gen_fifo.xpm_fifo_axis_inst/xpm_fifo_base_inst/gen_cdc_pntr.rd_pntr_cdc_inst/dest_graysync_ff_reg[0][0]} \
          {design_1_i/eth_pump_0/inst/axis_data_fifo_0_0/inst/gen_fifo.xpm_fifo_axis_inst/xpm_fifo_base_inst/gen_cdc_pntr.rd_pntr_cdc_inst/dest_graysync_ff_reg[0][10]} \
          {design_1_i/eth_pump_0/inst/axis_data_fifo_0_0/inst/gen_fifo.xpm_fifo_axis_inst/xpm_fifo_base_inst/gen_cdc_pntr.rd_pntr_cdc_inst/dest_graysync_ff_reg[0][11]} \
          {design_1_i/eth_pump_0/inst/axis_data_fifo_0_0/inst/gen_fifo.xpm_fifo_axis_inst/xpm_fifo_base_inst/gen_cdc_pntr.rd_pntr_cdc_inst/dest_graysync_ff_reg[0][1]} \
          {design_1_i/eth_pump_0/inst/axis_data_fifo_0_0/inst/gen_fifo.xpm_fifo_axis_inst/xpm_fifo_base_inst/gen_cdc_pntr.rd_pntr_cdc_inst/dest_graysync_ff_reg[0][2]} \
          {design_1_i/eth_pump_0/inst/axis_data_fifo_0_0/inst/gen_fifo.xpm_fifo_axis_inst/xpm_fifo_base_inst/gen_cdc_pntr.rd_pntr_cdc_inst/dest_graysync_ff_reg[0][3]} \
          {design_1_i/eth_pump_0/inst/axis_data_fifo_0_0/inst/gen_fifo.xpm_fifo_axis_inst/xpm_fifo_base_inst/gen_cdc_pntr.rd_pntr_cdc_inst/dest_graysync_ff_reg[0][4]} \
          {design_1_i/eth_pump_0/inst/axis_data_fifo_0_0/inst/gen_fifo.xpm_fifo_axis_inst/xpm_fifo_base_inst/gen_cdc_pntr.rd_pntr_cdc_inst/dest_graysync_ff_reg[0][5]} \
          {design_1_i/eth_pump_0/inst/axis_data_fifo_0_0/inst/gen_fifo.xpm_fifo_axis_inst/xpm_fifo_base_inst/gen_cdc_pntr.rd_pntr_cdc_inst/dest_graysync_ff_reg[0][6]} \
          {design_1_i/eth_pump_0/inst/axis_data_fifo_0_0/inst/gen_fifo.xpm_fifo_axis_inst/xpm_fifo_base_inst/gen_cdc_pntr.rd_pntr_cdc_inst/dest_graysync_ff_reg[0][7]} \
          {design_1_i/eth_pump_0/inst/axis_data_fifo_0_0/inst/gen_fifo.xpm_fifo_axis_inst/xpm_fifo_base_inst/gen_cdc_pntr.rd_pntr_cdc_inst/dest_graysync_ff_reg[0][8]} \
          {design_1_i/eth_pump_0/inst/axis_data_fifo_0_0/inst/gen_fifo.xpm_fifo_axis_inst/xpm_fifo_base_inst/gen_cdc_pntr.rd_pntr_cdc_inst/dest_graysync_ff_reg[0][9]}]]
                                                                              Fast              5.425       0.675      4.750
8   168       [get_cells [list {design_1_i/eth_pump_0/inst/axis_data_fifo_0_1/inst/gen_fifo.xpm_fifo_axis_inst/xpm_fifo_base_inst/gen_cdc_pntr.wr_pntr_cdc_inst/src_gray_ff_reg[0]} \
          {design_1_i/eth_pump_0/inst/axis_data_fifo_0_1/inst/gen_fifo.xpm_fifo_axis_inst/xpm_fifo_base_inst/gen_cdc_pntr.wr_pntr_cdc_inst/src_gray_ff_reg[10]} \
          {design_1_i/eth_pump_0/inst/axis_data_fifo_0_1/inst/gen_fifo.xpm_fifo_axis_inst/xpm_fifo_base_inst/gen_cdc_pntr.wr_pntr_cdc_inst/src_gray_ff_reg[11]} \
          {design_1_i/eth_pump_0/inst/axis_data_fifo_0_1/inst/gen_fifo.xpm_fifo_axis_inst/xpm_fifo_base_inst/gen_cdc_pntr.wr_pntr_cdc_inst/src_gray_ff_reg[1]} \
          {design_1_i/eth_pump_0/inst/axis_data_fifo_0_1/inst/gen_fifo.xpm_fifo_axis_inst/xpm_fifo_base_inst/gen_cdc_pntr.wr_pntr_cdc_inst/src_gray_ff_reg[2]} \
          {design_1_i/eth_pump_0/inst/axis_data_fifo_0_1/inst/gen_fifo.xpm_fifo_axis_inst/xpm_fifo_base_inst/gen_cdc_pntr.wr_pntr_cdc_inst/src_gray_ff_reg[3]} \
          {design_1_i/eth_pump_0/inst/axis_data_fifo_0_1/inst/gen_fifo.xpm_fifo_axis_inst/xpm_fifo_base_inst/gen_cdc_pntr.wr_pntr_cdc_inst/src_gray_ff_reg[4]} \
          {design_1_i/eth_pump_0/inst/axis_data_fifo_0_1/inst/gen_fifo.xpm_fifo_axis_inst/xpm_fifo_base_inst/gen_cdc_pntr.wr_pntr_cdc_inst/src_gray_ff_reg[5]} \
          {design_1_i/eth_pump_0/inst/axis_data_fifo_0_1/inst/gen_fifo.xpm_fifo_axis_inst/xpm_fifo_base_inst/gen_cdc_pntr.wr_pntr_cdc_inst/src_gray_ff_reg[6]} \
          {design_1_i/eth_pump_0/inst/axis_data_fifo_0_1/inst/gen_fifo.xpm_fifo_axis_inst/xpm_fifo_base_inst/gen_cdc_pntr.wr_pntr_cdc_inst/src_gray_ff_reg[7]} \
          {design_1_i/eth_pump_0/inst/axis_data_fifo_0_1/inst/gen_fifo.xpm_fifo_axis_inst/xpm_fifo_base_inst/gen_cdc_pntr.wr_pntr_cdc_inst/src_gray_ff_reg[8]} \
          {design_1_i/eth_pump_0/inst/axis_data_fifo_0_1/inst/gen_fifo.xpm_fifo_axis_inst/xpm_fifo_base_inst/gen_cdc_pntr.wr_pntr_cdc_inst/src_gray_ff_reg[9]}]]
                                              [get_cells [list {design_1_i/eth_pump_0/inst/axis_data_fifo_0_1/inst/gen_fifo.xpm_fifo_axis_inst/xpm_fifo_base_inst/gen_cdc_pntr.wr_pntr_cdc_inst/dest_graysync_ff_reg[0][0]} \
          {design_1_i/eth_pump_0/inst/axis_data_fifo_0_1/inst/gen_fifo.xpm_fifo_axis_inst/xpm_fifo_base_inst/gen_cdc_pntr.wr_pntr_cdc_inst/dest_graysync_ff_reg[0][10]} \
          {design_1_i/eth_pump_0/inst/axis_data_fifo_0_1/inst/gen_fifo.xpm_fifo_axis_inst/xpm_fifo_base_inst/gen_cdc_pntr.wr_pntr_cdc_inst/dest_graysync_ff_reg[0][11]} \
          {design_1_i/eth_pump_0/inst/axis_data_fifo_0_1/inst/gen_fifo.xpm_fifo_axis_inst/xpm_fifo_base_inst/gen_cdc_pntr.wr_pntr_cdc_inst/dest_graysync_ff_reg[0][1]} \
          {design_1_i/eth_pump_0/inst/axis_data_fifo_0_1/inst/gen_fifo.xpm_fifo_axis_inst/xpm_fifo_base_inst/gen_cdc_pntr.wr_pntr_cdc_inst/dest_graysync_ff_reg[0][2]} \
          {design_1_i/eth_pump_0/inst/axis_data_fifo_0_1/inst/gen_fifo.xpm_fifo_axis_inst/xpm_fifo_base_inst/gen_cdc_pntr.wr_pntr_cdc_inst/dest_graysync_ff_reg[0][3]} \
          {design_1_i/eth_pump_0/inst/axis_data_fifo_0_1/inst/gen_fifo.xpm_fifo_axis_inst/xpm_fifo_base_inst/gen_cdc_pntr.wr_pntr_cdc_inst/dest_graysync_ff_reg[0][4]} \
          {design_1_i/eth_pump_0/inst/axis_data_fifo_0_1/inst/gen_fifo.xpm_fifo_axis_inst/xpm_fifo_base_inst/gen_cdc_pntr.wr_pntr_cdc_inst/dest_graysync_ff_reg[0][5]} \
          {design_1_i/eth_pump_0/inst/axis_data_fifo_0_1/inst/gen_fifo.xpm_fifo_axis_inst/xpm_fifo_base_inst/gen_cdc_pntr.wr_pntr_cdc_inst/dest_graysync_ff_reg[0][6]} \
          {design_1_i/eth_pump_0/inst/axis_data_fifo_0_1/inst/gen_fifo.xpm_fifo_axis_inst/xpm_fifo_base_inst/gen_cdc_pntr.wr_pntr_cdc_inst/dest_graysync_ff_reg[0][7]} \
          {design_1_i/eth_pump_0/inst/axis_data_fifo_0_1/inst/gen_fifo.xpm_fifo_axis_inst/xpm_fifo_base_inst/gen_cdc_pntr.wr_pntr_cdc_inst/dest_graysync_ff_reg[0][8]} \
          {design_1_i/eth_pump_0/inst/axis_data_fifo_0_1/inst/gen_fifo.xpm_fifo_axis_inst/xpm_fifo_base_inst/gen_cdc_pntr.wr_pntr_cdc_inst/dest_graysync_ff_reg[0][9]}]]
                                                                              Fast              3.617       0.600      3.017
9   170       [get_cells [list {design_1_i/eth_pump_0/inst/axis_data_fifo_0_1/inst/gen_fifo.xpm_fifo_axis_inst/xpm_fifo_base_inst/gen_cdc_pntr.rd_pntr_cdc_inst/src_gray_ff_reg[0]} \
          {design_1_i/eth_pump_0/inst/axis_data_fifo_0_1/inst/gen_fifo.xpm_fifo_axis_inst/xpm_fifo_base_inst/gen_cdc_pntr.rd_pntr_cdc_inst/src_gray_ff_reg[10]} \
          {design_1_i/eth_pump_0/inst/axis_data_fifo_0_1/inst/gen_fifo.xpm_fifo_axis_inst/xpm_fifo_base_inst/gen_cdc_pntr.rd_pntr_cdc_inst/src_gray_ff_reg[11]} \
          {design_1_i/eth_pump_0/inst/axis_data_fifo_0_1/inst/gen_fifo.xpm_fifo_axis_inst/xpm_fifo_base_inst/gen_cdc_pntr.rd_pntr_cdc_inst/src_gray_ff_reg[1]} \
          {design_1_i/eth_pump_0/inst/axis_data_fifo_0_1/inst/gen_fifo.xpm_fifo_axis_inst/xpm_fifo_base_inst/gen_cdc_pntr.rd_pntr_cdc_inst/src_gray_ff_reg[2]} \
          {design_1_i/eth_pump_0/inst/axis_data_fifo_0_1/inst/gen_fifo.xpm_fifo_axis_inst/xpm_fifo_base_inst/gen_cdc_pntr.rd_pntr_cdc_inst/src_gray_ff_reg[3]} \
          {design_1_i/eth_pump_0/inst/axis_data_fifo_0_1/inst/gen_fifo.xpm_fifo_axis_inst/xpm_fifo_base_inst/gen_cdc_pntr.rd_pntr_cdc_inst/src_gray_ff_reg[4]} \
          {design_1_i/eth_pump_0/inst/axis_data_fifo_0_1/inst/gen_fifo.xpm_fifo_axis_inst/xpm_fifo_base_inst/gen_cdc_pntr.rd_pntr_cdc_inst/src_gray_ff_reg[5]} \
          {design_1_i/eth_pump_0/inst/axis_data_fifo_0_1/inst/gen_fifo.xpm_fifo_axis_inst/xpm_fifo_base_inst/gen_cdc_pntr.rd_pntr_cdc_inst/src_gray_ff_reg[6]} \
          {design_1_i/eth_pump_0/inst/axis_data_fifo_0_1/inst/gen_fifo.xpm_fifo_axis_inst/xpm_fifo_base_inst/gen_cdc_pntr.rd_pntr_cdc_inst/src_gray_ff_reg[7]} \
          {design_1_i/eth_pump_0/inst/axis_data_fifo_0_1/inst/gen_fifo.xpm_fifo_axis_inst/xpm_fifo_base_inst/gen_cdc_pntr.rd_pntr_cdc_inst/src_gray_ff_reg[8]} \
          {design_1_i/eth_pump_0/inst/axis_data_fifo_0_1/inst/gen_fifo.xpm_fifo_axis_inst/xpm_fifo_base_inst/gen_cdc_pntr.rd_pntr_cdc_inst/src_gray_ff_reg[9]}]]
                                              [get_cells [list {design_1_i/eth_pump_0/inst/axis_data_fifo_0_1/inst/gen_fifo.xpm_fifo_axis_inst/xpm_fifo_base_inst/gen_cdc_pntr.rd_pntr_cdc_inst/dest_graysync_ff_reg[0][0]} \
          {design_1_i/eth_pump_0/inst/axis_data_fifo_0_1/inst/gen_fifo.xpm_fifo_axis_inst/xpm_fifo_base_inst/gen_cdc_pntr.rd_pntr_cdc_inst/dest_graysync_ff_reg[0][10]} \
          {design_1_i/eth_pump_0/inst/axis_data_fifo_0_1/inst/gen_fifo.xpm_fifo_axis_inst/xpm_fifo_base_inst/gen_cdc_pntr.rd_pntr_cdc_inst/dest_graysync_ff_reg[0][11]} \
          {design_1_i/eth_pump_0/inst/axis_data_fifo_0_1/inst/gen_fifo.xpm_fifo_axis_inst/xpm_fifo_base_inst/gen_cdc_pntr.rd_pntr_cdc_inst/dest_graysync_ff_reg[0][1]} \
          {design_1_i/eth_pump_0/inst/axis_data_fifo_0_1/inst/gen_fifo.xpm_fifo_axis_inst/xpm_fifo_base_inst/gen_cdc_pntr.rd_pntr_cdc_inst/dest_graysync_ff_reg[0][2]} \
          {design_1_i/eth_pump_0/inst/axis_data_fifo_0_1/inst/gen_fifo.xpm_fifo_axis_inst/xpm_fifo_base_inst/gen_cdc_pntr.rd_pntr_cdc_inst/dest_graysync_ff_reg[0][3]} \
          {design_1_i/eth_pump_0/inst/axis_data_fifo_0_1/inst/gen_fifo.xpm_fifo_axis_inst/xpm_fifo_base_inst/gen_cdc_pntr.rd_pntr_cdc_inst/dest_graysync_ff_reg[0][4]} \
          {design_1_i/eth_pump_0/inst/axis_data_fifo_0_1/inst/gen_fifo.xpm_fifo_axis_inst/xpm_fifo_base_inst/gen_cdc_pntr.rd_pntr_cdc_inst/dest_graysync_ff_reg[0][5]} \
          {design_1_i/eth_pump_0/inst/axis_data_fifo_0_1/inst/gen_fifo.xpm_fifo_axis_inst/xpm_fifo_base_inst/gen_cdc_pntr.rd_pntr_cdc_inst/dest_graysync_ff_reg[0][6]} \
          {design_1_i/eth_pump_0/inst/axis_data_fifo_0_1/inst/gen_fifo.xpm_fifo_axis_inst/xpm_fifo_base_inst/gen_cdc_pntr.rd_pntr_cdc_inst/dest_graysync_ff_reg[0][7]} \
          {design_1_i/eth_pump_0/inst/axis_data_fifo_0_1/inst/gen_fifo.xpm_fifo_axis_inst/xpm_fifo_base_inst/gen_cdc_pntr.rd_pntr_cdc_inst/dest_graysync_ff_reg[0][8]} \
          {design_1_i/eth_pump_0/inst/axis_data_fifo_0_1/inst/gen_fifo.xpm_fifo_axis_inst/xpm_fifo_base_inst/gen_cdc_pntr.rd_pntr_cdc_inst/dest_graysync_ff_reg[0][9]}]]
                                                                              Fast              3.617       0.680      2.937
10  172       [get_cells [list {design_1_i/eth_pump_0/inst/axis_data_fifo_0_0/inst/gen_fifo.xpm_fifo_axis_inst/xpm_fifo_base_inst/gen_cdc_pntr.wr_pntr_cdc_inst/src_gray_ff_reg[0]} \
          {design_1_i/eth_pump_0/inst/axis_data_fifo_0_0/inst/gen_fifo.xpm_fifo_axis_inst/xpm_fifo_base_inst/gen_cdc_pntr.wr_pntr_cdc_inst/src_gray_ff_reg[10]} \
          {design_1_i/eth_pump_0/inst/axis_data_fifo_0_0/inst/gen_fifo.xpm_fifo_axis_inst/xpm_fifo_base_inst/gen_cdc_pntr.wr_pntr_cdc_inst/src_gray_ff_reg[11]} \
          {design_1_i/eth_pump_0/inst/axis_data_fifo_0_0/inst/gen_fifo.xpm_fifo_axis_inst/xpm_fifo_base_inst/gen_cdc_pntr.wr_pntr_cdc_inst/src_gray_ff_reg[1]} \
          {design_1_i/eth_pump_0/inst/axis_data_fifo_0_0/inst/gen_fifo.xpm_fifo_axis_inst/xpm_fifo_base_inst/gen_cdc_pntr.wr_pntr_cdc_inst/src_gray_ff_reg[2]} \
          {design_1_i/eth_pump_0/inst/axis_data_fifo_0_0/inst/gen_fifo.xpm_fifo_axis_inst/xpm_fifo_base_inst/gen_cdc_pntr.wr_pntr_cdc_inst/src_gray_ff_reg[3]} \
          {design_1_i/eth_pump_0/inst/axis_data_fifo_0_0/inst/gen_fifo.xpm_fifo_axis_inst/xpm_fifo_base_inst/gen_cdc_pntr.wr_pntr_cdc_inst/src_gray_ff_reg[4]} \
          {design_1_i/eth_pump_0/inst/axis_data_fifo_0_0/inst/gen_fifo.xpm_fifo_axis_inst/xpm_fifo_base_inst/gen_cdc_pntr.wr_pntr_cdc_inst/src_gray_ff_reg[5]} \
          {design_1_i/eth_pump_0/inst/axis_data_fifo_0_0/inst/gen_fifo.xpm_fifo_axis_inst/xpm_fifo_base_inst/gen_cdc_pntr.wr_pntr_cdc_inst/src_gray_ff_reg[6]} \
          {design_1_i/eth_pump_0/inst/axis_data_fifo_0_0/inst/gen_fifo.xpm_fifo_axis_inst/xpm_fifo_base_inst/gen_cdc_pntr.wr_pntr_cdc_inst/src_gray_ff_reg[7]} \
          {design_1_i/eth_pump_0/inst/axis_data_fifo_0_0/inst/gen_fifo.xpm_fifo_axis_inst/xpm_fifo_base_inst/gen_cdc_pntr.wr_pntr_cdc_inst/src_gray_ff_reg[8]} \
          {design_1_i/eth_pump_0/inst/axis_data_fifo_0_0/inst/gen_fifo.xpm_fifo_axis_inst/xpm_fifo_base_inst/gen_cdc_pntr.wr_pntr_cdc_inst/src_gray_ff_reg[9]}]]
                                              [get_cells [list {design_1_i/eth_pump_0/inst/axis_data_fifo_0_0/inst/gen_fifo.xpm_fifo_axis_inst/xpm_fifo_base_inst/gen_cdc_pntr.wr_pntr_cdc_inst/dest_graysync_ff_reg[0][0]} \
          {design_1_i/eth_pump_0/inst/axis_data_fifo_0_0/inst/gen_fifo.xpm_fifo_axis_inst/xpm_fifo_base_inst/gen_cdc_pntr.wr_pntr_cdc_inst/dest_graysync_ff_reg[0][10]} \
          {design_1_i/eth_pump_0/inst/axis_data_fifo_0_0/inst/gen_fifo.xpm_fifo_axis_inst/xpm_fifo_base_inst/gen_cdc_pntr.wr_pntr_cdc_inst/dest_graysync_ff_reg[0][11]} \
          {design_1_i/eth_pump_0/inst/axis_data_fifo_0_0/inst/gen_fifo.xpm_fifo_axis_inst/xpm_fifo_base_inst/gen_cdc_pntr.wr_pntr_cdc_inst/dest_graysync_ff_reg[0][1]} \
          {design_1_i/eth_pump_0/inst/axis_data_fifo_0_0/inst/gen_fifo.xpm_fifo_axis_inst/xpm_fifo_base_inst/gen_cdc_pntr.wr_pntr_cdc_inst/dest_graysync_ff_reg[0][2]} \
          {design_1_i/eth_pump_0/inst/axis_data_fifo_0_0/inst/gen_fifo.xpm_fifo_axis_inst/xpm_fifo_base_inst/gen_cdc_pntr.wr_pntr_cdc_inst/dest_graysync_ff_reg[0][3]} \
          {design_1_i/eth_pump_0/inst/axis_data_fifo_0_0/inst/gen_fifo.xpm_fifo_axis_inst/xpm_fifo_base_inst/gen_cdc_pntr.wr_pntr_cdc_inst/dest_graysync_ff_reg[0][4]} \
          {design_1_i/eth_pump_0/inst/axis_data_fifo_0_0/inst/gen_fifo.xpm_fifo_axis_inst/xpm_fifo_base_inst/gen_cdc_pntr.wr_pntr_cdc_inst/dest_graysync_ff_reg[0][5]} \
          {design_1_i/eth_pump_0/inst/axis_data_fifo_0_0/inst/gen_fifo.xpm_fifo_axis_inst/xpm_fifo_base_inst/gen_cdc_pntr.wr_pntr_cdc_inst/dest_graysync_ff_reg[0][6]} \
          {design_1_i/eth_pump_0/inst/axis_data_fifo_0_0/inst/gen_fifo.xpm_fifo_axis_inst/xpm_fifo_base_inst/gen_cdc_pntr.wr_pntr_cdc_inst/dest_graysync_ff_reg[0][7]} \
          {design_1_i/eth_pump_0/inst/axis_data_fifo_0_0/inst/gen_fifo.xpm_fifo_axis_inst/xpm_fifo_base_inst/gen_cdc_pntr.wr_pntr_cdc_inst/dest_graysync_ff_reg[0][8]} \
          {design_1_i/eth_pump_0/inst/axis_data_fifo_0_0/inst/gen_fifo.xpm_fifo_axis_inst/xpm_fifo_base_inst/gen_cdc_pntr.wr_pntr_cdc_inst/dest_graysync_ff_reg[0][9]}]]
                                                                              Fast              5.425       0.633      4.792
11  182       [get_cells [list {design_1_i/modem_0/inst/modem_rx/RX_phy_sub/xcorr_main_lite_sub/axis_fifo_downsamp_sub0/inst/gen_fifo.xpm_fifo_axis_inst/xpm_fifo_base_inst/gen_cdc_pntr.rd_pntr_cdc_inst/src_gray_ff_reg[0]} \
          {design_1_i/modem_0/inst/modem_rx/RX_phy_sub/xcorr_main_lite_sub/axis_fifo_downsamp_sub0/inst/gen_fifo.xpm_fifo_axis_inst/xpm_fifo_base_inst/gen_cdc_pntr.rd_pntr_cdc_inst/src_gray_ff_reg[10]} \
          {design_1_i/modem_0/inst/modem_rx/RX_phy_sub/xcorr_main_lite_sub/axis_fifo_downsamp_sub0/inst/gen_fifo.xpm_fifo_axis_inst/xpm_fifo_base_inst/gen_cdc_pntr.rd_pntr_cdc_inst/src_gray_ff_reg[1]} \
          {design_1_i/modem_0/inst/modem_rx/RX_phy_sub/xcorr_main_lite_sub/axis_fifo_downsamp_sub0/inst/gen_fifo.xpm_fifo_axis_inst/xpm_fifo_base_inst/gen_cdc_pntr.rd_pntr_cdc_inst/src_gray_ff_reg[2]} \
          {design_1_i/modem_0/inst/modem_rx/RX_phy_sub/xcorr_main_lite_sub/axis_fifo_downsamp_sub0/inst/gen_fifo.xpm_fifo_axis_inst/xpm_fifo_base_inst/gen_cdc_pntr.rd_pntr_cdc_inst/src_gray_ff_reg[3]} \
          {design_1_i/modem_0/inst/modem_rx/RX_phy_sub/xcorr_main_lite_sub/axis_fifo_downsamp_sub0/inst/gen_fifo.xpm_fifo_axis_inst/xpm_fifo_base_inst/gen_cdc_pntr.rd_pntr_cdc_inst/src_gray_ff_reg[4]} \
          {design_1_i/modem_0/inst/modem_rx/RX_phy_sub/xcorr_main_lite_sub/axis_fifo_downsamp_sub0/inst/gen_fifo.xpm_fifo_axis_inst/xpm_fifo_base_inst/gen_cdc_pntr.rd_pntr_cdc_inst/src_gray_ff_reg[5]} \
          {design_1_i/modem_0/inst/modem_rx/RX_phy_sub/xcorr_main_lite_sub/axis_fifo_downsamp_sub0/inst/gen_fifo.xpm_fifo_axis_inst/xpm_fifo_base_inst/gen_cdc_pntr.rd_pntr_cdc_inst/src_gray_ff_reg[6]} \
          {design_1_i/modem_0/inst/modem_rx/RX_phy_sub/xcorr_main_lite_sub/axis_fifo_downsamp_sub0/inst/gen_fifo.xpm_fifo_axis_inst/xpm_fifo_base_inst/gen_cdc_pntr.rd_pntr_cdc_inst/src_gray_ff_reg[7]} \
          {design_1_i/modem_0/inst/modem_rx/RX_phy_sub/xcorr_main_lite_sub/axis_fifo_downsamp_sub0/inst/gen_fifo.xpm_fifo_axis_inst/xpm_fifo_base_inst/gen_cdc_pntr.rd_pntr_cdc_inst/src_gray_ff_reg[8]} \
          {design_1_i/modem_0/inst/modem_rx/RX_phy_sub/xcorr_main_lite_sub/axis_fifo_downsamp_sub0/inst/gen_fifo.xpm_fifo_axis_inst/xpm_fifo_base_inst/gen_cdc_pntr.rd_pntr_cdc_inst/src_gray_ff_reg[9]}]]
                                              [get_cells [list {design_1_i/modem_0/inst/modem_rx/RX_phy_sub/xcorr_main_lite_sub/axis_fifo_downsamp_sub0/inst/gen_fifo.xpm_fifo_axis_inst/xpm_fifo_base_inst/gen_cdc_pntr.rd_pntr_cdc_inst/dest_graysync_ff_reg[0][0]} \
          {design_1_i/modem_0/inst/modem_rx/RX_phy_sub/xcorr_main_lite_sub/axis_fifo_downsamp_sub0/inst/gen_fifo.xpm_fifo_axis_inst/xpm_fifo_base_inst/gen_cdc_pntr.rd_pntr_cdc_inst/dest_graysync_ff_reg[0][10]} \
          {design_1_i/modem_0/inst/modem_rx/RX_phy_sub/xcorr_main_lite_sub/axis_fifo_downsamp_sub0/inst/gen_fifo.xpm_fifo_axis_inst/xpm_fifo_base_inst/gen_cdc_pntr.rd_pntr_cdc_inst/dest_graysync_ff_reg[0][1]} \
          {design_1_i/modem_0/inst/modem_rx/RX_phy_sub/xcorr_main_lite_sub/axis_fifo_downsamp_sub0/inst/gen_fifo.xpm_fifo_axis_inst/xpm_fifo_base_inst/gen_cdc_pntr.rd_pntr_cdc_inst/dest_graysync_ff_reg[0][2]} \
          {design_1_i/modem_0/inst/modem_rx/RX_phy_sub/xcorr_main_lite_sub/axis_fifo_downsamp_sub0/inst/gen_fifo.xpm_fifo_axis_inst/xpm_fifo_base_inst/gen_cdc_pntr.rd_pntr_cdc_inst/dest_graysync_ff_reg[0][3]} \
          {design_1_i/modem_0/inst/modem_rx/RX_phy_sub/xcorr_main_lite_sub/axis_fifo_downsamp_sub0/inst/gen_fifo.xpm_fifo_axis_inst/xpm_fifo_base_inst/gen_cdc_pntr.rd_pntr_cdc_inst/dest_graysync_ff_reg[0][4]} \
          {design_1_i/modem_0/inst/modem_rx/RX_phy_sub/xcorr_main_lite_sub/axis_fifo_downsamp_sub0/inst/gen_fifo.xpm_fifo_axis_inst/xpm_fifo_base_inst/gen_cdc_pntr.rd_pntr_cdc_inst/dest_graysync_ff_reg[0][5]} \
          {design_1_i/modem_0/inst/modem_rx/RX_phy_sub/xcorr_main_lite_sub/axis_fifo_downsamp_sub0/inst/gen_fifo.xpm_fifo_axis_inst/xpm_fifo_base_inst/gen_cdc_pntr.rd_pntr_cdc_inst/dest_graysync_ff_reg[0][6]} \
          {design_1_i/modem_0/inst/modem_rx/RX_phy_sub/xcorr_main_lite_sub/axis_fifo_downsamp_sub0/inst/gen_fifo.xpm_fifo_axis_inst/xpm_fifo_base_inst/gen_cdc_pntr.rd_pntr_cdc_inst/dest_graysync_ff_reg[0][7]} \
          {design_1_i/modem_0/inst/modem_rx/RX_phy_sub/xcorr_main_lite_sub/axis_fifo_downsamp_sub0/inst/gen_fifo.xpm_fifo_axis_inst/xpm_fifo_base_inst/gen_cdc_pntr.rd_pntr_cdc_inst/dest_graysync_ff_reg[0][8]} \
          {design_1_i/modem_0/inst/modem_rx/RX_phy_sub/xcorr_main_lite_sub/axis_fifo_downsamp_sub0/inst/gen_fifo.xpm_fifo_axis_inst/xpm_fifo_base_inst/gen_cdc_pntr.rd_pntr_cdc_inst/dest_graysync_ff_reg[0][9]}]]
                                                                              Slow              3.617       0.849      2.768
12  184       [get_cells [list {design_1_i/modem_0/inst/modem_rx/RX_phy_sub/xcorr_main_lite_sub/axis_fifo_downsamp_sub0/inst/gen_fifo.xpm_fifo_axis_inst/xpm_fifo_base_inst/gen_cdc_pntr.wr_pntr_cdc_inst/src_gray_ff_reg[0]} \
          {design_1_i/modem_0/inst/modem_rx/RX_phy_sub/xcorr_main_lite_sub/axis_fifo_downsamp_sub0/inst/gen_fifo.xpm_fifo_axis_inst/xpm_fifo_base_inst/gen_cdc_pntr.wr_pntr_cdc_inst/src_gray_ff_reg[10]} \
          {design_1_i/modem_0/inst/modem_rx/RX_phy_sub/xcorr_main_lite_sub/axis_fifo_downsamp_sub0/inst/gen_fifo.xpm_fifo_axis_inst/xpm_fifo_base_inst/gen_cdc_pntr.wr_pntr_cdc_inst/src_gray_ff_reg[1]} \
          {design_1_i/modem_0/inst/modem_rx/RX_phy_sub/xcorr_main_lite_sub/axis_fifo_downsamp_sub0/inst/gen_fifo.xpm_fifo_axis_inst/xpm_fifo_base_inst/gen_cdc_pntr.wr_pntr_cdc_inst/src_gray_ff_reg[2]} \
          {design_1_i/modem_0/inst/modem_rx/RX_phy_sub/xcorr_main_lite_sub/axis_fifo_downsamp_sub0/inst/gen_fifo.xpm_fifo_axis_inst/xpm_fifo_base_inst/gen_cdc_pntr.wr_pntr_cdc_inst/src_gray_ff_reg[3]} \
          {design_1_i/modem_0/inst/modem_rx/RX_phy_sub/xcorr_main_lite_sub/axis_fifo_downsamp_sub0/inst/gen_fifo.xpm_fifo_axis_inst/xpm_fifo_base_inst/gen_cdc_pntr.wr_pntr_cdc_inst/src_gray_ff_reg[4]} \
          {design_1_i/modem_0/inst/modem_rx/RX_phy_sub/xcorr_main_lite_sub/axis_fifo_downsamp_sub0/inst/gen_fifo.xpm_fifo_axis_inst/xpm_fifo_base_inst/gen_cdc_pntr.wr_pntr_cdc_inst/src_gray_ff_reg[5]} \
          {design_1_i/modem_0/inst/modem_rx/RX_phy_sub/xcorr_main_lite_sub/axis_fifo_downsamp_sub0/inst/gen_fifo.xpm_fifo_axis_inst/xpm_fifo_base_inst/gen_cdc_pntr.wr_pntr_cdc_inst/src_gray_ff_reg[6]} \
          {design_1_i/modem_0/inst/modem_rx/RX_phy_sub/xcorr_main_lite_sub/axis_fifo_downsamp_sub0/inst/gen_fifo.xpm_fifo_axis_inst/xpm_fifo_base_inst/gen_cdc_pntr.wr_pntr_cdc_inst/src_gray_ff_reg[7]} \
          {design_1_i/modem_0/inst/modem_rx/RX_phy_sub/xcorr_main_lite_sub/axis_fifo_downsamp_sub0/inst/gen_fifo.xpm_fifo_axis_inst/xpm_fifo_base_inst/gen_cdc_pntr.wr_pntr_cdc_inst/src_gray_ff_reg[8]} \
          {design_1_i/modem_0/inst/modem_rx/RX_phy_sub/xcorr_main_lite_sub/axis_fifo_downsamp_sub0/inst/gen_fifo.xpm_fifo_axis_inst/xpm_fifo_base_inst/gen_cdc_pntr.wr_pntr_cdc_inst/src_gray_ff_reg[9]}]]
                                              [get_cells [list {design_1_i/modem_0/inst/modem_rx/RX_phy_sub/xcorr_main_lite_sub/axis_fifo_downsamp_sub0/inst/gen_fifo.xpm_fifo_axis_inst/xpm_fifo_base_inst/gen_cdc_pntr.wr_pntr_cdc_inst/dest_graysync_ff_reg[0][0]} \
          {design_1_i/modem_0/inst/modem_rx/RX_phy_sub/xcorr_main_lite_sub/axis_fifo_downsamp_sub0/inst/gen_fifo.xpm_fifo_axis_inst/xpm_fifo_base_inst/gen_cdc_pntr.wr_pntr_cdc_inst/dest_graysync_ff_reg[0][10]} \
          {design_1_i/modem_0/inst/modem_rx/RX_phy_sub/xcorr_main_lite_sub/axis_fifo_downsamp_sub0/inst/gen_fifo.xpm_fifo_axis_inst/xpm_fifo_base_inst/gen_cdc_pntr.wr_pntr_cdc_inst/dest_graysync_ff_reg[0][1]} \
          {design_1_i/modem_0/inst/modem_rx/RX_phy_sub/xcorr_main_lite_sub/axis_fifo_downsamp_sub0/inst/gen_fifo.xpm_fifo_axis_inst/xpm_fifo_base_inst/gen_cdc_pntr.wr_pntr_cdc_inst/dest_graysync_ff_reg[0][2]} \
          {design_1_i/modem_0/inst/modem_rx/RX_phy_sub/xcorr_main_lite_sub/axis_fifo_downsamp_sub0/inst/gen_fifo.xpm_fifo_axis_inst/xpm_fifo_base_inst/gen_cdc_pntr.wr_pntr_cdc_inst/dest_graysync_ff_reg[0][3]} \
          {design_1_i/modem_0/inst/modem_rx/RX_phy_sub/xcorr_main_lite_sub/axis_fifo_downsamp_sub0/inst/gen_fifo.xpm_fifo_axis_inst/xpm_fifo_base_inst/gen_cdc_pntr.wr_pntr_cdc_inst/dest_graysync_ff_reg[0][4]} \
          {design_1_i/modem_0/inst/modem_rx/RX_phy_sub/xcorr_main_lite_sub/axis_fifo_downsamp_sub0/inst/gen_fifo.xpm_fifo_axis_inst/xpm_fifo_base_inst/gen_cdc_pntr.wr_pntr_cdc_inst/dest_graysync_ff_reg[0][5]} \
          {design_1_i/modem_0/inst/modem_rx/RX_phy_sub/xcorr_main_lite_sub/axis_fifo_downsamp_sub0/inst/gen_fifo.xpm_fifo_axis_inst/xpm_fifo_base_inst/gen_cdc_pntr.wr_pntr_cdc_inst/dest_graysync_ff_reg[0][6]} \
          {design_1_i/modem_0/inst/modem_rx/RX_phy_sub/xcorr_main_lite_sub/axis_fifo_downsamp_sub0/inst/gen_fifo.xpm_fifo_axis_inst/xpm_fifo_base_inst/gen_cdc_pntr.wr_pntr_cdc_inst/dest_graysync_ff_reg[0][7]} \
          {design_1_i/modem_0/inst/modem_rx/RX_phy_sub/xcorr_main_lite_sub/axis_fifo_downsamp_sub0/inst/gen_fifo.xpm_fifo_axis_inst/xpm_fifo_base_inst/gen_cdc_pntr.wr_pntr_cdc_inst/dest_graysync_ff_reg[0][8]} \
          {design_1_i/modem_0/inst/modem_rx/RX_phy_sub/xcorr_main_lite_sub/axis_fifo_downsamp_sub0/inst/gen_fifo.xpm_fifo_axis_inst/xpm_fifo_base_inst/gen_cdc_pntr.wr_pntr_cdc_inst/dest_graysync_ff_reg[0][9]}]]
                                                                              Slow              3.617       0.858      2.759
13  190       [get_cells [list {design_1_i/AXI_Peripheral/AXI_C2C/inst/master_fpga_gen.axi_chip2chip_master_inst/axi_chip2chip_r_fifo_inst/axi_chip2chip_async_fifo_inst/xpm_fifo_async_inst/gnuram_async_fifo.xpm_fifo_base_inst/gen_cdc_pntr.wr_pntr_cdc_inst/src_gray_ff_reg[0]} {design_1_i/AXI_Peripheral/AXI_C2C/inst/master_fpga_gen.axi_chip2chip_master_inst/axi_chip2chip_r_fifo_inst/axi_chip2chip_async_fifo_inst/xpm_fifo_async_inst/gnuram_async_fifo.xpm_fifo_base_inst/gen_cdc_pntr.wr_pntr_cdc_inst/src_gray_ff_reg[1]} {design_1_i/AXI_Peripheral/AXI_C2C/inst/master_fpga_gen.axi_chip2chip_master_inst/axi_chip2chip_r_fifo_inst/axi_chip2chip_async_fifo_inst/xpm_fifo_async_inst/gnuram_async_fifo.xpm_fifo_base_inst/gen_cdc_pntr.wr_pntr_cdc_inst/src_gray_ff_reg[2]} {design_1_i/AXI_Peripheral/AXI_C2C/inst/master_fpga_gen.axi_chip2chip_master_inst/axi_chip2chip_r_fifo_inst/axi_chip2chip_async_fifo_inst/xpm_fifo_async_inst/gnuram_async_fifo.xpm_fifo_base_inst/gen_cdc_pntr.wr_pntr_cdc_inst/src_gray_ff_reg[3]} {design_1_i/AXI_Peripheral/AXI_C2C/inst/master_fpga_gen.axi_chip2chip_master_inst/axi_chip2chip_r_fifo_inst/axi_chip2chip_async_fifo_inst/xpm_fifo_async_inst/gnuram_async_fifo.xpm_fifo_base_inst/gen_cdc_pntr.wr_pntr_cdc_inst/src_gray_ff_reg[4]} {design_1_i/AXI_Peripheral/AXI_C2C/inst/master_fpga_gen.axi_chip2chip_master_inst/axi_chip2chip_r_fifo_inst/axi_chip2chip_async_fifo_inst/xpm_fifo_async_inst/gnuram_async_fifo.xpm_fifo_base_inst/gen_cdc_pntr.wr_pntr_cdc_inst/src_gray_ff_reg[5]} {design_1_i/AXI_Peripheral/AXI_C2C/inst/master_fpga_gen.axi_chip2chip_master_inst/axi_chip2chip_r_fifo_inst/axi_chip2chip_async_fifo_inst/xpm_fifo_async_inst/gnuram_async_fifo.xpm_fifo_base_inst/gen_cdc_pntr.wr_pntr_cdc_inst/src_gray_ff_reg[6]} {design_1_i/AXI_Peripheral/AXI_C2C/inst/master_fpga_gen.axi_chip2chip_master_inst/axi_chip2chip_r_fifo_inst/axi_chip2chip_async_fifo_inst/xpm_fifo_async_inst/gnuram_async_fifo.xpm_fifo_base_inst/gen_cdc_pntr.wr_pntr_cdc_inst/src_gray_ff_reg[7]} {design_1_i/AXI_Peripheral/AXI_C2C/inst/master_fpga_gen.axi_chip2chip_master_inst/axi_chip2chip_r_fifo_inst/axi_chip2chip_async_fifo_inst/xpm_fifo_async_inst/gnuram_async_fifo.xpm_fifo_base_inst/gen_cdc_pntr.wr_pntr_cdc_inst/src_gray_ff_reg[8]}]]
                                              [get_cells [list {design_1_i/AXI_Peripheral/AXI_C2C/inst/master_fpga_gen.axi_chip2chip_master_inst/axi_chip2chip_r_fifo_inst/axi_chip2chip_async_fifo_inst/xpm_fifo_async_inst/gnuram_async_fifo.xpm_fifo_base_inst/gen_cdc_pntr.wr_pntr_cdc_inst/dest_graysync_ff_reg[0][0]} {design_1_i/AXI_Peripheral/AXI_C2C/inst/master_fpga_gen.axi_chip2chip_master_inst/axi_chip2chip_r_fifo_inst/axi_chip2chip_async_fifo_inst/xpm_fifo_async_inst/gnuram_async_fifo.xpm_fifo_base_inst/gen_cdc_pntr.wr_pntr_cdc_inst/dest_graysync_ff_reg[0][1]} {design_1_i/AXI_Peripheral/AXI_C2C/inst/master_fpga_gen.axi_chip2chip_master_inst/axi_chip2chip_r_fifo_inst/axi_chip2chip_async_fifo_inst/xpm_fifo_async_inst/gnuram_async_fifo.xpm_fifo_base_inst/gen_cdc_pntr.wr_pntr_cdc_inst/dest_graysync_ff_reg[0][2]} {design_1_i/AXI_Peripheral/AXI_C2C/inst/master_fpga_gen.axi_chip2chip_master_inst/axi_chip2chip_r_fifo_inst/axi_chip2chip_async_fifo_inst/xpm_fifo_async_inst/gnuram_async_fifo.xpm_fifo_base_inst/gen_cdc_pntr.wr_pntr_cdc_inst/dest_graysync_ff_reg[0][3]} {design_1_i/AXI_Peripheral/AXI_C2C/inst/master_fpga_gen.axi_chip2chip_master_inst/axi_chip2chip_r_fifo_inst/axi_chip2chip_async_fifo_inst/xpm_fifo_async_inst/gnuram_async_fifo.xpm_fifo_base_inst/gen_cdc_pntr.wr_pntr_cdc_inst/dest_graysync_ff_reg[0][4]} {design_1_i/AXI_Peripheral/AXI_C2C/inst/master_fpga_gen.axi_chip2chip_master_inst/axi_chip2chip_r_fifo_inst/axi_chip2chip_async_fifo_inst/xpm_fifo_async_inst/gnuram_async_fifo.xpm_fifo_base_inst/gen_cdc_pntr.wr_pntr_cdc_inst/dest_graysync_ff_reg[0][5]} {design_1_i/AXI_Peripheral/AXI_C2C/inst/master_fpga_gen.axi_chip2chip_master_inst/axi_chip2chip_r_fifo_inst/axi_chip2chip_async_fifo_inst/xpm_fifo_async_inst/gnuram_async_fifo.xpm_fifo_base_inst/gen_cdc_pntr.wr_pntr_cdc_inst/dest_graysync_ff_reg[0][6]} {design_1_i/AXI_Peripheral/AXI_C2C/inst/master_fpga_gen.axi_chip2chip_master_inst/axi_chip2chip_r_fifo_inst/axi_chip2chip_async_fifo_inst/xpm_fifo_async_inst/gnuram_async_fifo.xpm_fifo_base_inst/gen_cdc_pntr.wr_pntr_cdc_inst/dest_graysync_ff_reg[0][7]} {design_1_i/AXI_Peripheral/AXI_C2C/inst/master_fpga_gen.axi_chip2chip_master_inst/axi_chip2chip_r_fifo_inst/axi_chip2chip_async_fifo_inst/xpm_fifo_async_inst/gnuram_async_fifo.xpm_fifo_base_inst/gen_cdc_pntr.wr_pntr_cdc_inst/dest_graysync_ff_reg[0][8]}]]
                                                                              Slow             10.000       0.700      9.300
14  192       [get_cells [list {design_1_i/AXI_Peripheral/AXI_C2C/inst/master_fpga_gen.axi_chip2chip_master_inst/axi_chip2chip_r_fifo_inst/axi_chip2chip_async_fifo_inst/xpm_fifo_async_inst/gnuram_async_fifo.xpm_fifo_base_inst/gen_cdc_pntr.rd_pntr_cdc_inst/src_gray_ff_reg[0]} {design_1_i/AXI_Peripheral/AXI_C2C/inst/master_fpga_gen.axi_chip2chip_master_inst/axi_chip2chip_r_fifo_inst/axi_chip2chip_async_fifo_inst/xpm_fifo_async_inst/gnuram_async_fifo.xpm_fifo_base_inst/gen_cdc_pntr.rd_pntr_cdc_inst/src_gray_ff_reg[1]} {design_1_i/AXI_Peripheral/AXI_C2C/inst/master_fpga_gen.axi_chip2chip_master_inst/axi_chip2chip_r_fifo_inst/axi_chip2chip_async_fifo_inst/xpm_fifo_async_inst/gnuram_async_fifo.xpm_fifo_base_inst/gen_cdc_pntr.rd_pntr_cdc_inst/src_gray_ff_reg[2]} {design_1_i/AXI_Peripheral/AXI_C2C/inst/master_fpga_gen.axi_chip2chip_master_inst/axi_chip2chip_r_fifo_inst/axi_chip2chip_async_fifo_inst/xpm_fifo_async_inst/gnuram_async_fifo.xpm_fifo_base_inst/gen_cdc_pntr.rd_pntr_cdc_inst/src_gray_ff_reg[3]} {design_1_i/AXI_Peripheral/AXI_C2C/inst/master_fpga_gen.axi_chip2chip_master_inst/axi_chip2chip_r_fifo_inst/axi_chip2chip_async_fifo_inst/xpm_fifo_async_inst/gnuram_async_fifo.xpm_fifo_base_inst/gen_cdc_pntr.rd_pntr_cdc_inst/src_gray_ff_reg[4]} {design_1_i/AXI_Peripheral/AXI_C2C/inst/master_fpga_gen.axi_chip2chip_master_inst/axi_chip2chip_r_fifo_inst/axi_chip2chip_async_fifo_inst/xpm_fifo_async_inst/gnuram_async_fifo.xpm_fifo_base_inst/gen_cdc_pntr.rd_pntr_cdc_inst/src_gray_ff_reg[5]} {design_1_i/AXI_Peripheral/AXI_C2C/inst/master_fpga_gen.axi_chip2chip_master_inst/axi_chip2chip_r_fifo_inst/axi_chip2chip_async_fifo_inst/xpm_fifo_async_inst/gnuram_async_fifo.xpm_fifo_base_inst/gen_cdc_pntr.rd_pntr_cdc_inst/src_gray_ff_reg[6]} {design_1_i/AXI_Peripheral/AXI_C2C/inst/master_fpga_gen.axi_chip2chip_master_inst/axi_chip2chip_r_fifo_inst/axi_chip2chip_async_fifo_inst/xpm_fifo_async_inst/gnuram_async_fifo.xpm_fifo_base_inst/gen_cdc_pntr.rd_pntr_cdc_inst/src_gray_ff_reg[7]} {design_1_i/AXI_Peripheral/AXI_C2C/inst/master_fpga_gen.axi_chip2chip_master_inst/axi_chip2chip_r_fifo_inst/axi_chip2chip_async_fifo_inst/xpm_fifo_async_inst/gnuram_async_fifo.xpm_fifo_base_inst/gen_cdc_pntr.rd_pntr_cdc_inst/src_gray_ff_reg[8]}]]
                                              [get_cells [list {design_1_i/AXI_Peripheral/AXI_C2C/inst/master_fpga_gen.axi_chip2chip_master_inst/axi_chip2chip_r_fifo_inst/axi_chip2chip_async_fifo_inst/xpm_fifo_async_inst/gnuram_async_fifo.xpm_fifo_base_inst/gen_cdc_pntr.rd_pntr_cdc_inst/dest_graysync_ff_reg[0][0]} {design_1_i/AXI_Peripheral/AXI_C2C/inst/master_fpga_gen.axi_chip2chip_master_inst/axi_chip2chip_r_fifo_inst/axi_chip2chip_async_fifo_inst/xpm_fifo_async_inst/gnuram_async_fifo.xpm_fifo_base_inst/gen_cdc_pntr.rd_pntr_cdc_inst/dest_graysync_ff_reg[0][1]} {design_1_i/AXI_Peripheral/AXI_C2C/inst/master_fpga_gen.axi_chip2chip_master_inst/axi_chip2chip_r_fifo_inst/axi_chip2chip_async_fifo_inst/xpm_fifo_async_inst/gnuram_async_fifo.xpm_fifo_base_inst/gen_cdc_pntr.rd_pntr_cdc_inst/dest_graysync_ff_reg[0][2]} {design_1_i/AXI_Peripheral/AXI_C2C/inst/master_fpga_gen.axi_chip2chip_master_inst/axi_chip2chip_r_fifo_inst/axi_chip2chip_async_fifo_inst/xpm_fifo_async_inst/gnuram_async_fifo.xpm_fifo_base_inst/gen_cdc_pntr.rd_pntr_cdc_inst/dest_graysync_ff_reg[0][3]} {design_1_i/AXI_Peripheral/AXI_C2C/inst/master_fpga_gen.axi_chip2chip_master_inst/axi_chip2chip_r_fifo_inst/axi_chip2chip_async_fifo_inst/xpm_fifo_async_inst/gnuram_async_fifo.xpm_fifo_base_inst/gen_cdc_pntr.rd_pntr_cdc_inst/dest_graysync_ff_reg[0][4]} {design_1_i/AXI_Peripheral/AXI_C2C/inst/master_fpga_gen.axi_chip2chip_master_inst/axi_chip2chip_r_fifo_inst/axi_chip2chip_async_fifo_inst/xpm_fifo_async_inst/gnuram_async_fifo.xpm_fifo_base_inst/gen_cdc_pntr.rd_pntr_cdc_inst/dest_graysync_ff_reg[0][5]} {design_1_i/AXI_Peripheral/AXI_C2C/inst/master_fpga_gen.axi_chip2chip_master_inst/axi_chip2chip_r_fifo_inst/axi_chip2chip_async_fifo_inst/xpm_fifo_async_inst/gnuram_async_fifo.xpm_fifo_base_inst/gen_cdc_pntr.rd_pntr_cdc_inst/dest_graysync_ff_reg[0][6]} {design_1_i/AXI_Peripheral/AXI_C2C/inst/master_fpga_gen.axi_chip2chip_master_inst/axi_chip2chip_r_fifo_inst/axi_chip2chip_async_fifo_inst/xpm_fifo_async_inst/gnuram_async_fifo.xpm_fifo_base_inst/gen_cdc_pntr.rd_pntr_cdc_inst/dest_graysync_ff_reg[0][7]} {design_1_i/AXI_Peripheral/AXI_C2C/inst/master_fpga_gen.axi_chip2chip_master_inst/axi_chip2chip_r_fifo_inst/axi_chip2chip_async_fifo_inst/xpm_fifo_async_inst/gnuram_async_fifo.xpm_fifo_base_inst/gen_cdc_pntr.rd_pntr_cdc_inst/dest_graysync_ff_reg[0][8]}]]
                                                                              Slow             10.000       0.926      9.074
15  198       [get_cells [list {design_1_i/modem_0/inst/modem_rx/axis_data_fifo_fhy_defec_sub/inst/gen_fifo.xpm_fifo_axis_inst/xpm_fifo_base_inst/gen_cdc_pntr.rd_pntr_cdc_inst/src_gray_ff_reg[0]} {design_1_i/modem_0/inst/modem_rx/axis_data_fifo_fhy_defec_sub/inst/gen_fifo.xpm_fifo_axis_inst/xpm_fifo_base_inst/gen_cdc_pntr.rd_pntr_cdc_inst/src_gray_ff_reg[1]} {design_1_i/modem_0/inst/modem_rx/axis_data_fifo_fhy_defec_sub/inst/gen_fifo.xpm_fifo_axis_inst/xpm_fifo_base_inst/gen_cdc_pntr.rd_pntr_cdc_inst/src_gray_ff_reg[2]} {design_1_i/modem_0/inst/modem_rx/axis_data_fifo_fhy_defec_sub/inst/gen_fifo.xpm_fifo_axis_inst/xpm_fifo_base_inst/gen_cdc_pntr.rd_pntr_cdc_inst/src_gray_ff_reg[3]}]]
                                              [get_cells [list {design_1_i/modem_0/inst/modem_rx/axis_data_fifo_fhy_defec_sub/inst/gen_fifo.xpm_fifo_axis_inst/xpm_fifo_base_inst/gen_cdc_pntr.rd_pntr_cdc_inst/dest_graysync_ff_reg[0][0]} {design_1_i/modem_0/inst/modem_rx/axis_data_fifo_fhy_defec_sub/inst/gen_fifo.xpm_fifo_axis_inst/xpm_fifo_base_inst/gen_cdc_pntr.rd_pntr_cdc_inst/dest_graysync_ff_reg[0][1]} {design_1_i/modem_0/inst/modem_rx/axis_data_fifo_fhy_defec_sub/inst/gen_fifo.xpm_fifo_axis_inst/xpm_fifo_base_inst/gen_cdc_pntr.rd_pntr_cdc_inst/dest_graysync_ff_reg[0][2]} {design_1_i/modem_0/inst/modem_rx/axis_data_fifo_fhy_defec_sub/inst/gen_fifo.xpm_fifo_axis_inst/xpm_fifo_base_inst/gen_cdc_pntr.rd_pntr_cdc_inst/dest_graysync_ff_reg[0][3]}]]
                                                                              Slow              3.617       0.698      2.919
16  200       [get_cells [list {design_1_i/AXI_Peripheral/AXI_C2C/inst/axi_lite_slave_gen.axi_chip2chip_lite_slave_inst/axi_chip2chip_lite_slave_rx_fifo/axi_chip2chip_async_fifo_inst/xpm_fifo_async_inst/gnuram_async_fifo.xpm_fifo_base_inst/gen_cdc_pntr.wr_pntr_cdc_inst/src_gray_ff_reg[0]} {design_1_i/AXI_Peripheral/AXI_C2C/inst/axi_lite_slave_gen.axi_chip2chip_lite_slave_inst/axi_chip2chip_lite_slave_rx_fifo/axi_chip2chip_async_fifo_inst/xpm_fifo_async_inst/gnuram_async_fifo.xpm_fifo_base_inst/gen_cdc_pntr.wr_pntr_cdc_inst/src_gray_ff_reg[1]} {design_1_i/AXI_Peripheral/AXI_C2C/inst/axi_lite_slave_gen.axi_chip2chip_lite_slave_inst/axi_chip2chip_lite_slave_rx_fifo/axi_chip2chip_async_fifo_inst/xpm_fifo_async_inst/gnuram_async_fifo.xpm_fifo_base_inst/gen_cdc_pntr.wr_pntr_cdc_inst/src_gray_ff_reg[2]} {design_1_i/AXI_Peripheral/AXI_C2C/inst/axi_lite_slave_gen.axi_chip2chip_lite_slave_inst/axi_chip2chip_lite_slave_rx_fifo/axi_chip2chip_async_fifo_inst/xpm_fifo_async_inst/gnuram_async_fifo.xpm_fifo_base_inst/gen_cdc_pntr.wr_pntr_cdc_inst/src_gray_ff_reg[3]}]]
                                              [get_cells [list {design_1_i/AXI_Peripheral/AXI_C2C/inst/axi_lite_slave_gen.axi_chip2chip_lite_slave_inst/axi_chip2chip_lite_slave_rx_fifo/axi_chip2chip_async_fifo_inst/xpm_fifo_async_inst/gnuram_async_fifo.xpm_fifo_base_inst/gen_cdc_pntr.wr_pntr_cdc_inst/dest_graysync_ff_reg[0][0]} {design_1_i/AXI_Peripheral/AXI_C2C/inst/axi_lite_slave_gen.axi_chip2chip_lite_slave_inst/axi_chip2chip_lite_slave_rx_fifo/axi_chip2chip_async_fifo_inst/xpm_fifo_async_inst/gnuram_async_fifo.xpm_fifo_base_inst/gen_cdc_pntr.wr_pntr_cdc_inst/dest_graysync_ff_reg[0][1]} {design_1_i/AXI_Peripheral/AXI_C2C/inst/axi_lite_slave_gen.axi_chip2chip_lite_slave_inst/axi_chip2chip_lite_slave_rx_fifo/axi_chip2chip_async_fifo_inst/xpm_fifo_async_inst/gnuram_async_fifo.xpm_fifo_base_inst/gen_cdc_pntr.wr_pntr_cdc_inst/dest_graysync_ff_reg[0][2]} {design_1_i/AXI_Peripheral/AXI_C2C/inst/axi_lite_slave_gen.axi_chip2chip_lite_slave_inst/axi_chip2chip_lite_slave_rx_fifo/axi_chip2chip_async_fifo_inst/xpm_fifo_async_inst/gnuram_async_fifo.xpm_fifo_base_inst/gen_cdc_pntr.wr_pntr_cdc_inst/dest_graysync_ff_reg[0][3]}]]
                                                                              Slow             10.000       0.696      9.304
17  202       [get_cells [list {design_1_i/AXI_Peripheral/AXI_C2C/inst/axi_lite_slave_gen.axi_chip2chip_lite_slave_inst/axi_chip2chip_lite_slave_rx_fifo/axi_chip2chip_async_fifo_inst/xpm_fifo_async_inst/gnuram_async_fifo.xpm_fifo_base_inst/gen_cdc_pntr.rd_pntr_cdc_inst/src_gray_ff_reg[0]} {design_1_i/AXI_Peripheral/AXI_C2C/inst/axi_lite_slave_gen.axi_chip2chip_lite_slave_inst/axi_chip2chip_lite_slave_rx_fifo/axi_chip2chip_async_fifo_inst/xpm_fifo_async_inst/gnuram_async_fifo.xpm_fifo_base_inst/gen_cdc_pntr.rd_pntr_cdc_inst/src_gray_ff_reg[1]} {design_1_i/AXI_Peripheral/AXI_C2C/inst/axi_lite_slave_gen.axi_chip2chip_lite_slave_inst/axi_chip2chip_lite_slave_rx_fifo/axi_chip2chip_async_fifo_inst/xpm_fifo_async_inst/gnuram_async_fifo.xpm_fifo_base_inst/gen_cdc_pntr.rd_pntr_cdc_inst/src_gray_ff_reg[2]} {design_1_i/AXI_Peripheral/AXI_C2C/inst/axi_lite_slave_gen.axi_chip2chip_lite_slave_inst/axi_chip2chip_lite_slave_rx_fifo/axi_chip2chip_async_fifo_inst/xpm_fifo_async_inst/gnuram_async_fifo.xpm_fifo_base_inst/gen_cdc_pntr.rd_pntr_cdc_inst/src_gray_ff_reg[3]}]]
                                              [get_cells [list {design_1_i/AXI_Peripheral/AXI_C2C/inst/axi_lite_slave_gen.axi_chip2chip_lite_slave_inst/axi_chip2chip_lite_slave_rx_fifo/axi_chip2chip_async_fifo_inst/xpm_fifo_async_inst/gnuram_async_fifo.xpm_fifo_base_inst/gen_cdc_pntr.rd_pntr_cdc_inst/dest_graysync_ff_reg[0][0]} {design_1_i/AXI_Peripheral/AXI_C2C/inst/axi_lite_slave_gen.axi_chip2chip_lite_slave_inst/axi_chip2chip_lite_slave_rx_fifo/axi_chip2chip_async_fifo_inst/xpm_fifo_async_inst/gnuram_async_fifo.xpm_fifo_base_inst/gen_cdc_pntr.rd_pntr_cdc_inst/dest_graysync_ff_reg[0][1]} {design_1_i/AXI_Peripheral/AXI_C2C/inst/axi_lite_slave_gen.axi_chip2chip_lite_slave_inst/axi_chip2chip_lite_slave_rx_fifo/axi_chip2chip_async_fifo_inst/xpm_fifo_async_inst/gnuram_async_fifo.xpm_fifo_base_inst/gen_cdc_pntr.rd_pntr_cdc_inst/dest_graysync_ff_reg[0][2]} {design_1_i/AXI_Peripheral/AXI_C2C/inst/axi_lite_slave_gen.axi_chip2chip_lite_slave_inst/axi_chip2chip_lite_slave_rx_fifo/axi_chip2chip_async_fifo_inst/xpm_fifo_async_inst/gnuram_async_fifo.xpm_fifo_base_inst/gen_cdc_pntr.rd_pntr_cdc_inst/dest_graysync_ff_reg[0][3]}]]
                                                                              Slow             10.000       0.829      9.171
18  204       [get_cells [list {design_1_i/modem_0/inst/modem_rx/axis_data_fifo_fhy_defec_sub/inst/gen_fifo.xpm_fifo_axis_inst/xpm_fifo_base_inst/gen_cdc_pntr.wr_pntr_cdc_inst/src_gray_ff_reg[0]} {design_1_i/modem_0/inst/modem_rx/axis_data_fifo_fhy_defec_sub/inst/gen_fifo.xpm_fifo_axis_inst/xpm_fifo_base_inst/gen_cdc_pntr.wr_pntr_cdc_inst/src_gray_ff_reg[1]} {design_1_i/modem_0/inst/modem_rx/axis_data_fifo_fhy_defec_sub/inst/gen_fifo.xpm_fifo_axis_inst/xpm_fifo_base_inst/gen_cdc_pntr.wr_pntr_cdc_inst/src_gray_ff_reg[2]} {design_1_i/modem_0/inst/modem_rx/axis_data_fifo_fhy_defec_sub/inst/gen_fifo.xpm_fifo_axis_inst/xpm_fifo_base_inst/gen_cdc_pntr.wr_pntr_cdc_inst/src_gray_ff_reg[3]}]]
                                              [get_cells [list {design_1_i/modem_0/inst/modem_rx/axis_data_fifo_fhy_defec_sub/inst/gen_fifo.xpm_fifo_axis_inst/xpm_fifo_base_inst/gen_cdc_pntr.wr_pntr_cdc_inst/dest_graysync_ff_reg[0][0]} {design_1_i/modem_0/inst/modem_rx/axis_data_fifo_fhy_defec_sub/inst/gen_fifo.xpm_fifo_axis_inst/xpm_fifo_base_inst/gen_cdc_pntr.wr_pntr_cdc_inst/dest_graysync_ff_reg[0][1]} {design_1_i/modem_0/inst/modem_rx/axis_data_fifo_fhy_defec_sub/inst/gen_fifo.xpm_fifo_axis_inst/xpm_fifo_base_inst/gen_cdc_pntr.wr_pntr_cdc_inst/dest_graysync_ff_reg[0][2]} {design_1_i/modem_0/inst/modem_rx/axis_data_fifo_fhy_defec_sub/inst/gen_fifo.xpm_fifo_axis_inst/xpm_fifo_base_inst/gen_cdc_pntr.wr_pntr_cdc_inst/dest_graysync_ff_reg[0][3]}]]
                                                                              Slow              3.617       0.560      3.057
19  314       [get_cells [list {dbg_hub/inst/BSCANID.u_xsdbm_id/CORE_XSDB.UUT_MASTER/U_ICON_INTERFACE/U_CMD6_RD/U_RD_FIFO/SUBCORE_FIFO.xsdbm_v3_0_0_rdfifo_inst/inst_fifo_gen/gconvfifo.rf/grf.rf/gntv_or_sync_fifo.gcx.clkx/gnxpm_cdc.rd_pntr_gc_reg[0]} {dbg_hub/inst/BSCANID.u_xsdbm_id/CORE_XSDB.UUT_MASTER/U_ICON_INTERFACE/U_CMD6_RD/U_RD_FIFO/SUBCORE_FIFO.xsdbm_v3_0_0_rdfifo_inst/inst_fifo_gen/gconvfifo.rf/grf.rf/gntv_or_sync_fifo.gcx.clkx/gnxpm_cdc.rd_pntr_gc_reg[1]} {dbg_hub/inst/BSCANID.u_xsdbm_id/CORE_XSDB.UUT_MASTER/U_ICON_INTERFACE/U_CMD6_RD/U_RD_FIFO/SUBCORE_FIFO.xsdbm_v3_0_0_rdfifo_inst/inst_fifo_gen/gconvfifo.rf/grf.rf/gntv_or_sync_fifo.gcx.clkx/gnxpm_cdc.rd_pntr_gc_reg[2]} {dbg_hub/inst/BSCANID.u_xsdbm_id/CORE_XSDB.UUT_MASTER/U_ICON_INTERFACE/U_CMD6_RD/U_RD_FIFO/SUBCORE_FIFO.xsdbm_v3_0_0_rdfifo_inst/inst_fifo_gen/gconvfifo.rf/grf.rf/gntv_or_sync_fifo.gcx.clkx/gnxpm_cdc.rd_pntr_gc_reg[3]}]]
                                              [get_cells [list {dbg_hub/inst/BSCANID.u_xsdbm_id/CORE_XSDB.UUT_MASTER/U_ICON_INTERFACE/U_CMD6_RD/U_RD_FIFO/SUBCORE_FIFO.xsdbm_v3_0_0_rdfifo_inst/inst_fifo_gen/gconvfifo.rf/grf.rf/gntv_or_sync_fifo.gcx.clkx/gnxpm_cdc.gsync_stage[1].wr_stg_inst/Q_reg_reg[0]} {dbg_hub/inst/BSCANID.u_xsdbm_id/CORE_XSDB.UUT_MASTER/U_ICON_INTERFACE/U_CMD6_RD/U_RD_FIFO/SUBCORE_FIFO.xsdbm_v3_0_0_rdfifo_inst/inst_fifo_gen/gconvfifo.rf/grf.rf/gntv_or_sync_fifo.gcx.clkx/gnxpm_cdc.gsync_stage[1].wr_stg_inst/Q_reg_reg[1]} {dbg_hub/inst/BSCANID.u_xsdbm_id/CORE_XSDB.UUT_MASTER/U_ICON_INTERFACE/U_CMD6_RD/U_RD_FIFO/SUBCORE_FIFO.xsdbm_v3_0_0_rdfifo_inst/inst_fifo_gen/gconvfifo.rf/grf.rf/gntv_or_sync_fifo.gcx.clkx/gnxpm_cdc.gsync_stage[1].wr_stg_inst/Q_reg_reg[2]} {dbg_hub/inst/BSCANID.u_xsdbm_id/CORE_XSDB.UUT_MASTER/U_ICON_INTERFACE/U_CMD6_RD/U_RD_FIFO/SUBCORE_FIFO.xsdbm_v3_0_0_rdfifo_inst/inst_fifo_gen/gconvfifo.rf/grf.rf/gntv_or_sync_fifo.gcx.clkx/gnxpm_cdc.gsync_stage[1].wr_stg_inst/Q_reg_reg[3]}]]
                                                                              Slow             32.552       0.693     31.859
20  316       [get_cells [list {dbg_hub/inst/BSCANID.u_xsdbm_id/CORE_XSDB.UUT_MASTER/U_ICON_INTERFACE/U_CMD6_RD/U_RD_FIFO/SUBCORE_FIFO.xsdbm_v3_0_0_rdfifo_inst/inst_fifo_gen/gconvfifo.rf/grf.rf/gntv_or_sync_fifo.gcx.clkx/gnxpm_cdc.wr_pntr_gc_reg[0]} {dbg_hub/inst/BSCANID.u_xsdbm_id/CORE_XSDB.UUT_MASTER/U_ICON_INTERFACE/U_CMD6_RD/U_RD_FIFO/SUBCORE_FIFO.xsdbm_v3_0_0_rdfifo_inst/inst_fifo_gen/gconvfifo.rf/grf.rf/gntv_or_sync_fifo.gcx.clkx/gnxpm_cdc.wr_pntr_gc_reg[1]} {dbg_hub/inst/BSCANID.u_xsdbm_id/CORE_XSDB.UUT_MASTER/U_ICON_INTERFACE/U_CMD6_RD/U_RD_FIFO/SUBCORE_FIFO.xsdbm_v3_0_0_rdfifo_inst/inst_fifo_gen/gconvfifo.rf/grf.rf/gntv_or_sync_fifo.gcx.clkx/gnxpm_cdc.wr_pntr_gc_reg[2]} {dbg_hub/inst/BSCANID.u_xsdbm_id/CORE_XSDB.UUT_MASTER/U_ICON_INTERFACE/U_CMD6_RD/U_RD_FIFO/SUBCORE_FIFO.xsdbm_v3_0_0_rdfifo_inst/inst_fifo_gen/gconvfifo.rf/grf.rf/gntv_or_sync_fifo.gcx.clkx/gnxpm_cdc.wr_pntr_gc_reg[3]}]]
                                              [get_cells [list {dbg_hub/inst/BSCANID.u_xsdbm_id/CORE_XSDB.UUT_MASTER/U_ICON_INTERFACE/U_CMD6_RD/U_RD_FIFO/SUBCORE_FIFO.xsdbm_v3_0_0_rdfifo_inst/inst_fifo_gen/gconvfifo.rf/grf.rf/gntv_or_sync_fifo.gcx.clkx/gnxpm_cdc.gsync_stage[1].rd_stg_inst/Q_reg_reg[0]} {dbg_hub/inst/BSCANID.u_xsdbm_id/CORE_XSDB.UUT_MASTER/U_ICON_INTERFACE/U_CMD6_RD/U_RD_FIFO/SUBCORE_FIFO.xsdbm_v3_0_0_rdfifo_inst/inst_fifo_gen/gconvfifo.rf/grf.rf/gntv_or_sync_fifo.gcx.clkx/gnxpm_cdc.gsync_stage[1].rd_stg_inst/Q_reg_reg[1]} {dbg_hub/inst/BSCANID.u_xsdbm_id/CORE_XSDB.UUT_MASTER/U_ICON_INTERFACE/U_CMD6_RD/U_RD_FIFO/SUBCORE_FIFO.xsdbm_v3_0_0_rdfifo_inst/inst_fifo_gen/gconvfifo.rf/grf.rf/gntv_or_sync_fifo.gcx.clkx/gnxpm_cdc.gsync_stage[1].rd_stg_inst/Q_reg_reg[2]} {dbg_hub/inst/BSCANID.u_xsdbm_id/CORE_XSDB.UUT_MASTER/U_ICON_INTERFACE/U_CMD6_RD/U_RD_FIFO/SUBCORE_FIFO.xsdbm_v3_0_0_rdfifo_inst/inst_fifo_gen/gconvfifo.rf/grf.rf/gntv_or_sync_fifo.gcx.clkx/gnxpm_cdc.gsync_stage[1].rd_stg_inst/Q_reg_reg[3]}]]
                                                                              Slow             32.552       0.790     31.762
21  319       [get_cells [list {dbg_hub/inst/BSCANID.u_xsdbm_id/CORE_XSDB.UUT_MASTER/U_ICON_INTERFACE/U_CMD6_WR/U_WR_FIFO/SUBCORE_FIFO.xsdbm_v3_0_0_wrfifo_inst/inst_fifo_gen/gconvfifo.rf/grf.rf/gntv_or_sync_fifo.gcx.clkx/gnxpm_cdc.rd_pntr_gc_reg[0]} {dbg_hub/inst/BSCANID.u_xsdbm_id/CORE_XSDB.UUT_MASTER/U_ICON_INTERFACE/U_CMD6_WR/U_WR_FIFO/SUBCORE_FIFO.xsdbm_v3_0_0_wrfifo_inst/inst_fifo_gen/gconvfifo.rf/grf.rf/gntv_or_sync_fifo.gcx.clkx/gnxpm_cdc.rd_pntr_gc_reg[1]} {dbg_hub/inst/BSCANID.u_xsdbm_id/CORE_XSDB.UUT_MASTER/U_ICON_INTERFACE/U_CMD6_WR/U_WR_FIFO/SUBCORE_FIFO.xsdbm_v3_0_0_wrfifo_inst/inst_fifo_gen/gconvfifo.rf/grf.rf/gntv_or_sync_fifo.gcx.clkx/gnxpm_cdc.rd_pntr_gc_reg[2]} {dbg_hub/inst/BSCANID.u_xsdbm_id/CORE_XSDB.UUT_MASTER/U_ICON_INTERFACE/U_CMD6_WR/U_WR_FIFO/SUBCORE_FIFO.xsdbm_v3_0_0_wrfifo_inst/inst_fifo_gen/gconvfifo.rf/grf.rf/gntv_or_sync_fifo.gcx.clkx/gnxpm_cdc.rd_pntr_gc_reg[3]}]]
                                              [get_cells [list {dbg_hub/inst/BSCANID.u_xsdbm_id/CORE_XSDB.UUT_MASTER/U_ICON_INTERFACE/U_CMD6_WR/U_WR_FIFO/SUBCORE_FIFO.xsdbm_v3_0_0_wrfifo_inst/inst_fifo_gen/gconvfifo.rf/grf.rf/gntv_or_sync_fifo.gcx.clkx/gnxpm_cdc.gsync_stage[1].wr_stg_inst/Q_reg_reg[0]} {dbg_hub/inst/BSCANID.u_xsdbm_id/CORE_XSDB.UUT_MASTER/U_ICON_INTERFACE/U_CMD6_WR/U_WR_FIFO/SUBCORE_FIFO.xsdbm_v3_0_0_wrfifo_inst/inst_fifo_gen/gconvfifo.rf/grf.rf/gntv_or_sync_fifo.gcx.clkx/gnxpm_cdc.gsync_stage[1].wr_stg_inst/Q_reg_reg[1]} {dbg_hub/inst/BSCANID.u_xsdbm_id/CORE_XSDB.UUT_MASTER/U_ICON_INTERFACE/U_CMD6_WR/U_WR_FIFO/SUBCORE_FIFO.xsdbm_v3_0_0_wrfifo_inst/inst_fifo_gen/gconvfifo.rf/grf.rf/gntv_or_sync_fifo.gcx.clkx/gnxpm_cdc.gsync_stage[1].wr_stg_inst/Q_reg_reg[2]} {dbg_hub/inst/BSCANID.u_xsdbm_id/CORE_XSDB.UUT_MASTER/U_ICON_INTERFACE/U_CMD6_WR/U_WR_FIFO/SUBCORE_FIFO.xsdbm_v3_0_0_wrfifo_inst/inst_fifo_gen/gconvfifo.rf/grf.rf/gntv_or_sync_fifo.gcx.clkx/gnxpm_cdc.gsync_stage[1].wr_stg_inst/Q_reg_reg[3]}]]
                                                                              Slow             32.552       0.713     31.839
22  321       [get_cells [list {dbg_hub/inst/BSCANID.u_xsdbm_id/CORE_XSDB.UUT_MASTER/U_ICON_INTERFACE/U_CMD6_WR/U_WR_FIFO/SUBCORE_FIFO.xsdbm_v3_0_0_wrfifo_inst/inst_fifo_gen/gconvfifo.rf/grf.rf/gntv_or_sync_fifo.gcx.clkx/gnxpm_cdc.wr_pntr_gc_reg[0]} {dbg_hub/inst/BSCANID.u_xsdbm_id/CORE_XSDB.UUT_MASTER/U_ICON_INTERFACE/U_CMD6_WR/U_WR_FIFO/SUBCORE_FIFO.xsdbm_v3_0_0_wrfifo_inst/inst_fifo_gen/gconvfifo.rf/grf.rf/gntv_or_sync_fifo.gcx.clkx/gnxpm_cdc.wr_pntr_gc_reg[1]} {dbg_hub/inst/BSCANID.u_xsdbm_id/CORE_XSDB.UUT_MASTER/U_ICON_INTERFACE/U_CMD6_WR/U_WR_FIFO/SUBCORE_FIFO.xsdbm_v3_0_0_wrfifo_inst/inst_fifo_gen/gconvfifo.rf/grf.rf/gntv_or_sync_fifo.gcx.clkx/gnxpm_cdc.wr_pntr_gc_reg[2]} {dbg_hub/inst/BSCANID.u_xsdbm_id/CORE_XSDB.UUT_MASTER/U_ICON_INTERFACE/U_CMD6_WR/U_WR_FIFO/SUBCORE_FIFO.xsdbm_v3_0_0_wrfifo_inst/inst_fifo_gen/gconvfifo.rf/grf.rf/gntv_or_sync_fifo.gcx.clkx/gnxpm_cdc.wr_pntr_gc_reg[3]}]]
                                              [get_cells [list {dbg_hub/inst/BSCANID.u_xsdbm_id/CORE_XSDB.UUT_MASTER/U_ICON_INTERFACE/U_CMD6_WR/U_WR_FIFO/SUBCORE_FIFO.xsdbm_v3_0_0_wrfifo_inst/inst_fifo_gen/gconvfifo.rf/grf.rf/gntv_or_sync_fifo.gcx.clkx/gnxpm_cdc.gsync_stage[1].rd_stg_inst/Q_reg_reg[0]} {dbg_hub/inst/BSCANID.u_xsdbm_id/CORE_XSDB.UUT_MASTER/U_ICON_INTERFACE/U_CMD6_WR/U_WR_FIFO/SUBCORE_FIFO.xsdbm_v3_0_0_wrfifo_inst/inst_fifo_gen/gconvfifo.rf/grf.rf/gntv_or_sync_fifo.gcx.clkx/gnxpm_cdc.gsync_stage[1].rd_stg_inst/Q_reg_reg[1]} {dbg_hub/inst/BSCANID.u_xsdbm_id/CORE_XSDB.UUT_MASTER/U_ICON_INTERFACE/U_CMD6_WR/U_WR_FIFO/SUBCORE_FIFO.xsdbm_v3_0_0_wrfifo_inst/inst_fifo_gen/gconvfifo.rf/grf.rf/gntv_or_sync_fifo.gcx.clkx/gnxpm_cdc.gsync_stage[1].rd_stg_inst/Q_reg_reg[2]} {dbg_hub/inst/BSCANID.u_xsdbm_id/CORE_XSDB.UUT_MASTER/U_ICON_INTERFACE/U_CMD6_WR/U_WR_FIFO/SUBCORE_FIFO.xsdbm_v3_0_0_wrfifo_inst/inst_fifo_gen/gconvfifo.rf/grf.rf/gntv_or_sync_fifo.gcx.clkx/gnxpm_cdc.gsync_stage[1].rd_stg_inst/Q_reg_reg[3]}]]
                                                                              Slow             32.552       0.623     31.929


2. Bus Skew Report Per Constraint
---------------------------------

Id: 1
set_bus_skew -from [get_cells [list {design_1_i/AXI_Peripheral/AXI_C2C/inst/master_fpga_gen.axi_chip2chip_master_inst/axi_chip2chip_b_fifo_inst/axi_chip2chip_async_fifo_inst/xpm_fifo_async_inst/gnuram_async_fifo.xpm_fifo_base_inst/gen_cdc_pntr.wr_pntr_cdc_inst/src_gray_ff_reg[0]} {design_1_i/AXI_Peripheral/AXI_C2C/inst/master_fpga_gen.axi_chip2chip_master_inst/axi_chip2chip_b_fifo_inst/axi_chip2chip_async_fifo_inst/xpm_fifo_async_inst/gnuram_async_fifo.xpm_fifo_base_inst/gen_cdc_pntr.wr_pntr_cdc_inst/src_gray_ff_reg[1]} {design_1_i/AXI_Peripheral/AXI_C2C/inst/master_fpga_gen.axi_chip2chip_master_inst/axi_chip2chip_b_fifo_inst/axi_chip2chip_async_fifo_inst/xpm_fifo_async_inst/gnuram_async_fifo.xpm_fifo_base_inst/gen_cdc_pntr.wr_pntr_cdc_inst/src_gray_ff_reg[2]} {design_1_i/AXI_Peripheral/AXI_C2C/inst/master_fpga_gen.axi_chip2chip_master_inst/axi_chip2chip_b_fifo_inst/axi_chip2chip_async_fifo_inst/xpm_fifo_async_inst/gnuram_async_fifo.xpm_fifo_base_inst/gen_cdc_pntr.wr_pntr_cdc_inst/src_gray_ff_reg[3]} {design_1_i/AXI_Peripheral/AXI_C2C/inst/master_fpga_gen.axi_chip2chip_master_inst/axi_chip2chip_b_fifo_inst/axi_chip2chip_async_fifo_inst/xpm_fifo_async_inst/gnuram_async_fifo.xpm_fifo_base_inst/gen_cdc_pntr.wr_pntr_cdc_inst/src_gray_ff_reg[4]} {design_1_i/AXI_Peripheral/AXI_C2C/inst/master_fpga_gen.axi_chip2chip_master_inst/axi_chip2chip_b_fifo_inst/axi_chip2chip_async_fifo_inst/xpm_fifo_async_inst/gnuram_async_fifo.xpm_fifo_base_inst/gen_cdc_pntr.wr_pntr_cdc_inst/src_gray_ff_reg[5]} {design_1_i/AXI_Peripheral/AXI_C2C/inst/master_fpga_gen.axi_chip2chip_master_inst/axi_chip2chip_b_fifo_inst/axi_chip2chip_async_fifo_inst/xpm_fifo_async_inst/gnuram_async_fifo.xpm_fifo_base_inst/gen_cdc_pntr.wr_pntr_cdc_inst/src_gray_ff_reg[6]} {design_1_i/AXI_Peripheral/AXI_C2C/inst/master_fpga_gen.axi_chip2chip_master_inst/axi_chip2chip_b_fifo_inst/axi_chip2chip_async_fifo_inst/xpm_fifo_async_inst/gnuram_async_fifo.xpm_fifo_base_inst/gen_cdc_pntr.wr_pntr_cdc_inst/src_gray_ff_reg[7]}]] -to [get_cells [list {design_1_i/AXI_Peripheral/AXI_C2C/inst/master_fpga_gen.axi_chip2chip_master_inst/axi_chip2chip_b_fifo_inst/axi_chip2chip_async_fifo_inst/xpm_fifo_async_inst/gnuram_async_fifo.xpm_fifo_base_inst/gen_cdc_pntr.wr_pntr_cdc_inst/dest_graysync_ff_reg[0][0]} {design_1_i/AXI_Peripheral/AXI_C2C/inst/master_fpga_gen.axi_chip2chip_master_inst/axi_chip2chip_b_fifo_inst/axi_chip2chip_async_fifo_inst/xpm_fifo_async_inst/gnuram_async_fifo.xpm_fifo_base_inst/gen_cdc_pntr.wr_pntr_cdc_inst/dest_graysync_ff_reg[0][1]} {design_1_i/AXI_Peripheral/AXI_C2C/inst/master_fpga_gen.axi_chip2chip_master_inst/axi_chip2chip_b_fifo_inst/axi_chip2chip_async_fifo_inst/xpm_fifo_async_inst/gnuram_async_fifo.xpm_fifo_base_inst/gen_cdc_pntr.wr_pntr_cdc_inst/dest_graysync_ff_reg[0][2]} {design_1_i/AXI_Peripheral/AXI_C2C/inst/master_fpga_gen.axi_chip2chip_master_inst/axi_chip2chip_b_fifo_inst/axi_chip2chip_async_fifo_inst/xpm_fifo_async_inst/gnuram_async_fifo.xpm_fifo_base_inst/gen_cdc_pntr.wr_pntr_cdc_inst/dest_graysync_ff_reg[0][3]} {design_1_i/AXI_Peripheral/AXI_C2C/inst/master_fpga_gen.axi_chip2chip_master_inst/axi_chip2chip_b_fifo_inst/axi_chip2chip_async_fifo_inst/xpm_fifo_async_inst/gnuram_async_fifo.xpm_fifo_base_inst/gen_cdc_pntr.wr_pntr_cdc_inst/dest_graysync_ff_reg[0][4]} {design_1_i/AXI_Peripheral/AXI_C2C/inst/master_fpga_gen.axi_chip2chip_master_inst/axi_chip2chip_b_fifo_inst/axi_chip2chip_async_fifo_inst/xpm_fifo_async_inst/gnuram_async_fifo.xpm_fifo_base_inst/gen_cdc_pntr.wr_pntr_cdc_inst/dest_graysync_ff_reg[0][5]} {design_1_i/AXI_Peripheral/AXI_C2C/inst/master_fpga_gen.axi_chip2chip_master_inst/axi_chip2chip_b_fifo_inst/axi_chip2chip_async_fifo_inst/xpm_fifo_async_inst/gnuram_async_fifo.xpm_fifo_base_inst/gen_cdc_pntr.wr_pntr_cdc_inst/dest_graysync_ff_reg[0][6]} {design_1_i/AXI_Peripheral/AXI_C2C/inst/master_fpga_gen.axi_chip2chip_master_inst/axi_chip2chip_b_fifo_inst/axi_chip2chip_async_fifo_inst/xpm_fifo_async_inst/gnuram_async_fifo.xpm_fifo_base_inst/gen_cdc_pntr.wr_pntr_cdc_inst/dest_graysync_ff_reg[0][7]}]] 10.000
Requirement: 10.000ns
Endpoints: 8

From Clock            To Clock              Endpoint Pin                    Reference Pin                   Corner  Actual(ns)  Slack(ns)
--------------------  --------------------  ------------------------------  ------------------------------  ------  ----------  ---------
clk_out               axi_periph_clk_design_1_CLK_COMMON_0
                                            design_1_i/AXI_Peripheral/AXI_C2C/inst/master_fpga_gen.axi_chip2chip_master_inst/axi_chip2chip_b_fifo_inst/axi_chip2chip_async_fifo_inst/xpm_fifo_async_inst/gnuram_async_fifo.xpm_fifo_base_inst/gen_cdc_pntr.wr_pntr_cdc_inst/dest_graysync_ff_reg[0][3]/D
                                                                            design_1_i/AXI_Peripheral/AXI_C2C/inst/master_fpga_gen.axi_chip2chip_master_inst/axi_chip2chip_b_fifo_inst/axi_chip2chip_async_fifo_inst/xpm_fifo_async_inst/gnuram_async_fifo.xpm_fifo_base_inst/gen_cdc_pntr.wr_pntr_cdc_inst/dest_graysync_ff_reg[0][0]/D
                                                                                                            Slow         0.734      9.266


Slack (MET) :             9.266ns  (requirement - actual skew)
  Endpoint Source:        design_1_i/AXI_Peripheral/AXI_C2C/inst/master_fpga_gen.axi_chip2chip_master_inst/axi_chip2chip_b_fifo_inst/axi_chip2chip_async_fifo_inst/xpm_fifo_async_inst/gnuram_async_fifo.xpm_fifo_base_inst/gen_cdc_pntr.wr_pntr_cdc_inst/src_gray_ff_reg[3]/C
                            (rising edge-triggered cell FDRE clocked by clk_out)
  Endpoint Destination:   design_1_i/AXI_Peripheral/AXI_C2C/inst/master_fpga_gen.axi_chip2chip_master_inst/axi_chip2chip_b_fifo_inst/axi_chip2chip_async_fifo_inst/xpm_fifo_async_inst/gnuram_async_fifo.xpm_fifo_base_inst/gen_cdc_pntr.wr_pntr_cdc_inst/dest_graysync_ff_reg[0][3]/D
                            (rising edge-triggered cell FDRE clocked by axi_periph_clk_design_1_CLK_COMMON_0)
  Reference Source:       design_1_i/AXI_Peripheral/AXI_C2C/inst/master_fpga_gen.axi_chip2chip_master_inst/axi_chip2chip_b_fifo_inst/axi_chip2chip_async_fifo_inst/xpm_fifo_async_inst/gnuram_async_fifo.xpm_fifo_base_inst/gen_cdc_pntr.wr_pntr_cdc_inst/src_gray_ff_reg[0]/C
                            (rising edge-triggered cell FDRE clocked by clk_out)
  Reference Destination:  design_1_i/AXI_Peripheral/AXI_C2C/inst/master_fpga_gen.axi_chip2chip_master_inst/axi_chip2chip_b_fifo_inst/axi_chip2chip_async_fifo_inst/xpm_fifo_async_inst/gnuram_async_fifo.xpm_fifo_base_inst/gen_cdc_pntr.wr_pntr_cdc_inst/dest_graysync_ff_reg[0][0]/D
                            (rising edge-triggered cell FDRE clocked by axi_periph_clk_design_1_CLK_COMMON_0)
  Path Type:              Bus Skew (Max at Slow Process Corner)
  Requirement:            10.000ns
  Endpoint Relative Delay:    1.517ns
  Reference Relative Delay:   1.891ns
  Relative CRPR:             -0.751ns
  Uncertainty:                0.357ns
  Actual Bus Skew:            0.734ns  (Endpoint Relative Delay - Reference Relative Delay - Relative CRPR + Uncertainty)

Endpoint path:
    Location             Delay type                Incr(ns)  Path(ns)    Netlist Resource(s)
  -------------------------------------------------------------------    -------------------
                         (clock clk_out rise edge)    0.000     0.000 r  
    F23                                               0.000     0.000 r  AXI_TX_CLK_IN (IN)
                         net (fo=0)                   0.000     0.000    design_1_i/AXI_Peripheral/AXI_C2C/inst/master_fpga_gen.axi_chip2chip_master_phy_inst/master_sio_phy.axi_chip2chip_sio_input_inst/axi_chip2chip_clk_gen_inst/axi_c2c_selio_rx_clk_in
    F23                  IBUF (Prop_ibuf_I_O)         1.568     1.568 r  design_1_i/AXI_Peripheral/AXI_C2C/inst/master_fpga_gen.axi_chip2chip_master_phy_inst/master_sio_phy.axi_chip2chip_sio_input_inst/axi_chip2chip_clk_gen_inst/single_end_clk_gen.ibufg_clk_inst/O
                         net (fo=1, routed)           2.536     4.104    design_1_i/AXI_Peripheral/AXI_C2C/inst/master_fpga_gen.axi_chip2chip_master_phy_inst/master_sio_phy.axi_chip2chip_sio_input_inst/axi_chip2chip_clk_gen_inst/clk_in_ibufg
    MMCME2_ADV_X0Y5      MMCME2_ADV (Prop_mmcme2_adv_CLKIN1_CLKOUT0)
                                                     -7.300    -3.196 r  design_1_i/AXI_Peripheral/AXI_C2C/inst/master_fpga_gen.axi_chip2chip_master_phy_inst/master_sio_phy.axi_chip2chip_sio_input_inst/axi_chip2chip_clk_gen_inst/gen_mmcme2.mmcm_adv_inst/CLKOUT0
                         net (fo=1, routed)           1.702    -1.494    design_1_i/AXI_Peripheral/AXI_C2C/inst/master_fpga_gen.axi_chip2chip_master_phy_inst/master_sio_phy.axi_chip2chip_sio_input_inst/axi_chip2chip_clk_gen_inst/clk_out
    BUFGCTRL_X0Y17       BUFG (Prop_bufg_I_O)         0.093    -1.401 r  design_1_i/AXI_Peripheral/AXI_C2C/inst/master_fpga_gen.axi_chip2chip_master_phy_inst/master_sio_phy.axi_chip2chip_sio_input_inst/axi_chip2chip_clk_gen_inst/bufg_inst/O
                         net (fo=854, routed)         1.461     0.060    design_1_i/AXI_Peripheral/AXI_C2C/inst/master_fpga_gen.axi_chip2chip_master_inst/axi_chip2chip_b_fifo_inst/axi_chip2chip_async_fifo_inst/xpm_fifo_async_inst/gnuram_async_fifo.xpm_fifo_base_inst/gen_cdc_pntr.wr_pntr_cdc_inst/src_clk
    SLICE_X11Y129        FDRE                                         r  design_1_i/AXI_Peripheral/AXI_C2C/inst/master_fpga_gen.axi_chip2chip_master_inst/axi_chip2chip_b_fifo_inst/axi_chip2chip_async_fifo_inst/xpm_fifo_async_inst/gnuram_async_fifo.xpm_fifo_base_inst/gen_cdc_pntr.wr_pntr_cdc_inst/src_gray_ff_reg[3]/C
  -------------------------------------------------------------------    -------------------
    SLICE_X11Y129        FDRE (Prop_fdre_C_Q)         0.204     0.264 r  design_1_i/AXI_Peripheral/AXI_C2C/inst/master_fpga_gen.axi_chip2chip_master_inst/axi_chip2chip_b_fifo_inst/axi_chip2chip_async_fifo_inst/xpm_fifo_async_inst/gnuram_async_fifo.xpm_fifo_base_inst/gen_cdc_pntr.wr_pntr_cdc_inst/src_gray_ff_reg[3]/Q
                         net (fo=1, routed)           0.304     0.568    design_1_i/AXI_Peripheral/AXI_C2C/inst/master_fpga_gen.axi_chip2chip_master_inst/axi_chip2chip_b_fifo_inst/axi_chip2chip_async_fifo_inst/xpm_fifo_async_inst/gnuram_async_fifo.xpm_fifo_base_inst/gen_cdc_pntr.wr_pntr_cdc_inst/async_path[3]
    SLICE_X11Y127        FDRE                                         r  design_1_i/AXI_Peripheral/AXI_C2C/inst/master_fpga_gen.axi_chip2chip_master_inst/axi_chip2chip_b_fifo_inst/axi_chip2chip_async_fifo_inst/xpm_fifo_async_inst/gnuram_async_fifo.xpm_fifo_base_inst/gen_cdc_pntr.wr_pntr_cdc_inst/dest_graysync_ff_reg[0][3]/D
  -------------------------------------------------------------------    -------------------

                         (clock axi_periph_clk_design_1_CLK_COMMON_0 rise edge)
                                                      0.000     0.000 r  
    F22                                               0.000     0.000 r  FPGA_REF_40MHZ (IN)
                         net (fo=0)                   0.000     0.000    design_1_i/CLK_AXI/ibuf_0/inst/in_ref
    F22                  IBUF (Prop_ibuf_I_O)         1.436     1.436 r  design_1_i/CLK_AXI/ibuf_0/inst/IBUF_inst/O
                         net (fo=2, routed)           1.051     2.487    design_1_i/CLK_AXI/CLK_COMMON/inst/clk_in1
    MMCME2_ADV_X0Y1      MMCME2_ADV (Prop_mmcme2_adv_CLKIN1_CLKOUT1)
                                                     -6.771    -4.284 r  design_1_i/CLK_AXI/CLK_COMMON/inst/mmcm_adv_inst/CLKOUT1
                         net (fo=1, routed)           2.017    -2.267    design_1_i/CLK_AXI/CLK_COMMON/inst/axi_periph_clk_design_1_CLK_COMMON_0
    BUFGCTRL_X0Y1        BUFG (Prop_bufg_I_O)         0.083    -2.184 r  design_1_i/CLK_AXI/CLK_COMMON/inst/clkout2_buf/O
                         net (fo=13477, routed)       1.324    -0.860    design_1_i/AXI_Peripheral/AXI_C2C/inst/master_fpga_gen.axi_chip2chip_master_inst/axi_chip2chip_b_fifo_inst/axi_chip2chip_async_fifo_inst/xpm_fifo_async_inst/gnuram_async_fifo.xpm_fifo_base_inst/gen_cdc_pntr.wr_pntr_cdc_inst/dest_clk
    SLICE_X11Y127        FDRE                                         r  design_1_i/AXI_Peripheral/AXI_C2C/inst/master_fpga_gen.axi_chip2chip_master_inst/axi_chip2chip_b_fifo_inst/axi_chip2chip_async_fifo_inst/xpm_fifo_async_inst/gnuram_async_fifo.xpm_fifo_base_inst/gen_cdc_pntr.wr_pntr_cdc_inst/dest_graysync_ff_reg[0][3]/C
                         clock pessimism              0.000    -0.860    
    SLICE_X11Y127        FDRE (Setup_fdre_C_D)       -0.089    -0.949    design_1_i/AXI_Peripheral/AXI_C2C/inst/master_fpga_gen.axi_chip2chip_master_inst/axi_chip2chip_b_fifo_inst/axi_chip2chip_async_fifo_inst/xpm_fifo_async_inst/gnuram_async_fifo.xpm_fifo_base_inst/gen_cdc_pntr.wr_pntr_cdc_inst/dest_graysync_ff_reg[0][3]
  -------------------------------------------------------------------
                         data arrival                           0.568    
                         clock arrival                         -0.949    
  -------------------------------------------------------------------
                         relative delay                         1.517    

Reference path:
    Location             Delay type                Incr(ns)  Path(ns)    Netlist Resource(s)
  -------------------------------------------------------------------    -------------------
                         (clock clk_out rise edge)    0.000     0.000 r  
    F23                                               0.000     0.000 r  AXI_TX_CLK_IN (IN)
                         net (fo=0)                   0.000     0.000    design_1_i/AXI_Peripheral/AXI_C2C/inst/master_fpga_gen.axi_chip2chip_master_phy_inst/master_sio_phy.axi_chip2chip_sio_input_inst/axi_chip2chip_clk_gen_inst/axi_c2c_selio_rx_clk_in
    F23                  IBUF (Prop_ibuf_I_O)         1.435     1.435 r  design_1_i/AXI_Peripheral/AXI_C2C/inst/master_fpga_gen.axi_chip2chip_master_phy_inst/master_sio_phy.axi_chip2chip_sio_input_inst/axi_chip2chip_clk_gen_inst/single_end_clk_gen.ibufg_clk_inst/O
                         net (fo=1, routed)           2.053     3.488    design_1_i/AXI_Peripheral/AXI_C2C/inst/master_fpga_gen.axi_chip2chip_master_phy_inst/master_sio_phy.axi_chip2chip_sio_input_inst/axi_chip2chip_clk_gen_inst/clk_in_ibufg
    MMCME2_ADV_X0Y5      MMCME2_ADV (Prop_mmcme2_adv_CLKIN1_CLKOUT0)
                                                     -6.225    -2.737 r  design_1_i/AXI_Peripheral/AXI_C2C/inst/master_fpga_gen.axi_chip2chip_master_phy_inst/master_sio_phy.axi_chip2chip_sio_input_inst/axi_chip2chip_clk_gen_inst/gen_mmcme2.mmcm_adv_inst/CLKOUT0
                         net (fo=1, routed)           1.570    -1.167    design_1_i/AXI_Peripheral/AXI_C2C/inst/master_fpga_gen.axi_chip2chip_master_phy_inst/master_sio_phy.axi_chip2chip_sio_input_inst/axi_chip2chip_clk_gen_inst/clk_out
    BUFGCTRL_X0Y17       BUFG (Prop_bufg_I_O)         0.083    -1.084 r  design_1_i/AXI_Peripheral/AXI_C2C/inst/master_fpga_gen.axi_chip2chip_master_phy_inst/master_sio_phy.axi_chip2chip_sio_input_inst/axi_chip2chip_clk_gen_inst/bufg_inst/O
                         net (fo=854, routed)         1.329     0.245    design_1_i/AXI_Peripheral/AXI_C2C/inst/master_fpga_gen.axi_chip2chip_master_inst/axi_chip2chip_b_fifo_inst/axi_chip2chip_async_fifo_inst/xpm_fifo_async_inst/gnuram_async_fifo.xpm_fifo_base_inst/gen_cdc_pntr.wr_pntr_cdc_inst/src_clk
    SLICE_X11Y129        FDRE                                         r  design_1_i/AXI_Peripheral/AXI_C2C/inst/master_fpga_gen.axi_chip2chip_master_inst/axi_chip2chip_b_fifo_inst/axi_chip2chip_async_fifo_inst/xpm_fifo_async_inst/gnuram_async_fifo.xpm_fifo_base_inst/gen_cdc_pntr.wr_pntr_cdc_inst/src_gray_ff_reg[0]/C
  -------------------------------------------------------------------    -------------------
    SLICE_X11Y129        FDRE (Prop_fdre_C_Q)         0.178     0.423 r  design_1_i/AXI_Peripheral/AXI_C2C/inst/master_fpga_gen.axi_chip2chip_master_inst/axi_chip2chip_b_fifo_inst/axi_chip2chip_async_fifo_inst/xpm_fifo_async_inst/gnuram_async_fifo.xpm_fifo_base_inst/gen_cdc_pntr.wr_pntr_cdc_inst/src_gray_ff_reg[0]/Q
                         net (fo=1, routed)           0.239     0.662    design_1_i/AXI_Peripheral/AXI_C2C/inst/master_fpga_gen.axi_chip2chip_master_inst/axi_chip2chip_b_fifo_inst/axi_chip2chip_async_fifo_inst/xpm_fifo_async_inst/gnuram_async_fifo.xpm_fifo_base_inst/gen_cdc_pntr.wr_pntr_cdc_inst/async_path[0]
    SLICE_X8Y128         FDRE                                         r  design_1_i/AXI_Peripheral/AXI_C2C/inst/master_fpga_gen.axi_chip2chip_master_inst/axi_chip2chip_b_fifo_inst/axi_chip2chip_async_fifo_inst/xpm_fifo_async_inst/gnuram_async_fifo.xpm_fifo_base_inst/gen_cdc_pntr.wr_pntr_cdc_inst/dest_graysync_ff_reg[0][0]/D
  -------------------------------------------------------------------    -------------------

                         (clock axi_periph_clk_design_1_CLK_COMMON_0 rise edge)
                                                      0.000     0.000 r  
    F22                                               0.000     0.000 r  FPGA_REF_40MHZ (IN)
                         net (fo=0)                   0.000     0.000    design_1_i/CLK_AXI/ibuf_0/inst/in_ref
    F22                  IBUF (Prop_ibuf_I_O)         1.568     1.568 r  design_1_i/CLK_AXI/ibuf_0/inst/IBUF_inst/O
                         net (fo=2, routed)           1.157     2.725    design_1_i/CLK_AXI/CLK_COMMON/inst/clk_in1
    MMCME2_ADV_X0Y1      MMCME2_ADV (Prop_mmcme2_adv_CLKIN1_CLKOUT1)
                                                     -7.799    -5.074 r  design_1_i/CLK_AXI/CLK_COMMON/inst/mmcm_adv_inst/CLKOUT1
                         net (fo=1, routed)           2.143    -2.931    design_1_i/CLK_AXI/CLK_COMMON/inst/axi_periph_clk_design_1_CLK_COMMON_0
    BUFGCTRL_X0Y1        BUFG (Prop_bufg_I_O)         0.093    -2.838 r  design_1_i/CLK_AXI/CLK_COMMON/inst/clkout2_buf/O
                         net (fo=13477, routed)       1.457    -1.381    design_1_i/AXI_Peripheral/AXI_C2C/inst/master_fpga_gen.axi_chip2chip_master_inst/axi_chip2chip_b_fifo_inst/axi_chip2chip_async_fifo_inst/xpm_fifo_async_inst/gnuram_async_fifo.xpm_fifo_base_inst/gen_cdc_pntr.wr_pntr_cdc_inst/dest_clk
    SLICE_X8Y128         FDRE                                         r  design_1_i/AXI_Peripheral/AXI_C2C/inst/master_fpga_gen.axi_chip2chip_master_inst/axi_chip2chip_b_fifo_inst/axi_chip2chip_async_fifo_inst/xpm_fifo_async_inst/gnuram_async_fifo.xpm_fifo_base_inst/gen_cdc_pntr.wr_pntr_cdc_inst/dest_graysync_ff_reg[0][0]/C
                         clock pessimism              0.000    -1.381    
    SLICE_X8Y128         FDRE (Hold_fdre_C_D)         0.152    -1.229    design_1_i/AXI_Peripheral/AXI_C2C/inst/master_fpga_gen.axi_chip2chip_master_inst/axi_chip2chip_b_fifo_inst/axi_chip2chip_async_fifo_inst/xpm_fifo_async_inst/gnuram_async_fifo.xpm_fifo_base_inst/gen_cdc_pntr.wr_pntr_cdc_inst/dest_graysync_ff_reg[0][0]
  -------------------------------------------------------------------
                         data arrival                           0.662    
                         clock arrival                         -1.229    
  -------------------------------------------------------------------
                         relative delay                         1.891    



Id: 2
set_bus_skew -from [get_cells [list {design_1_i/AXI_Peripheral/AXI_C2C/inst/master_fpga_gen.axi_chip2chip_master_inst/axi_chip2chip_b_fifo_inst/axi_chip2chip_async_fifo_inst/xpm_fifo_async_inst/gnuram_async_fifo.xpm_fifo_base_inst/gen_cdc_pntr.rd_pntr_cdc_inst/src_gray_ff_reg[0]} {design_1_i/AXI_Peripheral/AXI_C2C/inst/master_fpga_gen.axi_chip2chip_master_inst/axi_chip2chip_b_fifo_inst/axi_chip2chip_async_fifo_inst/xpm_fifo_async_inst/gnuram_async_fifo.xpm_fifo_base_inst/gen_cdc_pntr.rd_pntr_cdc_inst/src_gray_ff_reg[1]} {design_1_i/AXI_Peripheral/AXI_C2C/inst/master_fpga_gen.axi_chip2chip_master_inst/axi_chip2chip_b_fifo_inst/axi_chip2chip_async_fifo_inst/xpm_fifo_async_inst/gnuram_async_fifo.xpm_fifo_base_inst/gen_cdc_pntr.rd_pntr_cdc_inst/src_gray_ff_reg[2]} {design_1_i/AXI_Peripheral/AXI_C2C/inst/master_fpga_gen.axi_chip2chip_master_inst/axi_chip2chip_b_fifo_inst/axi_chip2chip_async_fifo_inst/xpm_fifo_async_inst/gnuram_async_fifo.xpm_fifo_base_inst/gen_cdc_pntr.rd_pntr_cdc_inst/src_gray_ff_reg[3]} {design_1_i/AXI_Peripheral/AXI_C2C/inst/master_fpga_gen.axi_chip2chip_master_inst/axi_chip2chip_b_fifo_inst/axi_chip2chip_async_fifo_inst/xpm_fifo_async_inst/gnuram_async_fifo.xpm_fifo_base_inst/gen_cdc_pntr.rd_pntr_cdc_inst/src_gray_ff_reg[4]} {design_1_i/AXI_Peripheral/AXI_C2C/inst/master_fpga_gen.axi_chip2chip_master_inst/axi_chip2chip_b_fifo_inst/axi_chip2chip_async_fifo_inst/xpm_fifo_async_inst/gnuram_async_fifo.xpm_fifo_base_inst/gen_cdc_pntr.rd_pntr_cdc_inst/src_gray_ff_reg[5]} {design_1_i/AXI_Peripheral/AXI_C2C/inst/master_fpga_gen.axi_chip2chip_master_inst/axi_chip2chip_b_fifo_inst/axi_chip2chip_async_fifo_inst/xpm_fifo_async_inst/gnuram_async_fifo.xpm_fifo_base_inst/gen_cdc_pntr.rd_pntr_cdc_inst/src_gray_ff_reg[6]} {design_1_i/AXI_Peripheral/AXI_C2C/inst/master_fpga_gen.axi_chip2chip_master_inst/axi_chip2chip_b_fifo_inst/axi_chip2chip_async_fifo_inst/xpm_fifo_async_inst/gnuram_async_fifo.xpm_fifo_base_inst/gen_cdc_pntr.rd_pntr_cdc_inst/src_gray_ff_reg[7]}]] -to [get_cells [list {design_1_i/AXI_Peripheral/AXI_C2C/inst/master_fpga_gen.axi_chip2chip_master_inst/axi_chip2chip_b_fifo_inst/axi_chip2chip_async_fifo_inst/xpm_fifo_async_inst/gnuram_async_fifo.xpm_fifo_base_inst/gen_cdc_pntr.rd_pntr_cdc_inst/dest_graysync_ff_reg[0][0]} {design_1_i/AXI_Peripheral/AXI_C2C/inst/master_fpga_gen.axi_chip2chip_master_inst/axi_chip2chip_b_fifo_inst/axi_chip2chip_async_fifo_inst/xpm_fifo_async_inst/gnuram_async_fifo.xpm_fifo_base_inst/gen_cdc_pntr.rd_pntr_cdc_inst/dest_graysync_ff_reg[0][1]} {design_1_i/AXI_Peripheral/AXI_C2C/inst/master_fpga_gen.axi_chip2chip_master_inst/axi_chip2chip_b_fifo_inst/axi_chip2chip_async_fifo_inst/xpm_fifo_async_inst/gnuram_async_fifo.xpm_fifo_base_inst/gen_cdc_pntr.rd_pntr_cdc_inst/dest_graysync_ff_reg[0][2]} {design_1_i/AXI_Peripheral/AXI_C2C/inst/master_fpga_gen.axi_chip2chip_master_inst/axi_chip2chip_b_fifo_inst/axi_chip2chip_async_fifo_inst/xpm_fifo_async_inst/gnuram_async_fifo.xpm_fifo_base_inst/gen_cdc_pntr.rd_pntr_cdc_inst/dest_graysync_ff_reg[0][3]} {design_1_i/AXI_Peripheral/AXI_C2C/inst/master_fpga_gen.axi_chip2chip_master_inst/axi_chip2chip_b_fifo_inst/axi_chip2chip_async_fifo_inst/xpm_fifo_async_inst/gnuram_async_fifo.xpm_fifo_base_inst/gen_cdc_pntr.rd_pntr_cdc_inst/dest_graysync_ff_reg[0][4]} {design_1_i/AXI_Peripheral/AXI_C2C/inst/master_fpga_gen.axi_chip2chip_master_inst/axi_chip2chip_b_fifo_inst/axi_chip2chip_async_fifo_inst/xpm_fifo_async_inst/gnuram_async_fifo.xpm_fifo_base_inst/gen_cdc_pntr.rd_pntr_cdc_inst/dest_graysync_ff_reg[0][5]} {design_1_i/AXI_Peripheral/AXI_C2C/inst/master_fpga_gen.axi_chip2chip_master_inst/axi_chip2chip_b_fifo_inst/axi_chip2chip_async_fifo_inst/xpm_fifo_async_inst/gnuram_async_fifo.xpm_fifo_base_inst/gen_cdc_pntr.rd_pntr_cdc_inst/dest_graysync_ff_reg[0][6]} {design_1_i/AXI_Peripheral/AXI_C2C/inst/master_fpga_gen.axi_chip2chip_master_inst/axi_chip2chip_b_fifo_inst/axi_chip2chip_async_fifo_inst/xpm_fifo_async_inst/gnuram_async_fifo.xpm_fifo_base_inst/gen_cdc_pntr.rd_pntr_cdc_inst/dest_graysync_ff_reg[0][7]}]] 10.000
Requirement: 10.000ns
Endpoints: 8

From Clock            To Clock              Endpoint Pin                    Reference Pin                   Corner  Actual(ns)  Slack(ns)
--------------------  --------------------  ------------------------------  ------------------------------  ------  ----------  ---------
axi_periph_clk_design_1_CLK_COMMON_0
                      clk_out               design_1_i/AXI_Peripheral/AXI_C2C/inst/master_fpga_gen.axi_chip2chip_master_inst/axi_chip2chip_b_fifo_inst/axi_chip2chip_async_fifo_inst/xpm_fifo_async_inst/gnuram_async_fifo.xpm_fifo_base_inst/gen_cdc_pntr.rd_pntr_cdc_inst/dest_graysync_ff_reg[0][0]/D
                                                                            design_1_i/AXI_Peripheral/AXI_C2C/inst/master_fpga_gen.axi_chip2chip_master_inst/axi_chip2chip_b_fifo_inst/axi_chip2chip_async_fifo_inst/xpm_fifo_async_inst/gnuram_async_fifo.xpm_fifo_base_inst/gen_cdc_pntr.rd_pntr_cdc_inst/dest_graysync_ff_reg[0][2]/D
                                                                                                            Slow         0.812      9.188


Slack (MET) :             9.188ns  (requirement - actual skew)
  Endpoint Source:        design_1_i/AXI_Peripheral/AXI_C2C/inst/master_fpga_gen.axi_chip2chip_master_inst/axi_chip2chip_b_fifo_inst/axi_chip2chip_async_fifo_inst/xpm_fifo_async_inst/gnuram_async_fifo.xpm_fifo_base_inst/gen_cdc_pntr.rd_pntr_cdc_inst/src_gray_ff_reg[0]/C
                            (rising edge-triggered cell FDRE clocked by axi_periph_clk_design_1_CLK_COMMON_0)
  Endpoint Destination:   design_1_i/AXI_Peripheral/AXI_C2C/inst/master_fpga_gen.axi_chip2chip_master_inst/axi_chip2chip_b_fifo_inst/axi_chip2chip_async_fifo_inst/xpm_fifo_async_inst/gnuram_async_fifo.xpm_fifo_base_inst/gen_cdc_pntr.rd_pntr_cdc_inst/dest_graysync_ff_reg[0][0]/D
                            (rising edge-triggered cell FDRE clocked by clk_out)
  Reference Source:       design_1_i/AXI_Peripheral/AXI_C2C/inst/master_fpga_gen.axi_chip2chip_master_inst/axi_chip2chip_b_fifo_inst/axi_chip2chip_async_fifo_inst/xpm_fifo_async_inst/gnuram_async_fifo.xpm_fifo_base_inst/gen_cdc_pntr.rd_pntr_cdc_inst/src_gray_ff_reg[2]/C
                            (rising edge-triggered cell FDRE clocked by axi_periph_clk_design_1_CLK_COMMON_0)
  Reference Destination:  design_1_i/AXI_Peripheral/AXI_C2C/inst/master_fpga_gen.axi_chip2chip_master_inst/axi_chip2chip_b_fifo_inst/axi_chip2chip_async_fifo_inst/xpm_fifo_async_inst/gnuram_async_fifo.xpm_fifo_base_inst/gen_cdc_pntr.rd_pntr_cdc_inst/dest_graysync_ff_reg[0][2]/D
                            (rising edge-triggered cell FDRE clocked by clk_out)
  Path Type:              Bus Skew (Max at Slow Process Corner)
  Requirement:            10.000ns
  Endpoint Relative Delay:   -0.954ns
  Reference Relative Delay:  -0.637ns
  Relative CRPR:             -0.772ns
  Uncertainty:                0.357ns
  Actual Bus Skew:            0.812ns  (Endpoint Relative Delay - Reference Relative Delay - Relative CRPR + Uncertainty)

Endpoint path:
    Location             Delay type                Incr(ns)  Path(ns)    Netlist Resource(s)
  -------------------------------------------------------------------    -------------------
                         (clock axi_periph_clk_design_1_CLK_COMMON_0 rise edge)
                                                      0.000     0.000 r  
    F22                                               0.000     0.000 r  FPGA_REF_40MHZ (IN)
                         net (fo=0)                   0.000     0.000    design_1_i/CLK_AXI/ibuf_0/inst/in_ref
    F22                  IBUF (Prop_ibuf_I_O)         1.568     1.568 r  design_1_i/CLK_AXI/ibuf_0/inst/IBUF_inst/O
                         net (fo=2, routed)           1.157     2.725    design_1_i/CLK_AXI/CLK_COMMON/inst/clk_in1
    MMCME2_ADV_X0Y1      MMCME2_ADV (Prop_mmcme2_adv_CLKIN1_CLKOUT1)
                                                     -7.799    -5.074 r  design_1_i/CLK_AXI/CLK_COMMON/inst/mmcm_adv_inst/CLKOUT1
                         net (fo=1, routed)           2.143    -2.931    design_1_i/CLK_AXI/CLK_COMMON/inst/axi_periph_clk_design_1_CLK_COMMON_0
    BUFGCTRL_X0Y1        BUFG (Prop_bufg_I_O)         0.093    -2.838 r  design_1_i/CLK_AXI/CLK_COMMON/inst/clkout2_buf/O
                         net (fo=13477, routed)       1.514    -1.324    design_1_i/AXI_Peripheral/AXI_C2C/inst/master_fpga_gen.axi_chip2chip_master_inst/axi_chip2chip_b_fifo_inst/axi_chip2chip_async_fifo_inst/xpm_fifo_async_inst/gnuram_async_fifo.xpm_fifo_base_inst/gen_cdc_pntr.rd_pntr_cdc_inst/src_clk
    SLICE_X7Y129         FDRE                                         r  design_1_i/AXI_Peripheral/AXI_C2C/inst/master_fpga_gen.axi_chip2chip_master_inst/axi_chip2chip_b_fifo_inst/axi_chip2chip_async_fifo_inst/xpm_fifo_async_inst/gnuram_async_fifo.xpm_fifo_base_inst/gen_cdc_pntr.rd_pntr_cdc_inst/src_gray_ff_reg[0]/C
  -------------------------------------------------------------------    -------------------
    SLICE_X7Y129         FDRE (Prop_fdre_C_Q)         0.223    -1.101 r  design_1_i/AXI_Peripheral/AXI_C2C/inst/master_fpga_gen.axi_chip2chip_master_inst/axi_chip2chip_b_fifo_inst/axi_chip2chip_async_fifo_inst/xpm_fifo_async_inst/gnuram_async_fifo.xpm_fifo_base_inst/gen_cdc_pntr.rd_pntr_cdc_inst/src_gray_ff_reg[0]/Q
                         net (fo=1, routed)           0.412    -0.688    design_1_i/AXI_Peripheral/AXI_C2C/inst/master_fpga_gen.axi_chip2chip_master_inst/axi_chip2chip_b_fifo_inst/axi_chip2chip_async_fifo_inst/xpm_fifo_async_inst/gnuram_async_fifo.xpm_fifo_base_inst/gen_cdc_pntr.rd_pntr_cdc_inst/async_path[0]
    SLICE_X8Y130         FDRE                                         r  design_1_i/AXI_Peripheral/AXI_C2C/inst/master_fpga_gen.axi_chip2chip_master_inst/axi_chip2chip_b_fifo_inst/axi_chip2chip_async_fifo_inst/xpm_fifo_async_inst/gnuram_async_fifo.xpm_fifo_base_inst/gen_cdc_pntr.rd_pntr_cdc_inst/dest_graysync_ff_reg[0][0]/D
  -------------------------------------------------------------------    -------------------

                         (clock clk_out rise edge)    0.000     0.000 r  
    F23                                               0.000     0.000 r  AXI_TX_CLK_IN (IN)
                         net (fo=0)                   0.000     0.000    design_1_i/AXI_Peripheral/AXI_C2C/inst/master_fpga_gen.axi_chip2chip_master_phy_inst/master_sio_phy.axi_chip2chip_sio_input_inst/axi_chip2chip_clk_gen_inst/axi_c2c_selio_rx_clk_in
    F23                  IBUF (Prop_ibuf_I_O)         1.435     1.435 r  design_1_i/AXI_Peripheral/AXI_C2C/inst/master_fpga_gen.axi_chip2chip_master_phy_inst/master_sio_phy.axi_chip2chip_sio_input_inst/axi_chip2chip_clk_gen_inst/single_end_clk_gen.ibufg_clk_inst/O
                         net (fo=1, routed)           2.053     3.488    design_1_i/AXI_Peripheral/AXI_C2C/inst/master_fpga_gen.axi_chip2chip_master_phy_inst/master_sio_phy.axi_chip2chip_sio_input_inst/axi_chip2chip_clk_gen_inst/clk_in_ibufg
    MMCME2_ADV_X0Y5      MMCME2_ADV (Prop_mmcme2_adv_CLKIN1_CLKOUT0)
                                                     -6.225    -2.737 r  design_1_i/AXI_Peripheral/AXI_C2C/inst/master_fpga_gen.axi_chip2chip_master_phy_inst/master_sio_phy.axi_chip2chip_sio_input_inst/axi_chip2chip_clk_gen_inst/gen_mmcme2.mmcm_adv_inst/CLKOUT0
                         net (fo=1, routed)           1.570    -1.167    design_1_i/AXI_Peripheral/AXI_C2C/inst/master_fpga_gen.axi_chip2chip_master_phy_inst/master_sio_phy.axi_chip2chip_sio_input_inst/axi_chip2chip_clk_gen_inst/clk_out
    BUFGCTRL_X0Y17       BUFG (Prop_bufg_I_O)         0.083    -1.084 r  design_1_i/AXI_Peripheral/AXI_C2C/inst/master_fpga_gen.axi_chip2chip_master_phy_inst/master_sio_phy.axi_chip2chip_sio_input_inst/axi_chip2chip_clk_gen_inst/bufg_inst/O
                         net (fo=854, routed)         1.329     0.245    design_1_i/AXI_Peripheral/AXI_C2C/inst/master_fpga_gen.axi_chip2chip_master_inst/axi_chip2chip_b_fifo_inst/axi_chip2chip_async_fifo_inst/xpm_fifo_async_inst/gnuram_async_fifo.xpm_fifo_base_inst/gen_cdc_pntr.rd_pntr_cdc_inst/dest_clk
    SLICE_X8Y130         FDRE                                         r  design_1_i/AXI_Peripheral/AXI_C2C/inst/master_fpga_gen.axi_chip2chip_master_inst/axi_chip2chip_b_fifo_inst/axi_chip2chip_async_fifo_inst/xpm_fifo_async_inst/gnuram_async_fifo.xpm_fifo_base_inst/gen_cdc_pntr.rd_pntr_cdc_inst/dest_graysync_ff_reg[0][0]/C
                         clock pessimism              0.000     0.245    
    SLICE_X8Y130         FDRE (Setup_fdre_C_D)        0.021     0.266    design_1_i/AXI_Peripheral/AXI_C2C/inst/master_fpga_gen.axi_chip2chip_master_inst/axi_chip2chip_b_fifo_inst/axi_chip2chip_async_fifo_inst/xpm_fifo_async_inst/gnuram_async_fifo.xpm_fifo_base_inst/gen_cdc_pntr.rd_pntr_cdc_inst/dest_graysync_ff_reg[0][0]
  -------------------------------------------------------------------
                         data arrival                          -0.688    
                         clock arrival                          0.266    
  -------------------------------------------------------------------
                         relative delay                        -0.954    

Reference path:
    Location             Delay type                Incr(ns)  Path(ns)    Netlist Resource(s)
  -------------------------------------------------------------------    -------------------
                         (clock axi_periph_clk_design_1_CLK_COMMON_0 rise edge)
                                                      0.000     0.000 r  
    F22                                               0.000     0.000 r  FPGA_REF_40MHZ (IN)
                         net (fo=0)                   0.000     0.000    design_1_i/CLK_AXI/ibuf_0/inst/in_ref
    F22                  IBUF (Prop_ibuf_I_O)         1.436     1.436 r  design_1_i/CLK_AXI/ibuf_0/inst/IBUF_inst/O
                         net (fo=2, routed)           1.051     2.487    design_1_i/CLK_AXI/CLK_COMMON/inst/clk_in1
    MMCME2_ADV_X0Y1      MMCME2_ADV (Prop_mmcme2_adv_CLKIN1_CLKOUT1)
                                                     -6.771    -4.284 r  design_1_i/CLK_AXI/CLK_COMMON/inst/mmcm_adv_inst/CLKOUT1
                         net (fo=1, routed)           2.017    -2.267    design_1_i/CLK_AXI/CLK_COMMON/inst/axi_periph_clk_design_1_CLK_COMMON_0
    BUFGCTRL_X0Y1        BUFG (Prop_bufg_I_O)         0.083    -2.184 r  design_1_i/CLK_AXI/CLK_COMMON/inst/clkout2_buf/O
                         net (fo=13477, routed)       1.379    -0.805    design_1_i/AXI_Peripheral/AXI_C2C/inst/master_fpga_gen.axi_chip2chip_master_inst/axi_chip2chip_b_fifo_inst/axi_chip2chip_async_fifo_inst/xpm_fifo_async_inst/gnuram_async_fifo.xpm_fifo_base_inst/gen_cdc_pntr.rd_pntr_cdc_inst/src_clk
    SLICE_X5Y128         FDRE                                         r  design_1_i/AXI_Peripheral/AXI_C2C/inst/master_fpga_gen.axi_chip2chip_master_inst/axi_chip2chip_b_fifo_inst/axi_chip2chip_async_fifo_inst/xpm_fifo_async_inst/gnuram_async_fifo.xpm_fifo_base_inst/gen_cdc_pntr.rd_pntr_cdc_inst/src_gray_ff_reg[2]/C
  -------------------------------------------------------------------    -------------------
    SLICE_X5Y128         FDRE (Prop_fdre_C_Q)         0.178    -0.627 r  design_1_i/AXI_Peripheral/AXI_C2C/inst/master_fpga_gen.axi_chip2chip_master_inst/axi_chip2chip_b_fifo_inst/axi_chip2chip_async_fifo_inst/xpm_fifo_async_inst/gnuram_async_fifo.xpm_fifo_base_inst/gen_cdc_pntr.rd_pntr_cdc_inst/src_gray_ff_reg[2]/Q
                         net (fo=1, routed)           0.223    -0.405    design_1_i/AXI_Peripheral/AXI_C2C/inst/master_fpga_gen.axi_chip2chip_master_inst/axi_chip2chip_b_fifo_inst/axi_chip2chip_async_fifo_inst/xpm_fifo_async_inst/gnuram_async_fifo.xpm_fifo_base_inst/gen_cdc_pntr.rd_pntr_cdc_inst/async_path[2]
    SLICE_X5Y129         FDRE                                         r  design_1_i/AXI_Peripheral/AXI_C2C/inst/master_fpga_gen.axi_chip2chip_master_inst/axi_chip2chip_b_fifo_inst/axi_chip2chip_async_fifo_inst/xpm_fifo_async_inst/gnuram_async_fifo.xpm_fifo_base_inst/gen_cdc_pntr.rd_pntr_cdc_inst/dest_graysync_ff_reg[0][2]/D
  -------------------------------------------------------------------    -------------------

                         (clock clk_out rise edge)    0.000     0.000 r  
    F23                                               0.000     0.000 r  AXI_TX_CLK_IN (IN)
                         net (fo=0)                   0.000     0.000    design_1_i/AXI_Peripheral/AXI_C2C/inst/master_fpga_gen.axi_chip2chip_master_phy_inst/master_sio_phy.axi_chip2chip_sio_input_inst/axi_chip2chip_clk_gen_inst/axi_c2c_selio_rx_clk_in
    F23                  IBUF (Prop_ibuf_I_O)         1.568     1.568 r  design_1_i/AXI_Peripheral/AXI_C2C/inst/master_fpga_gen.axi_chip2chip_master_phy_inst/master_sio_phy.axi_chip2chip_sio_input_inst/axi_chip2chip_clk_gen_inst/single_end_clk_gen.ibufg_clk_inst/O
                         net (fo=1, routed)           2.536     4.104    design_1_i/AXI_Peripheral/AXI_C2C/inst/master_fpga_gen.axi_chip2chip_master_phy_inst/master_sio_phy.axi_chip2chip_sio_input_inst/axi_chip2chip_clk_gen_inst/clk_in_ibufg
    MMCME2_ADV_X0Y5      MMCME2_ADV (Prop_mmcme2_adv_CLKIN1_CLKOUT0)
                                                     -7.300    -3.196 r  design_1_i/AXI_Peripheral/AXI_C2C/inst/master_fpga_gen.axi_chip2chip_master_phy_inst/master_sio_phy.axi_chip2chip_sio_input_inst/axi_chip2chip_clk_gen_inst/gen_mmcme2.mmcm_adv_inst/CLKOUT0
                         net (fo=1, routed)           1.702    -1.494    design_1_i/AXI_Peripheral/AXI_C2C/inst/master_fpga_gen.axi_chip2chip_master_phy_inst/master_sio_phy.axi_chip2chip_sio_input_inst/axi_chip2chip_clk_gen_inst/clk_out
    BUFGCTRL_X0Y17       BUFG (Prop_bufg_I_O)         0.093    -1.401 r  design_1_i/AXI_Peripheral/AXI_C2C/inst/master_fpga_gen.axi_chip2chip_master_phy_inst/master_sio_phy.axi_chip2chip_sio_input_inst/axi_chip2chip_clk_gen_inst/bufg_inst/O
                         net (fo=854, routed)         1.516     0.115    design_1_i/AXI_Peripheral/AXI_C2C/inst/master_fpga_gen.axi_chip2chip_master_inst/axi_chip2chip_b_fifo_inst/axi_chip2chip_async_fifo_inst/xpm_fifo_async_inst/gnuram_async_fifo.xpm_fifo_base_inst/gen_cdc_pntr.rd_pntr_cdc_inst/dest_clk
    SLICE_X5Y129         FDRE                                         r  design_1_i/AXI_Peripheral/AXI_C2C/inst/master_fpga_gen.axi_chip2chip_master_inst/axi_chip2chip_b_fifo_inst/axi_chip2chip_async_fifo_inst/xpm_fifo_async_inst/gnuram_async_fifo.xpm_fifo_base_inst/gen_cdc_pntr.rd_pntr_cdc_inst/dest_graysync_ff_reg[0][2]/C
                         clock pessimism              0.000     0.115    
    SLICE_X5Y129         FDRE (Hold_fdre_C_D)         0.118     0.233    design_1_i/AXI_Peripheral/AXI_C2C/inst/master_fpga_gen.axi_chip2chip_master_inst/axi_chip2chip_b_fifo_inst/axi_chip2chip_async_fifo_inst/xpm_fifo_async_inst/gnuram_async_fifo.xpm_fifo_base_inst/gen_cdc_pntr.rd_pntr_cdc_inst/dest_graysync_ff_reg[0][2]
  -------------------------------------------------------------------
                         data arrival                          -0.405    
                         clock arrival                          0.233    
  -------------------------------------------------------------------
                         relative delay                        -0.637    



Id: 3
set_bus_skew -from [get_cells [list {design_1_i/axi_ethernetlite_0/U0/XEMAC_I/EMAC_I/RX/INST_RX_INTRFCE/I_RX_FIFO/xpm_fifo_instance.xpm_fifo_async_inst/gnuram_async_fifo.xpm_fifo_base_inst/gen_cdc_pntr.rd_pntr_cdc_inst/src_gray_ff_reg[0]} {design_1_i/axi_ethernetlite_0/U0/XEMAC_I/EMAC_I/RX/INST_RX_INTRFCE/I_RX_FIFO/xpm_fifo_instance.xpm_fifo_async_inst/gnuram_async_fifo.xpm_fifo_base_inst/gen_cdc_pntr.rd_pntr_cdc_inst/src_gray_ff_reg[1]} {design_1_i/axi_ethernetlite_0/U0/XEMAC_I/EMAC_I/RX/INST_RX_INTRFCE/I_RX_FIFO/xpm_fifo_instance.xpm_fifo_async_inst/gnuram_async_fifo.xpm_fifo_base_inst/gen_cdc_pntr.rd_pntr_cdc_inst/src_gray_ff_reg[2]} {design_1_i/axi_ethernetlite_0/U0/XEMAC_I/EMAC_I/RX/INST_RX_INTRFCE/I_RX_FIFO/xpm_fifo_instance.xpm_fifo_async_inst/gnuram_async_fifo.xpm_fifo_base_inst/gen_cdc_pntr.rd_pntr_cdc_inst/src_gray_ff_reg[3]}]] -to [get_cells [list {design_1_i/axi_ethernetlite_0/U0/XEMAC_I/EMAC_I/RX/INST_RX_INTRFCE/I_RX_FIFO/xpm_fifo_instance.xpm_fifo_async_inst/gnuram_async_fifo.xpm_fifo_base_inst/gen_cdc_pntr.rd_pntr_cdc_inst/dest_graysync_ff_reg[0][0]} {design_1_i/axi_ethernetlite_0/U0/XEMAC_I/EMAC_I/RX/INST_RX_INTRFCE/I_RX_FIFO/xpm_fifo_instance.xpm_fifo_async_inst/gnuram_async_fifo.xpm_fifo_base_inst/gen_cdc_pntr.rd_pntr_cdc_inst/dest_graysync_ff_reg[0][1]} {design_1_i/axi_ethernetlite_0/U0/XEMAC_I/EMAC_I/RX/INST_RX_INTRFCE/I_RX_FIFO/xpm_fifo_instance.xpm_fifo_async_inst/gnuram_async_fifo.xpm_fifo_base_inst/gen_cdc_pntr.rd_pntr_cdc_inst/dest_graysync_ff_reg[0][2]} {design_1_i/axi_ethernetlite_0/U0/XEMAC_I/EMAC_I/RX/INST_RX_INTRFCE/I_RX_FIFO/xpm_fifo_instance.xpm_fifo_async_inst/gnuram_async_fifo.xpm_fifo_base_inst/gen_cdc_pntr.rd_pntr_cdc_inst/dest_graysync_ff_reg[0][3]}]] 10.000
Requirement: 10.000ns
Endpoints: 4

From Clock            To Clock              Endpoint Pin                    Reference Pin                   Corner  Actual(ns)  Slack(ns)
--------------------  --------------------  ------------------------------  ------------------------------  ------  ----------  ---------
axi_periph_clk_design_1_CLK_COMMON_0
                      clk_div_sel_0_s       design_1_i/axi_ethernetlite_0/U0/XEMAC_I/EMAC_I/RX/INST_RX_INTRFCE/I_RX_FIFO/xpm_fifo_instance.xpm_fifo_async_inst/gnuram_async_fifo.xpm_fifo_base_inst/gen_cdc_pntr.rd_pntr_cdc_inst/dest_graysync_ff_reg[0][2]/D
                                                                            design_1_i/axi_ethernetlite_0/U0/XEMAC_I/EMAC_I/RX/INST_RX_INTRFCE/I_RX_FIFO/xpm_fifo_instance.xpm_fifo_async_inst/gnuram_async_fifo.xpm_fifo_base_inst/gen_cdc_pntr.rd_pntr_cdc_inst/dest_graysync_ff_reg[0][0]/D
                                                                                                            Slow         0.499      9.501


Slack (MET) :             9.501ns  (requirement - actual skew)
  Endpoint Source:        design_1_i/axi_ethernetlite_0/U0/XEMAC_I/EMAC_I/RX/INST_RX_INTRFCE/I_RX_FIFO/xpm_fifo_instance.xpm_fifo_async_inst/gnuram_async_fifo.xpm_fifo_base_inst/gen_cdc_pntr.rd_pntr_cdc_inst/src_gray_ff_reg[2]/C
                            (rising edge-triggered cell FDRE clocked by axi_periph_clk_design_1_CLK_COMMON_0)
  Endpoint Destination:   design_1_i/axi_ethernetlite_0/U0/XEMAC_I/EMAC_I/RX/INST_RX_INTRFCE/I_RX_FIFO/xpm_fifo_instance.xpm_fifo_async_inst/gnuram_async_fifo.xpm_fifo_base_inst/gen_cdc_pntr.rd_pntr_cdc_inst/dest_graysync_ff_reg[0][2]/D
                            (rising edge-triggered cell FDRE clocked by clk_div_sel_0_s)
  Reference Source:       design_1_i/axi_ethernetlite_0/U0/XEMAC_I/EMAC_I/RX/INST_RX_INTRFCE/I_RX_FIFO/xpm_fifo_instance.xpm_fifo_async_inst/gnuram_async_fifo.xpm_fifo_base_inst/gen_cdc_pntr.rd_pntr_cdc_inst/src_gray_ff_reg[0]/C
                            (rising edge-triggered cell FDRE clocked by axi_periph_clk_design_1_CLK_COMMON_0)
  Reference Destination:  design_1_i/axi_ethernetlite_0/U0/XEMAC_I/EMAC_I/RX/INST_RX_INTRFCE/I_RX_FIFO/xpm_fifo_instance.xpm_fifo_async_inst/gnuram_async_fifo.xpm_fifo_base_inst/gen_cdc_pntr.rd_pntr_cdc_inst/dest_graysync_ff_reg[0][0]/D
                            (rising edge-triggered cell FDRE clocked by clk_div_sel_0_s)
  Path Type:              Bus Skew (Max at Slow Process Corner)
  Requirement:            10.000ns
  Endpoint Relative Delay:   -2.510ns
  Reference Relative Delay:  -3.505ns
  Relative CRPR:              0.588ns
  Uncertainty:                0.092ns
  Actual Bus Skew:            0.499ns  (Endpoint Relative Delay - Reference Relative Delay - Relative CRPR + Uncertainty)

Endpoint path:
    Location             Delay type                Incr(ns)  Path(ns)    Netlist Resource(s)
  -------------------------------------------------------------------    -------------------
                         (clock axi_periph_clk_design_1_CLK_COMMON_0 rise edge)
                                                      0.000     0.000 r  
    F22                                               0.000     0.000 r  FPGA_REF_40MHZ (IN)
                         net (fo=0)                   0.000     0.000    design_1_i/CLK_AXI/ibuf_0/inst/in_ref
    F22                  IBUF (Prop_ibuf_I_O)         1.568     1.568 r  design_1_i/CLK_AXI/ibuf_0/inst/IBUF_inst/O
                         net (fo=2, routed)           1.157     2.725    design_1_i/CLK_AXI/CLK_COMMON/inst/clk_in1
    MMCME2_ADV_X0Y1      MMCME2_ADV (Prop_mmcme2_adv_CLKIN1_CLKOUT1)
                                                     -7.799    -5.074 r  design_1_i/CLK_AXI/CLK_COMMON/inst/mmcm_adv_inst/CLKOUT1
                         net (fo=1, routed)           2.143    -2.931    design_1_i/CLK_AXI/CLK_COMMON/inst/axi_periph_clk_design_1_CLK_COMMON_0
    BUFGCTRL_X0Y1        BUFG (Prop_bufg_I_O)         0.093    -2.838 r  design_1_i/CLK_AXI/CLK_COMMON/inst/clkout2_buf/O
                         net (fo=13477, routed)       1.516    -1.322    design_1_i/axi_ethernetlite_0/U0/XEMAC_I/EMAC_I/RX/INST_RX_INTRFCE/I_RX_FIFO/xpm_fifo_instance.xpm_fifo_async_inst/gnuram_async_fifo.xpm_fifo_base_inst/gen_cdc_pntr.rd_pntr_cdc_inst/src_clk
    SLICE_X6Y118         FDRE                                         r  design_1_i/axi_ethernetlite_0/U0/XEMAC_I/EMAC_I/RX/INST_RX_INTRFCE/I_RX_FIFO/xpm_fifo_instance.xpm_fifo_async_inst/gnuram_async_fifo.xpm_fifo_base_inst/gen_cdc_pntr.rd_pntr_cdc_inst/src_gray_ff_reg[2]/C
  -------------------------------------------------------------------    -------------------
    SLICE_X6Y118         FDRE (Prop_fdre_C_Q)         0.259    -1.063 r  design_1_i/axi_ethernetlite_0/U0/XEMAC_I/EMAC_I/RX/INST_RX_INTRFCE/I_RX_FIFO/xpm_fifo_instance.xpm_fifo_async_inst/gnuram_async_fifo.xpm_fifo_base_inst/gen_cdc_pntr.rd_pntr_cdc_inst/src_gray_ff_reg[2]/Q
                         net (fo=1, routed)           0.418    -0.645    design_1_i/axi_ethernetlite_0/U0/XEMAC_I/EMAC_I/RX/INST_RX_INTRFCE/I_RX_FIFO/xpm_fifo_instance.xpm_fifo_async_inst/gnuram_async_fifo.xpm_fifo_base_inst/gen_cdc_pntr.rd_pntr_cdc_inst/async_path[2]
    SLICE_X9Y116         FDRE                                         r  design_1_i/axi_ethernetlite_0/U0/XEMAC_I/EMAC_I/RX/INST_RX_INTRFCE/I_RX_FIFO/xpm_fifo_instance.xpm_fifo_async_inst/gnuram_async_fifo.xpm_fifo_base_inst/gen_cdc_pntr.rd_pntr_cdc_inst/dest_graysync_ff_reg[0][2]/D
  -------------------------------------------------------------------    -------------------

                         (clock clk_div_sel_0_s rise edge)
                                                      0.000     0.000 r  
    F22                                               0.000     0.000 r  FPGA_REF_40MHZ (IN)
                         net (fo=0)                   0.000     0.000    design_1_i/CLK_AXI/ibuf_0/inst/in_ref
    F22                  IBUF (Prop_ibuf_I_O)         1.436     1.436 r  design_1_i/CLK_AXI/ibuf_0/inst/IBUF_inst/O
                         net (fo=2, routed)           1.051     2.487    design_1_i/CLK_AXI/CLK_COMMON/inst/clk_in1
    MMCME2_ADV_X0Y1      MMCME2_ADV (Prop_mmcme2_adv_CLKIN1_CLKOUT1)
                                                     -6.771    -4.284 r  design_1_i/CLK_AXI/CLK_COMMON/inst/mmcm_adv_inst/CLKOUT1
                         net (fo=1, routed)           2.017    -2.267    design_1_i/CLK_AXI/CLK_COMMON/inst/axi_periph_clk_design_1_CLK_COMMON_0
    BUFGCTRL_X0Y1        BUFG (Prop_bufg_I_O)         0.083    -2.184 r  design_1_i/CLK_AXI/CLK_COMMON/inst/clkout2_buf/O
                         net (fo=13477, routed)       1.543    -0.642    design_1_i/util_clkdiv_0/inst/clk
    BUFR_X0Y24           BUFR (Prop_bufr_I_O)         0.614    -0.028 r  design_1_i/util_clkdiv_0/inst/clk_divide_sel_0/O
                         net (fo=1, routed)           1.141     1.113    design_1_i/util_clkdiv_0/inst/clk_div_sel_0_s
    BUFGCTRL_X0Y20       BUFGCTRL (Prop_bufgctrl_I0_O)
                                                      0.083     1.196 r  design_1_i/util_clkdiv_0/inst/i_div_clk_gbuf/O
                         net (fo=1293, routed)        1.331     2.527    design_1_i/axi_ethernetlite_0/U0/XEMAC_I/EMAC_I/RX/INST_RX_INTRFCE/I_RX_FIFO/xpm_fifo_instance.xpm_fifo_async_inst/gnuram_async_fifo.xpm_fifo_base_inst/gen_cdc_pntr.rd_pntr_cdc_inst/dest_clk
    SLICE_X9Y116         FDRE                                         r  design_1_i/axi_ethernetlite_0/U0/XEMAC_I/EMAC_I/RX/INST_RX_INTRFCE/I_RX_FIFO/xpm_fifo_instance.xpm_fifo_async_inst/gnuram_async_fifo.xpm_fifo_base_inst/gen_cdc_pntr.rd_pntr_cdc_inst/dest_graysync_ff_reg[0][2]/C
                         clock pessimism             -0.653     1.874    
    SLICE_X9Y116         FDRE (Setup_fdre_C_D)       -0.009     1.865    design_1_i/axi_ethernetlite_0/U0/XEMAC_I/EMAC_I/RX/INST_RX_INTRFCE/I_RX_FIFO/xpm_fifo_instance.xpm_fifo_async_inst/gnuram_async_fifo.xpm_fifo_base_inst/gen_cdc_pntr.rd_pntr_cdc_inst/dest_graysync_ff_reg[0][2]
  -------------------------------------------------------------------
                         data arrival                          -0.645    
                         clock arrival                          1.865    
  -------------------------------------------------------------------
                         relative delay                        -2.510    

Reference path:
    Location             Delay type                Incr(ns)  Path(ns)    Netlist Resource(s)
  -------------------------------------------------------------------    -------------------
                         (clock axi_periph_clk_design_1_CLK_COMMON_0 rise edge)
                                                      0.000     0.000 r  
    F22                                               0.000     0.000 r  FPGA_REF_40MHZ (IN)
                         net (fo=0)                   0.000     0.000    design_1_i/CLK_AXI/ibuf_0/inst/in_ref
    F22                  IBUF (Prop_ibuf_I_O)         1.436     1.436 r  design_1_i/CLK_AXI/ibuf_0/inst/IBUF_inst/O
                         net (fo=2, routed)           1.051     2.487    design_1_i/CLK_AXI/CLK_COMMON/inst/clk_in1
    MMCME2_ADV_X0Y1      MMCME2_ADV (Prop_mmcme2_adv_CLKIN1_CLKOUT1)
                                                     -6.771    -4.284 r  design_1_i/CLK_AXI/CLK_COMMON/inst/mmcm_adv_inst/CLKOUT1
                         net (fo=1, routed)           2.017    -2.267    design_1_i/CLK_AXI/CLK_COMMON/inst/axi_periph_clk_design_1_CLK_COMMON_0
    BUFGCTRL_X0Y1        BUFG (Prop_bufg_I_O)         0.083    -2.184 r  design_1_i/CLK_AXI/CLK_COMMON/inst/clkout2_buf/O
                         net (fo=13477, routed)       1.381    -0.803    design_1_i/axi_ethernetlite_0/U0/XEMAC_I/EMAC_I/RX/INST_RX_INTRFCE/I_RX_FIFO/xpm_fifo_instance.xpm_fifo_async_inst/gnuram_async_fifo.xpm_fifo_base_inst/gen_cdc_pntr.rd_pntr_cdc_inst/src_clk
    SLICE_X6Y120         FDRE                                         r  design_1_i/axi_ethernetlite_0/U0/XEMAC_I/EMAC_I/RX/INST_RX_INTRFCE/I_RX_FIFO/xpm_fifo_instance.xpm_fifo_async_inst/gnuram_async_fifo.xpm_fifo_base_inst/gen_cdc_pntr.rd_pntr_cdc_inst/src_gray_ff_reg[0]/C
  -------------------------------------------------------------------    -------------------
    SLICE_X6Y120         FDRE (Prop_fdre_C_Q)         0.206    -0.597 r  design_1_i/axi_ethernetlite_0/U0/XEMAC_I/EMAC_I/RX/INST_RX_INTRFCE/I_RX_FIFO/xpm_fifo_instance.xpm_fifo_async_inst/gnuram_async_fifo.xpm_fifo_base_inst/gen_cdc_pntr.rd_pntr_cdc_inst/src_gray_ff_reg[0]/Q
                         net (fo=1, routed)           0.312    -0.286    design_1_i/axi_ethernetlite_0/U0/XEMAC_I/EMAC_I/RX/INST_RX_INTRFCE/I_RX_FIFO/xpm_fifo_instance.xpm_fifo_async_inst/gnuram_async_fifo.xpm_fifo_base_inst/gen_cdc_pntr.rd_pntr_cdc_inst/async_path[0]
    SLICE_X7Y120         FDRE                                         r  design_1_i/axi_ethernetlite_0/U0/XEMAC_I/EMAC_I/RX/INST_RX_INTRFCE/I_RX_FIFO/xpm_fifo_instance.xpm_fifo_async_inst/gnuram_async_fifo.xpm_fifo_base_inst/gen_cdc_pntr.rd_pntr_cdc_inst/dest_graysync_ff_reg[0][0]/D
  -------------------------------------------------------------------    -------------------

                         (clock clk_div_sel_0_s rise edge)
                                                      0.000     0.000 r  
    F22                                               0.000     0.000 r  FPGA_REF_40MHZ (IN)
                         net (fo=0)                   0.000     0.000    design_1_i/CLK_AXI/ibuf_0/inst/in_ref
    F22                  IBUF (Prop_ibuf_I_O)         1.568     1.568 r  design_1_i/CLK_AXI/ibuf_0/inst/IBUF_inst/O
                         net (fo=2, routed)           1.157     2.725    design_1_i/CLK_AXI/CLK_COMMON/inst/clk_in1
    MMCME2_ADV_X0Y1      MMCME2_ADV (Prop_mmcme2_adv_CLKIN1_CLKOUT1)
                                                     -7.799    -5.074 r  design_1_i/CLK_AXI/CLK_COMMON/inst/mmcm_adv_inst/CLKOUT1
                         net (fo=1, routed)           2.143    -2.931    design_1_i/CLK_AXI/CLK_COMMON/inst/axi_periph_clk_design_1_CLK_COMMON_0
    BUFGCTRL_X0Y1        BUFG (Prop_bufg_I_O)         0.093    -2.838 r  design_1_i/CLK_AXI/CLK_COMMON/inst/clkout2_buf/O
                         net (fo=13477, routed)       1.758    -1.080    design_1_i/util_clkdiv_0/inst/clk
    BUFR_X0Y24           BUFR (Prop_bufr_I_O)         0.650    -0.430 r  design_1_i/util_clkdiv_0/inst/clk_divide_sel_0/O
                         net (fo=1, routed)           1.269     0.839    design_1_i/util_clkdiv_0/inst/clk_div_sel_0_s
    BUFGCTRL_X0Y20       BUFGCTRL (Prop_bufgctrl_I0_O)
                                                      0.093     0.932 r  design_1_i/util_clkdiv_0/inst/i_div_clk_gbuf/O
                         net (fo=1293, routed)        1.516     2.448    design_1_i/axi_ethernetlite_0/U0/XEMAC_I/EMAC_I/RX/INST_RX_INTRFCE/I_RX_FIFO/xpm_fifo_instance.xpm_fifo_async_inst/gnuram_async_fifo.xpm_fifo_base_inst/gen_cdc_pntr.rd_pntr_cdc_inst/dest_clk
    SLICE_X7Y120         FDRE                                         r  design_1_i/axi_ethernetlite_0/U0/XEMAC_I/EMAC_I/RX/INST_RX_INTRFCE/I_RX_FIFO/xpm_fifo_instance.xpm_fifo_async_inst/gnuram_async_fifo.xpm_fifo_base_inst/gen_cdc_pntr.rd_pntr_cdc_inst/dest_graysync_ff_reg[0][0]/C
                         clock pessimism              0.653     3.101    
    SLICE_X7Y120         FDRE (Hold_fdre_C_D)         0.118     3.219    design_1_i/axi_ethernetlite_0/U0/XEMAC_I/EMAC_I/RX/INST_RX_INTRFCE/I_RX_FIFO/xpm_fifo_instance.xpm_fifo_async_inst/gnuram_async_fifo.xpm_fifo_base_inst/gen_cdc_pntr.rd_pntr_cdc_inst/dest_graysync_ff_reg[0][0]
  -------------------------------------------------------------------
                         data arrival                          -0.286    
                         clock arrival                          3.219    
  -------------------------------------------------------------------
                         relative delay                        -3.505    



Id: 4
set_bus_skew -from [get_cells [list {design_1_i/axi_ethernetlite_0/U0/XEMAC_I/EMAC_I/TX/INST_TX_INTRFCE/I_TX_FIFO/xpm_fifo_instance.xpm_fifo_async_inst/gnuram_async_fifo.xpm_fifo_base_inst/gen_cdc_pntr.wr_pntr_cdc_inst/src_gray_ff_reg[0]} {design_1_i/axi_ethernetlite_0/U0/XEMAC_I/EMAC_I/TX/INST_TX_INTRFCE/I_TX_FIFO/xpm_fifo_instance.xpm_fifo_async_inst/gnuram_async_fifo.xpm_fifo_base_inst/gen_cdc_pntr.wr_pntr_cdc_inst/src_gray_ff_reg[1]} {design_1_i/axi_ethernetlite_0/U0/XEMAC_I/EMAC_I/TX/INST_TX_INTRFCE/I_TX_FIFO/xpm_fifo_instance.xpm_fifo_async_inst/gnuram_async_fifo.xpm_fifo_base_inst/gen_cdc_pntr.wr_pntr_cdc_inst/src_gray_ff_reg[2]} {design_1_i/axi_ethernetlite_0/U0/XEMAC_I/EMAC_I/TX/INST_TX_INTRFCE/I_TX_FIFO/xpm_fifo_instance.xpm_fifo_async_inst/gnuram_async_fifo.xpm_fifo_base_inst/gen_cdc_pntr.wr_pntr_cdc_inst/src_gray_ff_reg[3]}]] -to [get_cells [list {design_1_i/axi_ethernetlite_0/U0/XEMAC_I/EMAC_I/TX/INST_TX_INTRFCE/I_TX_FIFO/xpm_fifo_instance.xpm_fifo_async_inst/gnuram_async_fifo.xpm_fifo_base_inst/gen_cdc_pntr.wr_pntr_cdc_inst/dest_graysync_ff_reg[0][0]} {design_1_i/axi_ethernetlite_0/U0/XEMAC_I/EMAC_I/TX/INST_TX_INTRFCE/I_TX_FIFO/xpm_fifo_instance.xpm_fifo_async_inst/gnuram_async_fifo.xpm_fifo_base_inst/gen_cdc_pntr.wr_pntr_cdc_inst/dest_graysync_ff_reg[0][1]} {design_1_i/axi_ethernetlite_0/U0/XEMAC_I/EMAC_I/TX/INST_TX_INTRFCE/I_TX_FIFO/xpm_fifo_instance.xpm_fifo_async_inst/gnuram_async_fifo.xpm_fifo_base_inst/gen_cdc_pntr.wr_pntr_cdc_inst/dest_graysync_ff_reg[0][2]} {design_1_i/axi_ethernetlite_0/U0/XEMAC_I/EMAC_I/TX/INST_TX_INTRFCE/I_TX_FIFO/xpm_fifo_instance.xpm_fifo_async_inst/gnuram_async_fifo.xpm_fifo_base_inst/gen_cdc_pntr.wr_pntr_cdc_inst/dest_graysync_ff_reg[0][3]}]] 10.000
Requirement: 10.000ns
Endpoints: 4

From Clock            To Clock              Endpoint Pin                    Reference Pin                   Corner  Actual(ns)  Slack(ns)
--------------------  --------------------  ------------------------------  ------------------------------  ------  ----------  ---------
axi_periph_clk_design_1_CLK_COMMON_0
                      clk_div_sel_0_s       design_1_i/axi_ethernetlite_0/U0/XEMAC_I/EMAC_I/TX/INST_TX_INTRFCE/I_TX_FIFO/xpm_fifo_instance.xpm_fifo_async_inst/gnuram_async_fifo.xpm_fifo_base_inst/gen_cdc_pntr.wr_pntr_cdc_inst/dest_graysync_ff_reg[0][1]/D
                                                                            design_1_i/axi_ethernetlite_0/U0/XEMAC_I/EMAC_I/TX/INST_TX_INTRFCE/I_TX_FIFO/xpm_fifo_instance.xpm_fifo_async_inst/gnuram_async_fifo.xpm_fifo_base_inst/gen_cdc_pntr.wr_pntr_cdc_inst/dest_graysync_ff_reg[0][2]/D
                                                                                                            Slow         0.523      9.477


Slack (MET) :             9.477ns  (requirement - actual skew)
  Endpoint Source:        design_1_i/axi_ethernetlite_0/U0/XEMAC_I/EMAC_I/TX/INST_TX_INTRFCE/I_TX_FIFO/xpm_fifo_instance.xpm_fifo_async_inst/gnuram_async_fifo.xpm_fifo_base_inst/gen_cdc_pntr.wr_pntr_cdc_inst/src_gray_ff_reg[1]/C
                            (rising edge-triggered cell FDRE clocked by axi_periph_clk_design_1_CLK_COMMON_0)
  Endpoint Destination:   design_1_i/axi_ethernetlite_0/U0/XEMAC_I/EMAC_I/TX/INST_TX_INTRFCE/I_TX_FIFO/xpm_fifo_instance.xpm_fifo_async_inst/gnuram_async_fifo.xpm_fifo_base_inst/gen_cdc_pntr.wr_pntr_cdc_inst/dest_graysync_ff_reg[0][1]/D
                            (rising edge-triggered cell FDRE clocked by clk_div_sel_0_s)
  Reference Source:       design_1_i/axi_ethernetlite_0/U0/XEMAC_I/EMAC_I/TX/INST_TX_INTRFCE/I_TX_FIFO/xpm_fifo_instance.xpm_fifo_async_inst/gnuram_async_fifo.xpm_fifo_base_inst/gen_cdc_pntr.wr_pntr_cdc_inst/src_gray_ff_reg[2]/C
                            (rising edge-triggered cell FDRE clocked by axi_periph_clk_design_1_CLK_COMMON_0)
  Reference Destination:  design_1_i/axi_ethernetlite_0/U0/XEMAC_I/EMAC_I/TX/INST_TX_INTRFCE/I_TX_FIFO/xpm_fifo_instance.xpm_fifo_async_inst/gnuram_async_fifo.xpm_fifo_base_inst/gen_cdc_pntr.wr_pntr_cdc_inst/dest_graysync_ff_reg[0][2]/D
                            (rising edge-triggered cell FDRE clocked by clk_div_sel_0_s)
  Path Type:              Bus Skew (Max at Slow Process Corner)
  Requirement:            10.000ns
  Endpoint Relative Delay:   -2.585ns
  Reference Relative Delay:  -3.622ns
  Relative CRPR:              0.606ns
  Uncertainty:                0.092ns
  Actual Bus Skew:            0.523ns  (Endpoint Relative Delay - Reference Relative Delay - Relative CRPR + Uncertainty)

Endpoint path:
    Location             Delay type                Incr(ns)  Path(ns)    Netlist Resource(s)
  -------------------------------------------------------------------    -------------------
                         (clock axi_periph_clk_design_1_CLK_COMMON_0 rise edge)
                                                      0.000     0.000 r  
    F22                                               0.000     0.000 r  FPGA_REF_40MHZ (IN)
                         net (fo=0)                   0.000     0.000    design_1_i/CLK_AXI/ibuf_0/inst/in_ref
    F22                  IBUF (Prop_ibuf_I_O)         1.568     1.568 r  design_1_i/CLK_AXI/ibuf_0/inst/IBUF_inst/O
                         net (fo=2, routed)           1.157     2.725    design_1_i/CLK_AXI/CLK_COMMON/inst/clk_in1
    MMCME2_ADV_X0Y1      MMCME2_ADV (Prop_mmcme2_adv_CLKIN1_CLKOUT1)
                                                     -7.799    -5.074 r  design_1_i/CLK_AXI/CLK_COMMON/inst/mmcm_adv_inst/CLKOUT1
                         net (fo=1, routed)           2.143    -2.931    design_1_i/CLK_AXI/CLK_COMMON/inst/axi_periph_clk_design_1_CLK_COMMON_0
    BUFGCTRL_X0Y1        BUFG (Prop_bufg_I_O)         0.093    -2.838 r  design_1_i/CLK_AXI/CLK_COMMON/inst/clkout2_buf/O
                         net (fo=13477, routed)       1.289    -1.549    design_1_i/axi_ethernetlite_0/U0/XEMAC_I/EMAC_I/TX/INST_TX_INTRFCE/I_TX_FIFO/xpm_fifo_instance.xpm_fifo_async_inst/gnuram_async_fifo.xpm_fifo_base_inst/gen_cdc_pntr.wr_pntr_cdc_inst/src_clk
    SLICE_X19Y167        FDRE                                         r  design_1_i/axi_ethernetlite_0/U0/XEMAC_I/EMAC_I/TX/INST_TX_INTRFCE/I_TX_FIFO/xpm_fifo_instance.xpm_fifo_async_inst/gnuram_async_fifo.xpm_fifo_base_inst/gen_cdc_pntr.wr_pntr_cdc_inst/src_gray_ff_reg[1]/C
  -------------------------------------------------------------------    -------------------
    SLICE_X19Y167        FDRE (Prop_fdre_C_Q)         0.204    -1.345 r  design_1_i/axi_ethernetlite_0/U0/XEMAC_I/EMAC_I/TX/INST_TX_INTRFCE/I_TX_FIFO/xpm_fifo_instance.xpm_fifo_async_inst/gnuram_async_fifo.xpm_fifo_base_inst/gen_cdc_pntr.wr_pntr_cdc_inst/src_gray_ff_reg[1]/Q
                         net (fo=1, routed)           0.379    -0.966    design_1_i/axi_ethernetlite_0/U0/XEMAC_I/EMAC_I/TX/INST_TX_INTRFCE/I_TX_FIFO/xpm_fifo_instance.xpm_fifo_async_inst/gnuram_async_fifo.xpm_fifo_base_inst/gen_cdc_pntr.wr_pntr_cdc_inst/async_path[1]
    SLICE_X20Y167        FDRE                                         r  design_1_i/axi_ethernetlite_0/U0/XEMAC_I/EMAC_I/TX/INST_TX_INTRFCE/I_TX_FIFO/xpm_fifo_instance.xpm_fifo_async_inst/gnuram_async_fifo.xpm_fifo_base_inst/gen_cdc_pntr.wr_pntr_cdc_inst/dest_graysync_ff_reg[0][1]/D
  -------------------------------------------------------------------    -------------------

                         (clock clk_div_sel_0_s rise edge)
                                                      0.000     0.000 r  
    F22                                               0.000     0.000 r  FPGA_REF_40MHZ (IN)
                         net (fo=0)                   0.000     0.000    design_1_i/CLK_AXI/ibuf_0/inst/in_ref
    F22                  IBUF (Prop_ibuf_I_O)         1.436     1.436 r  design_1_i/CLK_AXI/ibuf_0/inst/IBUF_inst/O
                         net (fo=2, routed)           1.051     2.487    design_1_i/CLK_AXI/CLK_COMMON/inst/clk_in1
    MMCME2_ADV_X0Y1      MMCME2_ADV (Prop_mmcme2_adv_CLKIN1_CLKOUT1)
                                                     -6.771    -4.284 r  design_1_i/CLK_AXI/CLK_COMMON/inst/mmcm_adv_inst/CLKOUT1
                         net (fo=1, routed)           2.017    -2.267    design_1_i/CLK_AXI/CLK_COMMON/inst/axi_periph_clk_design_1_CLK_COMMON_0
    BUFGCTRL_X0Y1        BUFG (Prop_bufg_I_O)         0.083    -2.184 r  design_1_i/CLK_AXI/CLK_COMMON/inst/clkout2_buf/O
                         net (fo=13477, routed)       1.543    -0.642    design_1_i/util_clkdiv_0/inst/clk
    BUFR_X0Y24           BUFR (Prop_bufr_I_O)         0.614    -0.028 r  design_1_i/util_clkdiv_0/inst/clk_divide_sel_0/O
                         net (fo=1, routed)           1.141     1.113    design_1_i/util_clkdiv_0/inst/clk_div_sel_0_s
    BUFGCTRL_X0Y20       BUFGCTRL (Prop_bufgctrl_I0_O)
                                                      0.083     1.196 r  design_1_i/util_clkdiv_0/inst/i_div_clk_gbuf/O
                         net (fo=1293, routed)        1.159     2.355    design_1_i/axi_ethernetlite_0/U0/XEMAC_I/EMAC_I/TX/INST_TX_INTRFCE/I_TX_FIFO/xpm_fifo_instance.xpm_fifo_async_inst/gnuram_async_fifo.xpm_fifo_base_inst/gen_cdc_pntr.wr_pntr_cdc_inst/dest_clk
    SLICE_X20Y167        FDRE                                         r  design_1_i/axi_ethernetlite_0/U0/XEMAC_I/EMAC_I/TX/INST_TX_INTRFCE/I_TX_FIFO/xpm_fifo_instance.xpm_fifo_async_inst/gnuram_async_fifo.xpm_fifo_base_inst/gen_cdc_pntr.wr_pntr_cdc_inst/dest_graysync_ff_reg[0][1]/C
                         clock pessimism             -0.653     1.702    
    SLICE_X20Y167        FDRE (Setup_fdre_C_D)       -0.083     1.619    design_1_i/axi_ethernetlite_0/U0/XEMAC_I/EMAC_I/TX/INST_TX_INTRFCE/I_TX_FIFO/xpm_fifo_instance.xpm_fifo_async_inst/gnuram_async_fifo.xpm_fifo_base_inst/gen_cdc_pntr.wr_pntr_cdc_inst/dest_graysync_ff_reg[0][1]
  -------------------------------------------------------------------
                         data arrival                          -0.966    
                         clock arrival                          1.619    
  -------------------------------------------------------------------
                         relative delay                        -2.585    

Reference path:
    Location             Delay type                Incr(ns)  Path(ns)    Netlist Resource(s)
  -------------------------------------------------------------------    -------------------
                         (clock axi_periph_clk_design_1_CLK_COMMON_0 rise edge)
                                                      0.000     0.000 r  
    F22                                               0.000     0.000 r  FPGA_REF_40MHZ (IN)
                         net (fo=0)                   0.000     0.000    design_1_i/CLK_AXI/ibuf_0/inst/in_ref
    F22                  IBUF (Prop_ibuf_I_O)         1.436     1.436 r  design_1_i/CLK_AXI/ibuf_0/inst/IBUF_inst/O
                         net (fo=2, routed)           1.051     2.487    design_1_i/CLK_AXI/CLK_COMMON/inst/clk_in1
    MMCME2_ADV_X0Y1      MMCME2_ADV (Prop_mmcme2_adv_CLKIN1_CLKOUT1)
                                                     -6.771    -4.284 r  design_1_i/CLK_AXI/CLK_COMMON/inst/mmcm_adv_inst/CLKOUT1
                         net (fo=1, routed)           2.017    -2.267    design_1_i/CLK_AXI/CLK_COMMON/inst/axi_periph_clk_design_1_CLK_COMMON_0
    BUFGCTRL_X0Y1        BUFG (Prop_bufg_I_O)         0.083    -2.184 r  design_1_i/CLK_AXI/CLK_COMMON/inst/clkout2_buf/O
                         net (fo=13477, routed)       1.158    -1.026    design_1_i/axi_ethernetlite_0/U0/XEMAC_I/EMAC_I/TX/INST_TX_INTRFCE/I_TX_FIFO/xpm_fifo_instance.xpm_fifo_async_inst/gnuram_async_fifo.xpm_fifo_base_inst/gen_cdc_pntr.wr_pntr_cdc_inst/src_clk
    SLICE_X19Y167        FDRE                                         r  design_1_i/axi_ethernetlite_0/U0/XEMAC_I/EMAC_I/TX/INST_TX_INTRFCE/I_TX_FIFO/xpm_fifo_instance.xpm_fifo_async_inst/gnuram_async_fifo.xpm_fifo_base_inst/gen_cdc_pntr.wr_pntr_cdc_inst/src_gray_ff_reg[2]/C
  -------------------------------------------------------------------    -------------------
    SLICE_X19Y167        FDRE (Prop_fdre_C_Q)         0.178    -0.848 r  design_1_i/axi_ethernetlite_0/U0/XEMAC_I/EMAC_I/TX/INST_TX_INTRFCE/I_TX_FIFO/xpm_fifo_instance.xpm_fifo_async_inst/gnuram_async_fifo.xpm_fifo_base_inst/gen_cdc_pntr.wr_pntr_cdc_inst/src_gray_ff_reg[2]/Q
                         net (fo=1, routed)           0.220    -0.629    design_1_i/axi_ethernetlite_0/U0/XEMAC_I/EMAC_I/TX/INST_TX_INTRFCE/I_TX_FIFO/xpm_fifo_instance.xpm_fifo_async_inst/gnuram_async_fifo.xpm_fifo_base_inst/gen_cdc_pntr.wr_pntr_cdc_inst/async_path[2]
    SLICE_X17Y168        FDRE                                         r  design_1_i/axi_ethernetlite_0/U0/XEMAC_I/EMAC_I/TX/INST_TX_INTRFCE/I_TX_FIFO/xpm_fifo_instance.xpm_fifo_async_inst/gnuram_async_fifo.xpm_fifo_base_inst/gen_cdc_pntr.wr_pntr_cdc_inst/dest_graysync_ff_reg[0][2]/D
  -------------------------------------------------------------------    -------------------

                         (clock clk_div_sel_0_s rise edge)
                                                      0.000     0.000 r  
    F22                                               0.000     0.000 r  FPGA_REF_40MHZ (IN)
                         net (fo=0)                   0.000     0.000    design_1_i/CLK_AXI/ibuf_0/inst/in_ref
    F22                  IBUF (Prop_ibuf_I_O)         1.568     1.568 r  design_1_i/CLK_AXI/ibuf_0/inst/IBUF_inst/O
                         net (fo=2, routed)           1.157     2.725    design_1_i/CLK_AXI/CLK_COMMON/inst/clk_in1
    MMCME2_ADV_X0Y1      MMCME2_ADV (Prop_mmcme2_adv_CLKIN1_CLKOUT1)
                                                     -7.799    -5.074 r  design_1_i/CLK_AXI/CLK_COMMON/inst/mmcm_adv_inst/CLKOUT1
                         net (fo=1, routed)           2.143    -2.931    design_1_i/CLK_AXI/CLK_COMMON/inst/axi_periph_clk_design_1_CLK_COMMON_0
    BUFGCTRL_X0Y1        BUFG (Prop_bufg_I_O)         0.093    -2.838 r  design_1_i/CLK_AXI/CLK_COMMON/inst/clkout2_buf/O
                         net (fo=13477, routed)       1.758    -1.080    design_1_i/util_clkdiv_0/inst/clk
    BUFR_X0Y24           BUFR (Prop_bufr_I_O)         0.650    -0.430 r  design_1_i/util_clkdiv_0/inst/clk_divide_sel_0/O
                         net (fo=1, routed)           1.269     0.839    design_1_i/util_clkdiv_0/inst/clk_div_sel_0_s
    BUFGCTRL_X0Y20       BUFGCTRL (Prop_bufgctrl_I0_O)
                                                      0.093     0.932 r  design_1_i/util_clkdiv_0/inst/i_div_clk_gbuf/O
                         net (fo=1293, routed)        1.290     2.222    design_1_i/axi_ethernetlite_0/U0/XEMAC_I/EMAC_I/TX/INST_TX_INTRFCE/I_TX_FIFO/xpm_fifo_instance.xpm_fifo_async_inst/gnuram_async_fifo.xpm_fifo_base_inst/gen_cdc_pntr.wr_pntr_cdc_inst/dest_clk
    SLICE_X17Y168        FDRE                                         r  design_1_i/axi_ethernetlite_0/U0/XEMAC_I/EMAC_I/TX/INST_TX_INTRFCE/I_TX_FIFO/xpm_fifo_instance.xpm_fifo_async_inst/gnuram_async_fifo.xpm_fifo_base_inst/gen_cdc_pntr.wr_pntr_cdc_inst/dest_graysync_ff_reg[0][2]/C
                         clock pessimism              0.653     2.875    
    SLICE_X17Y168        FDRE (Hold_fdre_C_D)         0.118     2.993    design_1_i/axi_ethernetlite_0/U0/XEMAC_I/EMAC_I/TX/INST_TX_INTRFCE/I_TX_FIFO/xpm_fifo_instance.xpm_fifo_async_inst/gnuram_async_fifo.xpm_fifo_base_inst/gen_cdc_pntr.wr_pntr_cdc_inst/dest_graysync_ff_reg[0][2]
  -------------------------------------------------------------------
                         data arrival                          -0.629    
                         clock arrival                          2.993    
  -------------------------------------------------------------------
                         relative delay                        -3.622    



Id: 5
set_bus_skew -from [get_cells [list {design_1_i/axi_ethernetlite_0/U0/XEMAC_I/EMAC_I/TX/INST_TX_INTRFCE/I_TX_FIFO/xpm_fifo_instance.xpm_fifo_async_inst/gnuram_async_fifo.xpm_fifo_base_inst/gen_cdc_pntr.rd_pntr_cdc_inst/src_gray_ff_reg[0]} {design_1_i/axi_ethernetlite_0/U0/XEMAC_I/EMAC_I/TX/INST_TX_INTRFCE/I_TX_FIFO/xpm_fifo_instance.xpm_fifo_async_inst/gnuram_async_fifo.xpm_fifo_base_inst/gen_cdc_pntr.rd_pntr_cdc_inst/src_gray_ff_reg[1]} {design_1_i/axi_ethernetlite_0/U0/XEMAC_I/EMAC_I/TX/INST_TX_INTRFCE/I_TX_FIFO/xpm_fifo_instance.xpm_fifo_async_inst/gnuram_async_fifo.xpm_fifo_base_inst/gen_cdc_pntr.rd_pntr_cdc_inst/src_gray_ff_reg[2]} {design_1_i/axi_ethernetlite_0/U0/XEMAC_I/EMAC_I/TX/INST_TX_INTRFCE/I_TX_FIFO/xpm_fifo_instance.xpm_fifo_async_inst/gnuram_async_fifo.xpm_fifo_base_inst/gen_cdc_pntr.rd_pntr_cdc_inst/src_gray_ff_reg[3]}]] -to [get_cells [list {design_1_i/axi_ethernetlite_0/U0/XEMAC_I/EMAC_I/TX/INST_TX_INTRFCE/I_TX_FIFO/xpm_fifo_instance.xpm_fifo_async_inst/gnuram_async_fifo.xpm_fifo_base_inst/gen_cdc_pntr.rd_pntr_cdc_inst/dest_graysync_ff_reg[0][0]} {design_1_i/axi_ethernetlite_0/U0/XEMAC_I/EMAC_I/TX/INST_TX_INTRFCE/I_TX_FIFO/xpm_fifo_instance.xpm_fifo_async_inst/gnuram_async_fifo.xpm_fifo_base_inst/gen_cdc_pntr.rd_pntr_cdc_inst/dest_graysync_ff_reg[0][1]} {design_1_i/axi_ethernetlite_0/U0/XEMAC_I/EMAC_I/TX/INST_TX_INTRFCE/I_TX_FIFO/xpm_fifo_instance.xpm_fifo_async_inst/gnuram_async_fifo.xpm_fifo_base_inst/gen_cdc_pntr.rd_pntr_cdc_inst/dest_graysync_ff_reg[0][2]} {design_1_i/axi_ethernetlite_0/U0/XEMAC_I/EMAC_I/TX/INST_TX_INTRFCE/I_TX_FIFO/xpm_fifo_instance.xpm_fifo_async_inst/gnuram_async_fifo.xpm_fifo_base_inst/gen_cdc_pntr.rd_pntr_cdc_inst/dest_graysync_ff_reg[0][3]}]] 10.000
Requirement: 10.000ns
Endpoints: 4

From Clock            To Clock              Endpoint Pin                    Reference Pin                   Corner  Actual(ns)  Slack(ns)
--------------------  --------------------  ------------------------------  ------------------------------  ------  ----------  ---------
clk_div_sel_0_s       axi_periph_clk_design_1_CLK_COMMON_0
                                            design_1_i/axi_ethernetlite_0/U0/XEMAC_I/EMAC_I/TX/INST_TX_INTRFCE/I_TX_FIFO/xpm_fifo_instance.xpm_fifo_async_inst/gnuram_async_fifo.xpm_fifo_base_inst/gen_cdc_pntr.rd_pntr_cdc_inst/dest_graysync_ff_reg[0][3]/D
                                                                            design_1_i/axi_ethernetlite_0/U0/XEMAC_I/EMAC_I/TX/INST_TX_INTRFCE/I_TX_FIFO/xpm_fifo_instance.xpm_fifo_async_inst/gnuram_async_fifo.xpm_fifo_base_inst/gen_cdc_pntr.rd_pntr_cdc_inst/dest_graysync_ff_reg[0][0]/D
                                                                                                            Slow         0.504      9.496


Slack (MET) :             9.496ns  (requirement - actual skew)
  Endpoint Source:        design_1_i/axi_ethernetlite_0/U0/XEMAC_I/EMAC_I/TX/INST_TX_INTRFCE/I_TX_FIFO/xpm_fifo_instance.xpm_fifo_async_inst/gnuram_async_fifo.xpm_fifo_base_inst/gen_cdc_pntr.rd_pntr_cdc_inst/src_gray_ff_reg[3]/C
                            (rising edge-triggered cell FDRE clocked by clk_div_sel_0_s)
  Endpoint Destination:   design_1_i/axi_ethernetlite_0/U0/XEMAC_I/EMAC_I/TX/INST_TX_INTRFCE/I_TX_FIFO/xpm_fifo_instance.xpm_fifo_async_inst/gnuram_async_fifo.xpm_fifo_base_inst/gen_cdc_pntr.rd_pntr_cdc_inst/dest_graysync_ff_reg[0][3]/D
                            (rising edge-triggered cell FDRE clocked by axi_periph_clk_design_1_CLK_COMMON_0)
  Reference Source:       design_1_i/axi_ethernetlite_0/U0/XEMAC_I/EMAC_I/TX/INST_TX_INTRFCE/I_TX_FIFO/xpm_fifo_instance.xpm_fifo_async_inst/gnuram_async_fifo.xpm_fifo_base_inst/gen_cdc_pntr.rd_pntr_cdc_inst/src_gray_ff_reg[0]/C
                            (rising edge-triggered cell FDRE clocked by clk_div_sel_0_s)
  Reference Destination:  design_1_i/axi_ethernetlite_0/U0/XEMAC_I/EMAC_I/TX/INST_TX_INTRFCE/I_TX_FIFO/xpm_fifo_instance.xpm_fifo_async_inst/gnuram_async_fifo.xpm_fifo_base_inst/gen_cdc_pntr.rd_pntr_cdc_inst/dest_graysync_ff_reg[0][0]/D
                            (rising edge-triggered cell FDRE clocked by axi_periph_clk_design_1_CLK_COMMON_0)
  Path Type:              Bus Skew (Max at Slow Process Corner)
  Requirement:            10.000ns
  Endpoint Relative Delay:    4.532ns
  Reference Relative Delay:   3.536ns
  Relative CRPR:              0.584ns
  Uncertainty:                0.092ns
  Actual Bus Skew:            0.504ns  (Endpoint Relative Delay - Reference Relative Delay - Relative CRPR + Uncertainty)

Endpoint path:
    Location             Delay type                Incr(ns)  Path(ns)    Netlist Resource(s)
  -------------------------------------------------------------------    -------------------
                         (clock clk_div_sel_0_s rise edge)
                                                      0.000     0.000 r  
    F22                                               0.000     0.000 r  FPGA_REF_40MHZ (IN)
                         net (fo=0)                   0.000     0.000    design_1_i/CLK_AXI/ibuf_0/inst/in_ref
    F22                  IBUF (Prop_ibuf_I_O)         1.568     1.568 r  design_1_i/CLK_AXI/ibuf_0/inst/IBUF_inst/O
                         net (fo=2, routed)           1.157     2.725    design_1_i/CLK_AXI/CLK_COMMON/inst/clk_in1
    MMCME2_ADV_X0Y1      MMCME2_ADV (Prop_mmcme2_adv_CLKIN1_CLKOUT1)
                                                     -7.799    -5.074 r  design_1_i/CLK_AXI/CLK_COMMON/inst/mmcm_adv_inst/CLKOUT1
                         net (fo=1, routed)           2.143    -2.931    design_1_i/CLK_AXI/CLK_COMMON/inst/axi_periph_clk_design_1_CLK_COMMON_0
    BUFGCTRL_X0Y1        BUFG (Prop_bufg_I_O)         0.093    -2.838 r  design_1_i/CLK_AXI/CLK_COMMON/inst/clkout2_buf/O
                         net (fo=13477, routed)       1.758    -1.080    design_1_i/util_clkdiv_0/inst/clk
    BUFR_X0Y24           BUFR (Prop_bufr_I_O)         0.650    -0.430 r  design_1_i/util_clkdiv_0/inst/clk_divide_sel_0/O
                         net (fo=1, routed)           1.269     0.839    design_1_i/util_clkdiv_0/inst/clk_div_sel_0_s
    BUFGCTRL_X0Y20       BUFGCTRL (Prop_bufgctrl_I0_O)
                                                      0.093     0.932 r  design_1_i/util_clkdiv_0/inst/i_div_clk_gbuf/O
                         net (fo=1293, routed)        1.291     2.223    design_1_i/axi_ethernetlite_0/U0/XEMAC_I/EMAC_I/TX/INST_TX_INTRFCE/I_TX_FIFO/xpm_fifo_instance.xpm_fifo_async_inst/gnuram_async_fifo.xpm_fifo_base_inst/gen_cdc_pntr.rd_pntr_cdc_inst/src_clk
    SLICE_X15Y168        FDRE                                         r  design_1_i/axi_ethernetlite_0/U0/XEMAC_I/EMAC_I/TX/INST_TX_INTRFCE/I_TX_FIFO/xpm_fifo_instance.xpm_fifo_async_inst/gnuram_async_fifo.xpm_fifo_base_inst/gen_cdc_pntr.rd_pntr_cdc_inst/src_gray_ff_reg[3]/C
  -------------------------------------------------------------------    -------------------
    SLICE_X15Y168        FDRE (Prop_fdre_C_Q)         0.204     2.427 r  design_1_i/axi_ethernetlite_0/U0/XEMAC_I/EMAC_I/TX/INST_TX_INTRFCE/I_TX_FIFO/xpm_fifo_instance.xpm_fifo_async_inst/gnuram_async_fifo.xpm_fifo_base_inst/gen_cdc_pntr.rd_pntr_cdc_inst/src_gray_ff_reg[3]/Q
                         net (fo=1, routed)           0.363     2.790    design_1_i/axi_ethernetlite_0/U0/XEMAC_I/EMAC_I/TX/INST_TX_INTRFCE/I_TX_FIFO/xpm_fifo_instance.xpm_fifo_async_inst/gnuram_async_fifo.xpm_fifo_base_inst/gen_cdc_pntr.rd_pntr_cdc_inst/async_path[3]
    SLICE_X16Y169        FDRE                                         r  design_1_i/axi_ethernetlite_0/U0/XEMAC_I/EMAC_I/TX/INST_TX_INTRFCE/I_TX_FIFO/xpm_fifo_instance.xpm_fifo_async_inst/gnuram_async_fifo.xpm_fifo_base_inst/gen_cdc_pntr.rd_pntr_cdc_inst/dest_graysync_ff_reg[0][3]/D
  -------------------------------------------------------------------    -------------------

                         (clock axi_periph_clk_design_1_CLK_COMMON_0 rise edge)
                                                      0.000     0.000 r  
    F22                                               0.000     0.000 r  FPGA_REF_40MHZ (IN)
                         net (fo=0)                   0.000     0.000    design_1_i/CLK_AXI/ibuf_0/inst/in_ref
    F22                  IBUF (Prop_ibuf_I_O)         1.436     1.436 r  design_1_i/CLK_AXI/ibuf_0/inst/IBUF_inst/O
                         net (fo=2, routed)           1.051     2.487    design_1_i/CLK_AXI/CLK_COMMON/inst/clk_in1
    MMCME2_ADV_X0Y1      MMCME2_ADV (Prop_mmcme2_adv_CLKIN1_CLKOUT1)
                                                     -6.771    -4.284 r  design_1_i/CLK_AXI/CLK_COMMON/inst/mmcm_adv_inst/CLKOUT1
                         net (fo=1, routed)           2.017    -2.267    design_1_i/CLK_AXI/CLK_COMMON/inst/axi_periph_clk_design_1_CLK_COMMON_0
    BUFGCTRL_X0Y1        BUFG (Prop_bufg_I_O)         0.083    -2.184 r  design_1_i/CLK_AXI/CLK_COMMON/inst/clkout2_buf/O
                         net (fo=13477, routed)       1.157    -1.027    design_1_i/axi_ethernetlite_0/U0/XEMAC_I/EMAC_I/TX/INST_TX_INTRFCE/I_TX_FIFO/xpm_fifo_instance.xpm_fifo_async_inst/gnuram_async_fifo.xpm_fifo_base_inst/gen_cdc_pntr.rd_pntr_cdc_inst/dest_clk
    SLICE_X16Y169        FDRE                                         r  design_1_i/axi_ethernetlite_0/U0/XEMAC_I/EMAC_I/TX/INST_TX_INTRFCE/I_TX_FIFO/xpm_fifo_instance.xpm_fifo_async_inst/gnuram_async_fifo.xpm_fifo_base_inst/gen_cdc_pntr.rd_pntr_cdc_inst/dest_graysync_ff_reg[0][3]/C
                         clock pessimism             -0.653    -1.681    
    SLICE_X16Y169        FDRE (Setup_fdre_C_D)       -0.061    -1.742    design_1_i/axi_ethernetlite_0/U0/XEMAC_I/EMAC_I/TX/INST_TX_INTRFCE/I_TX_FIFO/xpm_fifo_instance.xpm_fifo_async_inst/gnuram_async_fifo.xpm_fifo_base_inst/gen_cdc_pntr.rd_pntr_cdc_inst/dest_graysync_ff_reg[0][3]
  -------------------------------------------------------------------
                         data arrival                           2.790    
                         clock arrival                         -1.742    
  -------------------------------------------------------------------
                         relative delay                         4.532    

Reference path:
    Location             Delay type                Incr(ns)  Path(ns)    Netlist Resource(s)
  -------------------------------------------------------------------    -------------------
                         (clock clk_div_sel_0_s rise edge)
                                                      0.000     0.000 r  
    F22                                               0.000     0.000 r  FPGA_REF_40MHZ (IN)
                         net (fo=0)                   0.000     0.000    design_1_i/CLK_AXI/ibuf_0/inst/in_ref
    F22                  IBUF (Prop_ibuf_I_O)         1.436     1.436 r  design_1_i/CLK_AXI/ibuf_0/inst/IBUF_inst/O
                         net (fo=2, routed)           1.051     2.487    design_1_i/CLK_AXI/CLK_COMMON/inst/clk_in1
    MMCME2_ADV_X0Y1      MMCME2_ADV (Prop_mmcme2_adv_CLKIN1_CLKOUT1)
                                                     -6.771    -4.284 r  design_1_i/CLK_AXI/CLK_COMMON/inst/mmcm_adv_inst/CLKOUT1
                         net (fo=1, routed)           2.017    -2.267    design_1_i/CLK_AXI/CLK_COMMON/inst/axi_periph_clk_design_1_CLK_COMMON_0
    BUFGCTRL_X0Y1        BUFG (Prop_bufg_I_O)         0.083    -2.184 r  design_1_i/CLK_AXI/CLK_COMMON/inst/clkout2_buf/O
                         net (fo=13477, routed)       1.543    -0.642    design_1_i/util_clkdiv_0/inst/clk
    BUFR_X0Y24           BUFR (Prop_bufr_I_O)         0.614    -0.028 r  design_1_i/util_clkdiv_0/inst/clk_divide_sel_0/O
                         net (fo=1, routed)           1.141     1.113    design_1_i/util_clkdiv_0/inst/clk_div_sel_0_s
    BUFGCTRL_X0Y20       BUFGCTRL (Prop_bufgctrl_I0_O)
                                                      0.083     1.196 r  design_1_i/util_clkdiv_0/inst/i_div_clk_gbuf/O
                         net (fo=1293, routed)        1.159     2.355    design_1_i/axi_ethernetlite_0/U0/XEMAC_I/EMAC_I/TX/INST_TX_INTRFCE/I_TX_FIFO/xpm_fifo_instance.xpm_fifo_async_inst/gnuram_async_fifo.xpm_fifo_base_inst/gen_cdc_pntr.rd_pntr_cdc_inst/src_clk
    SLICE_X17Y168        FDRE                                         r  design_1_i/axi_ethernetlite_0/U0/XEMAC_I/EMAC_I/TX/INST_TX_INTRFCE/I_TX_FIFO/xpm_fifo_instance.xpm_fifo_async_inst/gnuram_async_fifo.xpm_fifo_base_inst/gen_cdc_pntr.rd_pntr_cdc_inst/src_gray_ff_reg[0]/C
  -------------------------------------------------------------------    -------------------
    SLICE_X17Y168        FDRE (Prop_fdre_C_Q)         0.178     2.533 r  design_1_i/axi_ethernetlite_0/U0/XEMAC_I/EMAC_I/TX/INST_TX_INTRFCE/I_TX_FIFO/xpm_fifo_instance.xpm_fifo_async_inst/gnuram_async_fifo.xpm_fifo_base_inst/gen_cdc_pntr.rd_pntr_cdc_inst/src_gray_ff_reg[0]/Q
                         net (fo=1, routed)           0.223     2.756    design_1_i/axi_ethernetlite_0/U0/XEMAC_I/EMAC_I/TX/INST_TX_INTRFCE/I_TX_FIFO/xpm_fifo_instance.xpm_fifo_async_inst/gnuram_async_fifo.xpm_fifo_base_inst/gen_cdc_pntr.rd_pntr_cdc_inst/async_path[0]
    SLICE_X17Y169        FDRE                                         r  design_1_i/axi_ethernetlite_0/U0/XEMAC_I/EMAC_I/TX/INST_TX_INTRFCE/I_TX_FIFO/xpm_fifo_instance.xpm_fifo_async_inst/gnuram_async_fifo.xpm_fifo_base_inst/gen_cdc_pntr.rd_pntr_cdc_inst/dest_graysync_ff_reg[0][0]/D
  -------------------------------------------------------------------    -------------------

                         (clock axi_periph_clk_design_1_CLK_COMMON_0 rise edge)
                                                      0.000     0.000 r  
    F22                                               0.000     0.000 r  FPGA_REF_40MHZ (IN)
                         net (fo=0)                   0.000     0.000    design_1_i/CLK_AXI/ibuf_0/inst/in_ref
    F22                  IBUF (Prop_ibuf_I_O)         1.568     1.568 r  design_1_i/CLK_AXI/ibuf_0/inst/IBUF_inst/O
                         net (fo=2, routed)           1.157     2.725    design_1_i/CLK_AXI/CLK_COMMON/inst/clk_in1
    MMCME2_ADV_X0Y1      MMCME2_ADV (Prop_mmcme2_adv_CLKIN1_CLKOUT1)
                                                     -7.799    -5.074 r  design_1_i/CLK_AXI/CLK_COMMON/inst/mmcm_adv_inst/CLKOUT1
                         net (fo=1, routed)           2.143    -2.931    design_1_i/CLK_AXI/CLK_COMMON/inst/axi_periph_clk_design_1_CLK_COMMON_0
    BUFGCTRL_X0Y1        BUFG (Prop_bufg_I_O)         0.093    -2.838 r  design_1_i/CLK_AXI/CLK_COMMON/inst/clkout2_buf/O
                         net (fo=13477, routed)       1.287    -1.551    design_1_i/axi_ethernetlite_0/U0/XEMAC_I/EMAC_I/TX/INST_TX_INTRFCE/I_TX_FIFO/xpm_fifo_instance.xpm_fifo_async_inst/gnuram_async_fifo.xpm_fifo_base_inst/gen_cdc_pntr.rd_pntr_cdc_inst/dest_clk
    SLICE_X17Y169        FDRE                                         r  design_1_i/axi_ethernetlite_0/U0/XEMAC_I/EMAC_I/TX/INST_TX_INTRFCE/I_TX_FIFO/xpm_fifo_instance.xpm_fifo_async_inst/gnuram_async_fifo.xpm_fifo_base_inst/gen_cdc_pntr.rd_pntr_cdc_inst/dest_graysync_ff_reg[0][0]/C
                         clock pessimism              0.653    -0.897    
    SLICE_X17Y169        FDRE (Hold_fdre_C_D)         0.118    -0.779    design_1_i/axi_ethernetlite_0/U0/XEMAC_I/EMAC_I/TX/INST_TX_INTRFCE/I_TX_FIFO/xpm_fifo_instance.xpm_fifo_async_inst/gnuram_async_fifo.xpm_fifo_base_inst/gen_cdc_pntr.rd_pntr_cdc_inst/dest_graysync_ff_reg[0][0]
  -------------------------------------------------------------------
                         data arrival                           2.756    
                         clock arrival                         -0.779    
  -------------------------------------------------------------------
                         relative delay                         3.536    



Id: 6
set_bus_skew -from [get_cells [list {design_1_i/axi_ethernetlite_0/U0/XEMAC_I/EMAC_I/RX/INST_RX_INTRFCE/I_RX_FIFO/xpm_fifo_instance.xpm_fifo_async_inst/gnuram_async_fifo.xpm_fifo_base_inst/gen_cdc_pntr.wr_pntr_cdc_inst/src_gray_ff_reg[0]} {design_1_i/axi_ethernetlite_0/U0/XEMAC_I/EMAC_I/RX/INST_RX_INTRFCE/I_RX_FIFO/xpm_fifo_instance.xpm_fifo_async_inst/gnuram_async_fifo.xpm_fifo_base_inst/gen_cdc_pntr.wr_pntr_cdc_inst/src_gray_ff_reg[1]} {design_1_i/axi_ethernetlite_0/U0/XEMAC_I/EMAC_I/RX/INST_RX_INTRFCE/I_RX_FIFO/xpm_fifo_instance.xpm_fifo_async_inst/gnuram_async_fifo.xpm_fifo_base_inst/gen_cdc_pntr.wr_pntr_cdc_inst/src_gray_ff_reg[2]} {design_1_i/axi_ethernetlite_0/U0/XEMAC_I/EMAC_I/RX/INST_RX_INTRFCE/I_RX_FIFO/xpm_fifo_instance.xpm_fifo_async_inst/gnuram_async_fifo.xpm_fifo_base_inst/gen_cdc_pntr.wr_pntr_cdc_inst/src_gray_ff_reg[3]}]] -to [get_cells [list {design_1_i/axi_ethernetlite_0/U0/XEMAC_I/EMAC_I/RX/INST_RX_INTRFCE/I_RX_FIFO/xpm_fifo_instance.xpm_fifo_async_inst/gnuram_async_fifo.xpm_fifo_base_inst/gen_cdc_pntr.wr_pntr_cdc_inst/dest_graysync_ff_reg[0][0]} {design_1_i/axi_ethernetlite_0/U0/XEMAC_I/EMAC_I/RX/INST_RX_INTRFCE/I_RX_FIFO/xpm_fifo_instance.xpm_fifo_async_inst/gnuram_async_fifo.xpm_fifo_base_inst/gen_cdc_pntr.wr_pntr_cdc_inst/dest_graysync_ff_reg[0][1]} {design_1_i/axi_ethernetlite_0/U0/XEMAC_I/EMAC_I/RX/INST_RX_INTRFCE/I_RX_FIFO/xpm_fifo_instance.xpm_fifo_async_inst/gnuram_async_fifo.xpm_fifo_base_inst/gen_cdc_pntr.wr_pntr_cdc_inst/dest_graysync_ff_reg[0][2]} {design_1_i/axi_ethernetlite_0/U0/XEMAC_I/EMAC_I/RX/INST_RX_INTRFCE/I_RX_FIFO/xpm_fifo_instance.xpm_fifo_async_inst/gnuram_async_fifo.xpm_fifo_base_inst/gen_cdc_pntr.wr_pntr_cdc_inst/dest_graysync_ff_reg[0][3]}]] 10.000
Requirement: 10.000ns
Endpoints: 4

From Clock            To Clock              Endpoint Pin                    Reference Pin                   Corner  Actual(ns)  Slack(ns)
--------------------  --------------------  ------------------------------  ------------------------------  ------  ----------  ---------
clk_div_sel_0_s       axi_periph_clk_design_1_CLK_COMMON_0
                                            design_1_i/axi_ethernetlite_0/U0/XEMAC_I/EMAC_I/RX/INST_RX_INTRFCE/I_RX_FIFO/xpm_fifo_instance.xpm_fifo_async_inst/gnuram_async_fifo.xpm_fifo_base_inst/gen_cdc_pntr.wr_pntr_cdc_inst/dest_graysync_ff_reg[0][1]/D
                                                                            design_1_i/axi_ethernetlite_0/U0/XEMAC_I/EMAC_I/RX/INST_RX_INTRFCE/I_RX_FIFO/xpm_fifo_instance.xpm_fifo_async_inst/gnuram_async_fifo.xpm_fifo_base_inst/gen_cdc_pntr.wr_pntr_cdc_inst/dest_graysync_ff_reg[0][0]/D
                                                                                                            Slow         0.490      9.510


Slack (MET) :             9.510ns  (requirement - actual skew)
  Endpoint Source:        design_1_i/axi_ethernetlite_0/U0/XEMAC_I/EMAC_I/RX/INST_RX_INTRFCE/I_RX_FIFO/xpm_fifo_instance.xpm_fifo_async_inst/gnuram_async_fifo.xpm_fifo_base_inst/gen_cdc_pntr.wr_pntr_cdc_inst/src_gray_ff_reg[1]/C
                            (rising edge-triggered cell FDRE clocked by clk_div_sel_0_s)
  Endpoint Destination:   design_1_i/axi_ethernetlite_0/U0/XEMAC_I/EMAC_I/RX/INST_RX_INTRFCE/I_RX_FIFO/xpm_fifo_instance.xpm_fifo_async_inst/gnuram_async_fifo.xpm_fifo_base_inst/gen_cdc_pntr.wr_pntr_cdc_inst/dest_graysync_ff_reg[0][1]/D
                            (rising edge-triggered cell FDRE clocked by axi_periph_clk_design_1_CLK_COMMON_0)
  Reference Source:       design_1_i/axi_ethernetlite_0/U0/XEMAC_I/EMAC_I/RX/INST_RX_INTRFCE/I_RX_FIFO/xpm_fifo_instance.xpm_fifo_async_inst/gnuram_async_fifo.xpm_fifo_base_inst/gen_cdc_pntr.wr_pntr_cdc_inst/src_gray_ff_reg[0]/C
                            (rising edge-triggered cell FDRE clocked by clk_div_sel_0_s)
  Reference Destination:  design_1_i/axi_ethernetlite_0/U0/XEMAC_I/EMAC_I/RX/INST_RX_INTRFCE/I_RX_FIFO/xpm_fifo_instance.xpm_fifo_async_inst/gnuram_async_fifo.xpm_fifo_base_inst/gen_cdc_pntr.wr_pntr_cdc_inst/dest_graysync_ff_reg[0][0]/D
                            (rising edge-triggered cell FDRE clocked by axi_periph_clk_design_1_CLK_COMMON_0)
  Path Type:              Bus Skew (Max at Slow Process Corner)
  Requirement:            10.000ns
  Endpoint Relative Delay:    4.529ns
  Reference Relative Delay:   3.521ns
  Relative CRPR:              0.610ns
  Uncertainty:                0.092ns
  Actual Bus Skew:            0.490ns  (Endpoint Relative Delay - Reference Relative Delay - Relative CRPR + Uncertainty)

Endpoint path:
    Location             Delay type                Incr(ns)  Path(ns)    Netlist Resource(s)
  -------------------------------------------------------------------    -------------------
                         (clock clk_div_sel_0_s rise edge)
                                                      0.000     0.000 r  
    F22                                               0.000     0.000 r  FPGA_REF_40MHZ (IN)
                         net (fo=0)                   0.000     0.000    design_1_i/CLK_AXI/ibuf_0/inst/in_ref
    F22                  IBUF (Prop_ibuf_I_O)         1.568     1.568 r  design_1_i/CLK_AXI/ibuf_0/inst/IBUF_inst/O
                         net (fo=2, routed)           1.157     2.725    design_1_i/CLK_AXI/CLK_COMMON/inst/clk_in1
    MMCME2_ADV_X0Y1      MMCME2_ADV (Prop_mmcme2_adv_CLKIN1_CLKOUT1)
                                                     -7.799    -5.074 r  design_1_i/CLK_AXI/CLK_COMMON/inst/mmcm_adv_inst/CLKOUT1
                         net (fo=1, routed)           2.143    -2.931    design_1_i/CLK_AXI/CLK_COMMON/inst/axi_periph_clk_design_1_CLK_COMMON_0
    BUFGCTRL_X0Y1        BUFG (Prop_bufg_I_O)         0.093    -2.838 r  design_1_i/CLK_AXI/CLK_COMMON/inst/clkout2_buf/O
                         net (fo=13477, routed)       1.758    -1.080    design_1_i/util_clkdiv_0/inst/clk
    BUFR_X0Y24           BUFR (Prop_bufr_I_O)         0.650    -0.430 r  design_1_i/util_clkdiv_0/inst/clk_divide_sel_0/O
                         net (fo=1, routed)           1.269     0.839    design_1_i/util_clkdiv_0/inst/clk_div_sel_0_s
    BUFGCTRL_X0Y20       BUFGCTRL (Prop_bufgctrl_I0_O)
                                                      0.093     0.932 r  design_1_i/util_clkdiv_0/inst/i_div_clk_gbuf/O
                         net (fo=1293, routed)        1.516     2.448    design_1_i/axi_ethernetlite_0/U0/XEMAC_I/EMAC_I/RX/INST_RX_INTRFCE/I_RX_FIFO/xpm_fifo_instance.xpm_fifo_async_inst/gnuram_async_fifo.xpm_fifo_base_inst/gen_cdc_pntr.wr_pntr_cdc_inst/src_clk
    SLICE_X7Y120         FDRE                                         r  design_1_i/axi_ethernetlite_0/U0/XEMAC_I/EMAC_I/RX/INST_RX_INTRFCE/I_RX_FIFO/xpm_fifo_instance.xpm_fifo_async_inst/gnuram_async_fifo.xpm_fifo_base_inst/gen_cdc_pntr.wr_pntr_cdc_inst/src_gray_ff_reg[1]/C
  -------------------------------------------------------------------    -------------------
    SLICE_X7Y120         FDRE (Prop_fdre_C_Q)         0.204     2.652 r  design_1_i/axi_ethernetlite_0/U0/XEMAC_I/EMAC_I/RX/INST_RX_INTRFCE/I_RX_FIFO/xpm_fifo_instance.xpm_fifo_async_inst/gnuram_async_fifo.xpm_fifo_base_inst/gen_cdc_pntr.wr_pntr_cdc_inst/src_gray_ff_reg[1]/Q
                         net (fo=1, routed)           0.362     3.014    design_1_i/axi_ethernetlite_0/U0/XEMAC_I/EMAC_I/RX/INST_RX_INTRFCE/I_RX_FIFO/xpm_fifo_instance.xpm_fifo_async_inst/gnuram_async_fifo.xpm_fifo_base_inst/gen_cdc_pntr.wr_pntr_cdc_inst/async_path[1]
    SLICE_X6Y120         FDRE                                         r  design_1_i/axi_ethernetlite_0/U0/XEMAC_I/EMAC_I/RX/INST_RX_INTRFCE/I_RX_FIFO/xpm_fifo_instance.xpm_fifo_async_inst/gnuram_async_fifo.xpm_fifo_base_inst/gen_cdc_pntr.wr_pntr_cdc_inst/dest_graysync_ff_reg[0][1]/D
  -------------------------------------------------------------------    -------------------

                         (clock axi_periph_clk_design_1_CLK_COMMON_0 rise edge)
                                                      0.000     0.000 r  
    F22                                               0.000     0.000 r  FPGA_REF_40MHZ (IN)
                         net (fo=0)                   0.000     0.000    design_1_i/CLK_AXI/ibuf_0/inst/in_ref
    F22                  IBUF (Prop_ibuf_I_O)         1.436     1.436 r  design_1_i/CLK_AXI/ibuf_0/inst/IBUF_inst/O
                         net (fo=2, routed)           1.051     2.487    design_1_i/CLK_AXI/CLK_COMMON/inst/clk_in1
    MMCME2_ADV_X0Y1      MMCME2_ADV (Prop_mmcme2_adv_CLKIN1_CLKOUT1)
                                                     -6.771    -4.284 r  design_1_i/CLK_AXI/CLK_COMMON/inst/mmcm_adv_inst/CLKOUT1
                         net (fo=1, routed)           2.017    -2.267    design_1_i/CLK_AXI/CLK_COMMON/inst/axi_periph_clk_design_1_CLK_COMMON_0
    BUFGCTRL_X0Y1        BUFG (Prop_bufg_I_O)         0.083    -2.184 r  design_1_i/CLK_AXI/CLK_COMMON/inst/clkout2_buf/O
                         net (fo=13477, routed)       1.381    -0.803    design_1_i/axi_ethernetlite_0/U0/XEMAC_I/EMAC_I/RX/INST_RX_INTRFCE/I_RX_FIFO/xpm_fifo_instance.xpm_fifo_async_inst/gnuram_async_fifo.xpm_fifo_base_inst/gen_cdc_pntr.wr_pntr_cdc_inst/dest_clk
    SLICE_X6Y120         FDRE                                         r  design_1_i/axi_ethernetlite_0/U0/XEMAC_I/EMAC_I/RX/INST_RX_INTRFCE/I_RX_FIFO/xpm_fifo_instance.xpm_fifo_async_inst/gnuram_async_fifo.xpm_fifo_base_inst/gen_cdc_pntr.wr_pntr_cdc_inst/dest_graysync_ff_reg[0][1]/C
                         clock pessimism             -0.653    -1.457    
    SLICE_X6Y120         FDRE (Setup_fdre_C_D)       -0.059    -1.516    design_1_i/axi_ethernetlite_0/U0/XEMAC_I/EMAC_I/RX/INST_RX_INTRFCE/I_RX_FIFO/xpm_fifo_instance.xpm_fifo_async_inst/gnuram_async_fifo.xpm_fifo_base_inst/gen_cdc_pntr.wr_pntr_cdc_inst/dest_graysync_ff_reg[0][1]
  -------------------------------------------------------------------
                         data arrival                           3.014    
                         clock arrival                         -1.516    
  -------------------------------------------------------------------
                         relative delay                         4.529    

Reference path:
    Location             Delay type                Incr(ns)  Path(ns)    Netlist Resource(s)
  -------------------------------------------------------------------    -------------------
                         (clock clk_div_sel_0_s rise edge)
                                                      0.000     0.000 r  
    F22                                               0.000     0.000 r  FPGA_REF_40MHZ (IN)
                         net (fo=0)                   0.000     0.000    design_1_i/CLK_AXI/ibuf_0/inst/in_ref
    F22                  IBUF (Prop_ibuf_I_O)         1.436     1.436 r  design_1_i/CLK_AXI/ibuf_0/inst/IBUF_inst/O
                         net (fo=2, routed)           1.051     2.487    design_1_i/CLK_AXI/CLK_COMMON/inst/clk_in1
    MMCME2_ADV_X0Y1      MMCME2_ADV (Prop_mmcme2_adv_CLKIN1_CLKOUT1)
                                                     -6.771    -4.284 r  design_1_i/CLK_AXI/CLK_COMMON/inst/mmcm_adv_inst/CLKOUT1
                         net (fo=1, routed)           2.017    -2.267    design_1_i/CLK_AXI/CLK_COMMON/inst/axi_periph_clk_design_1_CLK_COMMON_0
    BUFGCTRL_X0Y1        BUFG (Prop_bufg_I_O)         0.083    -2.184 r  design_1_i/CLK_AXI/CLK_COMMON/inst/clkout2_buf/O
                         net (fo=13477, routed)       1.543    -0.642    design_1_i/util_clkdiv_0/inst/clk
    BUFR_X0Y24           BUFR (Prop_bufr_I_O)         0.614    -0.028 r  design_1_i/util_clkdiv_0/inst/clk_divide_sel_0/O
                         net (fo=1, routed)           1.141     1.113    design_1_i/util_clkdiv_0/inst/clk_div_sel_0_s
    BUFGCTRL_X0Y20       BUFGCTRL (Prop_bufgctrl_I0_O)
                                                      0.083     1.196 r  design_1_i/util_clkdiv_0/inst/i_div_clk_gbuf/O
                         net (fo=1293, routed)        1.383     2.579    design_1_i/axi_ethernetlite_0/U0/XEMAC_I/EMAC_I/RX/INST_RX_INTRFCE/I_RX_FIFO/xpm_fifo_instance.xpm_fifo_async_inst/gnuram_async_fifo.xpm_fifo_base_inst/gen_cdc_pntr.wr_pntr_cdc_inst/src_clk
    SLICE_X7Y120         FDRE                                         r  design_1_i/axi_ethernetlite_0/U0/XEMAC_I/EMAC_I/RX/INST_RX_INTRFCE/I_RX_FIFO/xpm_fifo_instance.xpm_fifo_async_inst/gnuram_async_fifo.xpm_fifo_base_inst/gen_cdc_pntr.wr_pntr_cdc_inst/src_gray_ff_reg[0]/C
  -------------------------------------------------------------------    -------------------
    SLICE_X7Y120         FDRE (Prop_fdre_C_Q)         0.178     2.757 r  design_1_i/axi_ethernetlite_0/U0/XEMAC_I/EMAC_I/RX/INST_RX_INTRFCE/I_RX_FIFO/xpm_fifo_instance.xpm_fifo_async_inst/gnuram_async_fifo.xpm_fifo_base_inst/gen_cdc_pntr.wr_pntr_cdc_inst/src_gray_ff_reg[0]/Q
                         net (fo=1, routed)           0.247     3.005    design_1_i/axi_ethernetlite_0/U0/XEMAC_I/EMAC_I/RX/INST_RX_INTRFCE/I_RX_FIFO/xpm_fifo_instance.xpm_fifo_async_inst/gnuram_async_fifo.xpm_fifo_base_inst/gen_cdc_pntr.wr_pntr_cdc_inst/async_path[0]
    SLICE_X2Y120         FDRE                                         r  design_1_i/axi_ethernetlite_0/U0/XEMAC_I/EMAC_I/RX/INST_RX_INTRFCE/I_RX_FIFO/xpm_fifo_instance.xpm_fifo_async_inst/gnuram_async_fifo.xpm_fifo_base_inst/gen_cdc_pntr.wr_pntr_cdc_inst/dest_graysync_ff_reg[0][0]/D
  -------------------------------------------------------------------    -------------------

                         (clock axi_periph_clk_design_1_CLK_COMMON_0 rise edge)
                                                      0.000     0.000 r  
    F22                                               0.000     0.000 r  FPGA_REF_40MHZ (IN)
                         net (fo=0)                   0.000     0.000    design_1_i/CLK_AXI/ibuf_0/inst/in_ref
    F22                  IBUF (Prop_ibuf_I_O)         1.568     1.568 r  design_1_i/CLK_AXI/ibuf_0/inst/IBUF_inst/O
                         net (fo=2, routed)           1.157     2.725    design_1_i/CLK_AXI/CLK_COMMON/inst/clk_in1
    MMCME2_ADV_X0Y1      MMCME2_ADV (Prop_mmcme2_adv_CLKIN1_CLKOUT1)
                                                     -7.799    -5.074 r  design_1_i/CLK_AXI/CLK_COMMON/inst/mmcm_adv_inst/CLKOUT1
                         net (fo=1, routed)           2.143    -2.931    design_1_i/CLK_AXI/CLK_COMMON/inst/axi_periph_clk_design_1_CLK_COMMON_0
    BUFGCTRL_X0Y1        BUFG (Prop_bufg_I_O)         0.093    -2.838 r  design_1_i/CLK_AXI/CLK_COMMON/inst/clkout2_buf/O
                         net (fo=13477, routed)       1.515    -1.323    design_1_i/axi_ethernetlite_0/U0/XEMAC_I/EMAC_I/RX/INST_RX_INTRFCE/I_RX_FIFO/xpm_fifo_instance.xpm_fifo_async_inst/gnuram_async_fifo.xpm_fifo_base_inst/gen_cdc_pntr.wr_pntr_cdc_inst/dest_clk
    SLICE_X2Y120         FDRE                                         r  design_1_i/axi_ethernetlite_0/U0/XEMAC_I/EMAC_I/RX/INST_RX_INTRFCE/I_RX_FIFO/xpm_fifo_instance.xpm_fifo_async_inst/gnuram_async_fifo.xpm_fifo_base_inst/gen_cdc_pntr.wr_pntr_cdc_inst/dest_graysync_ff_reg[0][0]/C
                         clock pessimism              0.653    -0.669    
    SLICE_X2Y120         FDRE (Hold_fdre_C_D)         0.153    -0.516    design_1_i/axi_ethernetlite_0/U0/XEMAC_I/EMAC_I/RX/INST_RX_INTRFCE/I_RX_FIFO/xpm_fifo_instance.xpm_fifo_async_inst/gnuram_async_fifo.xpm_fifo_base_inst/gen_cdc_pntr.wr_pntr_cdc_inst/dest_graysync_ff_reg[0][0]
  -------------------------------------------------------------------
                         data arrival                           3.005    
                         clock arrival                         -0.516    
  -------------------------------------------------------------------
                         relative delay                         3.521    



Id: 7
set_bus_skew -from [get_cells [list {design_1_i/eth_pump_0/inst/axis_data_fifo_0_0/inst/gen_fifo.xpm_fifo_axis_inst/xpm_fifo_base_inst/gen_cdc_pntr.rd_pntr_cdc_inst/src_gray_ff_reg[0]} \
          {design_1_i/eth_pump_0/inst/axis_data_fifo_0_0/inst/gen_fifo.xpm_fifo_axis_inst/xpm_fifo_base_inst/gen_cdc_pntr.rd_pntr_cdc_inst/src_gray_ff_reg[10]} \
          {design_1_i/eth_pump_0/inst/axis_data_fifo_0_0/inst/gen_fifo.xpm_fifo_axis_inst/xpm_fifo_base_inst/gen_cdc_pntr.rd_pntr_cdc_inst/src_gray_ff_reg[11]} \
          {design_1_i/eth_pump_0/inst/axis_data_fifo_0_0/inst/gen_fifo.xpm_fifo_axis_inst/xpm_fifo_base_inst/gen_cdc_pntr.rd_pntr_cdc_inst/src_gray_ff_reg[1]} \
          {design_1_i/eth_pump_0/inst/axis_data_fifo_0_0/inst/gen_fifo.xpm_fifo_axis_inst/xpm_fifo_base_inst/gen_cdc_pntr.rd_pntr_cdc_inst/src_gray_ff_reg[2]} \
          {design_1_i/eth_pump_0/inst/axis_data_fifo_0_0/inst/gen_fifo.xpm_fifo_axis_inst/xpm_fifo_base_inst/gen_cdc_pntr.rd_pntr_cdc_inst/src_gray_ff_reg[3]} \
          {design_1_i/eth_pump_0/inst/axis_data_fifo_0_0/inst/gen_fifo.xpm_fifo_axis_inst/xpm_fifo_base_inst/gen_cdc_pntr.rd_pntr_cdc_inst/src_gray_ff_reg[4]} \
          {design_1_i/eth_pump_0/inst/axis_data_fifo_0_0/inst/gen_fifo.xpm_fifo_axis_inst/xpm_fifo_base_inst/gen_cdc_pntr.rd_pntr_cdc_inst/src_gray_ff_reg[5]} \
          {design_1_i/eth_pump_0/inst/axis_data_fifo_0_0/inst/gen_fifo.xpm_fifo_axis_inst/xpm_fifo_base_inst/gen_cdc_pntr.rd_pntr_cdc_inst/src_gray_ff_reg[6]} \
          {design_1_i/eth_pump_0/inst/axis_data_fifo_0_0/inst/gen_fifo.xpm_fifo_axis_inst/xpm_fifo_base_inst/gen_cdc_pntr.rd_pntr_cdc_inst/src_gray_ff_reg[7]} \
          {design_1_i/eth_pump_0/inst/axis_data_fifo_0_0/inst/gen_fifo.xpm_fifo_axis_inst/xpm_fifo_base_inst/gen_cdc_pntr.rd_pntr_cdc_inst/src_gray_ff_reg[8]} \
          {design_1_i/eth_pump_0/inst/axis_data_fifo_0_0/inst/gen_fifo.xpm_fifo_axis_inst/xpm_fifo_base_inst/gen_cdc_pntr.rd_pntr_cdc_inst/src_gray_ff_reg[9]}]] -to [get_cells [list {design_1_i/eth_pump_0/inst/axis_data_fifo_0_0/inst/gen_fifo.xpm_fifo_axis_inst/xpm_fifo_base_inst/gen_cdc_pntr.rd_pntr_cdc_inst/dest_graysync_ff_reg[0][0]} \
          {design_1_i/eth_pump_0/inst/axis_data_fifo_0_0/inst/gen_fifo.xpm_fifo_axis_inst/xpm_fifo_base_inst/gen_cdc_pntr.rd_pntr_cdc_inst/dest_graysync_ff_reg[0][10]} \
          {design_1_i/eth_pump_0/inst/axis_data_fifo_0_0/inst/gen_fifo.xpm_fifo_axis_inst/xpm_fifo_base_inst/gen_cdc_pntr.rd_pntr_cdc_inst/dest_graysync_ff_reg[0][11]} \
          {design_1_i/eth_pump_0/inst/axis_data_fifo_0_0/inst/gen_fifo.xpm_fifo_axis_inst/xpm_fifo_base_inst/gen_cdc_pntr.rd_pntr_cdc_inst/dest_graysync_ff_reg[0][1]} \
          {design_1_i/eth_pump_0/inst/axis_data_fifo_0_0/inst/gen_fifo.xpm_fifo_axis_inst/xpm_fifo_base_inst/gen_cdc_pntr.rd_pntr_cdc_inst/dest_graysync_ff_reg[0][2]} \
          {design_1_i/eth_pump_0/inst/axis_data_fifo_0_0/inst/gen_fifo.xpm_fifo_axis_inst/xpm_fifo_base_inst/gen_cdc_pntr.rd_pntr_cdc_inst/dest_graysync_ff_reg[0][3]} \
          {design_1_i/eth_pump_0/inst/axis_data_fifo_0_0/inst/gen_fifo.xpm_fifo_axis_inst/xpm_fifo_base_inst/gen_cdc_pntr.rd_pntr_cdc_inst/dest_graysync_ff_reg[0][4]} \
          {design_1_i/eth_pump_0/inst/axis_data_fifo_0_0/inst/gen_fifo.xpm_fifo_axis_inst/xpm_fifo_base_inst/gen_cdc_pntr.rd_pntr_cdc_inst/dest_graysync_ff_reg[0][5]} \
          {design_1_i/eth_pump_0/inst/axis_data_fifo_0_0/inst/gen_fifo.xpm_fifo_axis_inst/xpm_fifo_base_inst/gen_cdc_pntr.rd_pntr_cdc_inst/dest_graysync_ff_reg[0][6]} \
          {design_1_i/eth_pump_0/inst/axis_data_fifo_0_0/inst/gen_fifo.xpm_fifo_axis_inst/xpm_fifo_base_inst/gen_cdc_pntr.rd_pntr_cdc_inst/dest_graysync_ff_reg[0][7]} \
          {design_1_i/eth_pump_0/inst/axis_data_fifo_0_0/inst/gen_fifo.xpm_fifo_axis_inst/xpm_fifo_base_inst/gen_cdc_pntr.rd_pntr_cdc_inst/dest_graysync_ff_reg[0][8]} \
          {design_1_i/eth_pump_0/inst/axis_data_fifo_0_0/inst/gen_fifo.xpm_fifo_axis_inst/xpm_fifo_base_inst/gen_cdc_pntr.rd_pntr_cdc_inst/dest_graysync_ff_reg[0][9]}]] 5.425
Requirement: 5.425ns
Endpoints: 12

From Clock            To Clock              Endpoint Pin                    Reference Pin                   Corner  Actual(ns)  Slack(ns)
--------------------  --------------------  ------------------------------  ------------------------------  ------  ----------  ---------
clk_out1_design_1_clk_wiz_0_0
                      clk_div_sel_0_s       design_1_i/eth_pump_0/inst/axis_data_fifo_0_0/inst/gen_fifo.xpm_fifo_axis_inst/xpm_fifo_base_inst/gen_cdc_pntr.rd_pntr_cdc_inst/dest_graysync_ff_reg[0][3]/D
                                                                            design_1_i/eth_pump_0/inst/axis_data_fifo_0_0/inst/gen_fifo.xpm_fifo_axis_inst/xpm_fifo_base_inst/gen_cdc_pntr.rd_pntr_cdc_inst/dest_graysync_ff_reg[0][8]/D
                                                                                                            Fast         0.675      4.750


Slack (MET) :             4.750ns  (requirement - actual skew)
  Endpoint Source:        design_1_i/eth_pump_0/inst/axis_data_fifo_0_0/inst/gen_fifo.xpm_fifo_axis_inst/xpm_fifo_base_inst/gen_cdc_pntr.rd_pntr_cdc_inst/src_gray_ff_reg[3]/C
                            (rising edge-triggered cell FDRE clocked by clk_out1_design_1_clk_wiz_0_0)
  Endpoint Destination:   design_1_i/eth_pump_0/inst/axis_data_fifo_0_0/inst/gen_fifo.xpm_fifo_axis_inst/xpm_fifo_base_inst/gen_cdc_pntr.rd_pntr_cdc_inst/dest_graysync_ff_reg[0][3]/D
                            (rising edge-triggered cell FDRE clocked by clk_div_sel_0_s)
  Reference Source:       design_1_i/eth_pump_0/inst/axis_data_fifo_0_0/inst/gen_fifo.xpm_fifo_axis_inst/xpm_fifo_base_inst/gen_cdc_pntr.rd_pntr_cdc_inst/src_gray_ff_reg[8]/C
                            (rising edge-triggered cell FDRE clocked by clk_out1_design_1_clk_wiz_0_0)
  Reference Destination:  design_1_i/eth_pump_0/inst/axis_data_fifo_0_0/inst/gen_fifo.xpm_fifo_axis_inst/xpm_fifo_base_inst/gen_cdc_pntr.rd_pntr_cdc_inst/dest_graysync_ff_reg[0][8]/D
                            (rising edge-triggered cell FDRE clocked by clk_div_sel_0_s)
  Path Type:              Bus Skew (Max at Fast Process Corner)
  Requirement:            5.425ns
  Endpoint Relative Delay:   -1.398ns
  Reference Relative Delay:  -1.858ns
  Relative CRPR:              0.226ns
  Uncertainty:                0.441ns
  Actual Bus Skew:            0.675ns  (Endpoint Relative Delay - Reference Relative Delay - Relative CRPR + Uncertainty)

Endpoint path:
    Location             Delay type                Incr(ns)  Path(ns)    Netlist Resource(s)
  -------------------------------------------------------------------    -------------------
                         (clock clk_out1_design_1_clk_wiz_0_0 rise edge)
                                                      0.000     0.000 r  
    F22                                               0.000     0.000 r  FPGA_REF_40MHZ (IN)
                         net (fo=0)                   0.000     0.000    design_1_i/CLK_AXI/ibuf_0/inst/in_ref
    F22                  IBUF (Prop_ibuf_I_O)         0.689     0.689 r  design_1_i/CLK_AXI/ibuf_0/inst/IBUF_inst/O
                         net (fo=2, routed)           0.553     1.242    design_1_i/AD9361_CTRL/ad9361_clk/clk_DSP/inst/clk_in1
    MMCME2_ADV_X0Y2      MMCME2_ADV (Prop_mmcme2_adv_CLKIN1_CLKOUT0)
                                                     -3.270    -2.028 r  design_1_i/AD9361_CTRL/ad9361_clk/clk_DSP/inst/mmcm_adv_inst/CLKOUT0
                         net (fo=1, routed)           0.826    -1.202    design_1_i/AD9361_CTRL/ad9361_clk/clk_DSP/inst/sample_rate_30_72_design_1_clk_DSP_0
    BUFGCTRL_X0Y0        BUFG (Prop_bufg_I_O)         0.030    -1.172 r  design_1_i/AD9361_CTRL/ad9361_clk/clk_DSP/inst/clkout1_buf/O
                         net (fo=29668, routed)       1.012    -0.160    design_1_i/clk_wiz_0/inst/clk_in1
    PLLE2_ADV_X0Y6       PLLE2_ADV (Prop_plle2_adv_CLKIN1_CLKOUT0)
                                                     -2.097    -2.257 r  design_1_i/clk_wiz_0/inst/plle2_adv_inst/CLKOUT0
                         net (fo=1, routed)           1.057    -1.200    design_1_i/clk_wiz_0/inst/clk_out1_design_1_clk_wiz_0_0
    BUFGCTRL_X0Y19       BUFG (Prop_bufg_I_O)         0.030    -1.170 r  design_1_i/clk_wiz_0/inst/clkout1_buf/O
                         net (fo=1750, routed)        0.932    -0.238    design_1_i/eth_pump_0/inst/axis_data_fifo_0_0/inst/gen_fifo.xpm_fifo_axis_inst/xpm_fifo_base_inst/gen_cdc_pntr.rd_pntr_cdc_inst/src_clk
    SLICE_X16Y85         FDRE                                         r  design_1_i/eth_pump_0/inst/axis_data_fifo_0_0/inst/gen_fifo.xpm_fifo_axis_inst/xpm_fifo_base_inst/gen_cdc_pntr.rd_pntr_cdc_inst/src_gray_ff_reg[3]/C
  -------------------------------------------------------------------    -------------------
    SLICE_X16Y85         FDRE (Prop_fdre_C_Q)         0.133    -0.105 r  design_1_i/eth_pump_0/inst/axis_data_fifo_0_0/inst/gen_fifo.xpm_fifo_axis_inst/xpm_fifo_base_inst/gen_cdc_pntr.rd_pntr_cdc_inst/src_gray_ff_reg[3]/Q
                         net (fo=1, routed)           0.327     0.222    design_1_i/eth_pump_0/inst/axis_data_fifo_0_0/inst/gen_fifo.xpm_fifo_axis_inst/xpm_fifo_base_inst/gen_cdc_pntr.rd_pntr_cdc_inst/async_path[3]
    SLICE_X17Y84         FDRE                                         r  design_1_i/eth_pump_0/inst/axis_data_fifo_0_0/inst/gen_fifo.xpm_fifo_axis_inst/xpm_fifo_base_inst/gen_cdc_pntr.rd_pntr_cdc_inst/dest_graysync_ff_reg[0][3]/D
  -------------------------------------------------------------------    -------------------

                         (clock clk_div_sel_0_s rise edge)
                                                      0.000     0.000 r  
    F22                                               0.000     0.000 r  FPGA_REF_40MHZ (IN)
                         net (fo=0)                   0.000     0.000    design_1_i/CLK_AXI/ibuf_0/inst/in_ref
    F22                  IBUF (Prop_ibuf_I_O)         0.493     0.493 r  design_1_i/CLK_AXI/ibuf_0/inst/IBUF_inst/O
                         net (fo=2, routed)           0.563     1.056    design_1_i/CLK_AXI/CLK_COMMON/inst/clk_in1
    MMCME2_ADV_X0Y1      MMCME2_ADV (Prop_mmcme2_adv_CLKIN1_CLKOUT1)
                                                     -3.048    -1.992 r  design_1_i/CLK_AXI/CLK_COMMON/inst/mmcm_adv_inst/CLKOUT1
                         net (fo=1, routed)           0.948    -1.044    design_1_i/CLK_AXI/CLK_COMMON/inst/axi_periph_clk_design_1_CLK_COMMON_0
    BUFGCTRL_X0Y1        BUFG (Prop_bufg_I_O)         0.026    -1.018 r  design_1_i/CLK_AXI/CLK_COMMON/inst/clkout2_buf/O
                         net (fo=13477, routed)       0.811    -0.208    design_1_i/util_clkdiv_0/inst/clk
    BUFR_X0Y24           BUFR (Prop_bufr_I_O)         0.223     0.015 r  design_1_i/util_clkdiv_0/inst/clk_divide_sel_0/O
                         net (fo=1, routed)           0.731     0.746    design_1_i/util_clkdiv_0/inst/clk_div_sel_0_s
    BUFGCTRL_X0Y20       BUFGCTRL (Prop_bufgctrl_I0_O)
                                                      0.026     0.772 r  design_1_i/util_clkdiv_0/inst/i_div_clk_gbuf/O
                         net (fo=1293, routed)        0.693     1.465    design_1_i/eth_pump_0/inst/axis_data_fifo_0_0/inst/gen_fifo.xpm_fifo_axis_inst/xpm_fifo_base_inst/gen_cdc_pntr.rd_pntr_cdc_inst/dest_clk
    SLICE_X17Y84         FDRE                                         r  design_1_i/eth_pump_0/inst/axis_data_fifo_0_0/inst/gen_fifo.xpm_fifo_axis_inst/xpm_fifo_base_inst/gen_cdc_pntr.rd_pntr_cdc_inst/dest_graysync_ff_reg[0][3]/C
                         clock pessimism              0.197     1.662    
    SLICE_X17Y84         FDRE (Setup_fdre_C_D)       -0.042     1.620    design_1_i/eth_pump_0/inst/axis_data_fifo_0_0/inst/gen_fifo.xpm_fifo_axis_inst/xpm_fifo_base_inst/gen_cdc_pntr.rd_pntr_cdc_inst/dest_graysync_ff_reg[0][3]
  -------------------------------------------------------------------
                         data arrival                           0.222    
                         clock arrival                          1.620    
  -------------------------------------------------------------------
                         relative delay                        -1.398    

Reference path:
    Location             Delay type                Incr(ns)  Path(ns)    Netlist Resource(s)
  -------------------------------------------------------------------    -------------------
                         (clock clk_out1_design_1_clk_wiz_0_0 rise edge)
                                                      0.000     0.000 r  
    F22                                               0.000     0.000 r  FPGA_REF_40MHZ (IN)
                         net (fo=0)                   0.000     0.000    design_1_i/CLK_AXI/ibuf_0/inst/in_ref
    F22                  IBUF (Prop_ibuf_I_O)         0.493     0.493 r  design_1_i/CLK_AXI/ibuf_0/inst/IBUF_inst/O
                         net (fo=2, routed)           0.503     0.996    design_1_i/AD9361_CTRL/ad9361_clk/clk_DSP/inst/clk_in1
    MMCME2_ADV_X0Y2      MMCME2_ADV (Prop_mmcme2_adv_CLKIN1_CLKOUT0)
                                                     -2.833    -1.837 r  design_1_i/AD9361_CTRL/ad9361_clk/clk_DSP/inst/mmcm_adv_inst/CLKOUT0
                         net (fo=1, routed)           0.761    -1.076    design_1_i/AD9361_CTRL/ad9361_clk/clk_DSP/inst/sample_rate_30_72_design_1_clk_DSP_0
    BUFGCTRL_X0Y0        BUFG (Prop_bufg_I_O)         0.026    -1.050 r  design_1_i/AD9361_CTRL/ad9361_clk/clk_DSP/inst/clkout1_buf/O
                         net (fo=29668, routed)       0.757    -0.293    design_1_i/clk_wiz_0/inst/clk_in1
    PLLE2_ADV_X0Y6       PLLE2_ADV (Prop_plle2_adv_CLKIN1_CLKOUT0)
                                                     -1.767    -2.060 r  design_1_i/clk_wiz_0/inst/plle2_adv_inst/CLKOUT0
                         net (fo=1, routed)           0.986    -1.074    design_1_i/clk_wiz_0/inst/clk_out1_design_1_clk_wiz_0_0
    BUFGCTRL_X0Y19       BUFG (Prop_bufg_I_O)         0.026    -1.048 r  design_1_i/clk_wiz_0/inst/clkout1_buf/O
                         net (fo=1750, routed)        0.692    -0.356    design_1_i/eth_pump_0/inst/axis_data_fifo_0_0/inst/gen_fifo.xpm_fifo_axis_inst/xpm_fifo_base_inst/gen_cdc_pntr.rd_pntr_cdc_inst/src_clk
    SLICE_X20Y84         FDRE                                         r  design_1_i/eth_pump_0/inst/axis_data_fifo_0_0/inst/gen_fifo.xpm_fifo_axis_inst/xpm_fifo_base_inst/gen_cdc_pntr.rd_pntr_cdc_inst/src_gray_ff_reg[8]/C
  -------------------------------------------------------------------    -------------------
    SLICE_X20Y84         FDRE (Prop_fdre_C_Q)         0.118    -0.238 r  design_1_i/eth_pump_0/inst/axis_data_fifo_0_0/inst/gen_fifo.xpm_fifo_axis_inst/xpm_fifo_base_inst/gen_cdc_pntr.rd_pntr_cdc_inst/src_gray_ff_reg[8]/Q
                         net (fo=1, routed)           0.134    -0.105    design_1_i/eth_pump_0/inst/axis_data_fifo_0_0/inst/gen_fifo.xpm_fifo_axis_inst/xpm_fifo_base_inst/gen_cdc_pntr.rd_pntr_cdc_inst/async_path[8]
    SLICE_X21Y85         FDRE                                         r  design_1_i/eth_pump_0/inst/axis_data_fifo_0_0/inst/gen_fifo.xpm_fifo_axis_inst/xpm_fifo_base_inst/gen_cdc_pntr.rd_pntr_cdc_inst/dest_graysync_ff_reg[0][8]/D
  -------------------------------------------------------------------    -------------------

                         (clock clk_div_sel_0_s rise edge)
                                                      0.000     0.000 r  
    F22                                               0.000     0.000 r  FPGA_REF_40MHZ (IN)
                         net (fo=0)                   0.000     0.000    design_1_i/CLK_AXI/ibuf_0/inst/in_ref
    F22                  IBUF (Prop_ibuf_I_O)         0.689     0.689 r  design_1_i/CLK_AXI/ibuf_0/inst/IBUF_inst/O
                         net (fo=2, routed)           0.623     1.312    design_1_i/CLK_AXI/CLK_COMMON/inst/clk_in1
    MMCME2_ADV_X0Y1      MMCME2_ADV (Prop_mmcme2_adv_CLKIN1_CLKOUT1)
                                                     -3.501    -2.189 r  design_1_i/CLK_AXI/CLK_COMMON/inst/mmcm_adv_inst/CLKOUT1
                         net (fo=1, routed)           1.015    -1.174    design_1_i/CLK_AXI/CLK_COMMON/inst/axi_periph_clk_design_1_CLK_COMMON_0
    BUFGCTRL_X0Y1        BUFG (Prop_bufg_I_O)         0.030    -1.144 r  design_1_i/CLK_AXI/CLK_COMMON/inst/clkout2_buf/O
                         net (fo=13477, routed)       1.063    -0.081    design_1_i/util_clkdiv_0/inst/clk
    BUFR_X0Y24           BUFR (Prop_bufr_I_O)         0.251     0.170 r  design_1_i/util_clkdiv_0/inst/clk_divide_sel_0/O
                         net (fo=1, routed)           0.787     0.957    design_1_i/util_clkdiv_0/inst/clk_div_sel_0_s
    BUFGCTRL_X0Y20       BUFGCTRL (Prop_bufgctrl_I0_O)
                                                      0.030     0.987 r  design_1_i/util_clkdiv_0/inst/i_div_clk_gbuf/O
                         net (fo=1293, routed)        0.931     1.918    design_1_i/eth_pump_0/inst/axis_data_fifo_0_0/inst/gen_fifo.xpm_fifo_axis_inst/xpm_fifo_base_inst/gen_cdc_pntr.rd_pntr_cdc_inst/dest_clk
    SLICE_X21Y85         FDRE                                         r  design_1_i/eth_pump_0/inst/axis_data_fifo_0_0/inst/gen_fifo.xpm_fifo_axis_inst/xpm_fifo_base_inst/gen_cdc_pntr.rd_pntr_cdc_inst/dest_graysync_ff_reg[0][8]/C
                         clock pessimism             -0.197     1.721    
    SLICE_X21Y85         FDRE (Hold_fdre_C_D)         0.032     1.753    design_1_i/eth_pump_0/inst/axis_data_fifo_0_0/inst/gen_fifo.xpm_fifo_axis_inst/xpm_fifo_base_inst/gen_cdc_pntr.rd_pntr_cdc_inst/dest_graysync_ff_reg[0][8]
  -------------------------------------------------------------------
                         data arrival                          -0.105    
                         clock arrival                          1.753    
  -------------------------------------------------------------------
                         relative delay                        -1.858    



Id: 8
set_bus_skew -from [get_cells [list {design_1_i/eth_pump_0/inst/axis_data_fifo_0_1/inst/gen_fifo.xpm_fifo_axis_inst/xpm_fifo_base_inst/gen_cdc_pntr.wr_pntr_cdc_inst/src_gray_ff_reg[0]} \
          {design_1_i/eth_pump_0/inst/axis_data_fifo_0_1/inst/gen_fifo.xpm_fifo_axis_inst/xpm_fifo_base_inst/gen_cdc_pntr.wr_pntr_cdc_inst/src_gray_ff_reg[10]} \
          {design_1_i/eth_pump_0/inst/axis_data_fifo_0_1/inst/gen_fifo.xpm_fifo_axis_inst/xpm_fifo_base_inst/gen_cdc_pntr.wr_pntr_cdc_inst/src_gray_ff_reg[11]} \
          {design_1_i/eth_pump_0/inst/axis_data_fifo_0_1/inst/gen_fifo.xpm_fifo_axis_inst/xpm_fifo_base_inst/gen_cdc_pntr.wr_pntr_cdc_inst/src_gray_ff_reg[1]} \
          {design_1_i/eth_pump_0/inst/axis_data_fifo_0_1/inst/gen_fifo.xpm_fifo_axis_inst/xpm_fifo_base_inst/gen_cdc_pntr.wr_pntr_cdc_inst/src_gray_ff_reg[2]} \
          {design_1_i/eth_pump_0/inst/axis_data_fifo_0_1/inst/gen_fifo.xpm_fifo_axis_inst/xpm_fifo_base_inst/gen_cdc_pntr.wr_pntr_cdc_inst/src_gray_ff_reg[3]} \
          {design_1_i/eth_pump_0/inst/axis_data_fifo_0_1/inst/gen_fifo.xpm_fifo_axis_inst/xpm_fifo_base_inst/gen_cdc_pntr.wr_pntr_cdc_inst/src_gray_ff_reg[4]} \
          {design_1_i/eth_pump_0/inst/axis_data_fifo_0_1/inst/gen_fifo.xpm_fifo_axis_inst/xpm_fifo_base_inst/gen_cdc_pntr.wr_pntr_cdc_inst/src_gray_ff_reg[5]} \
          {design_1_i/eth_pump_0/inst/axis_data_fifo_0_1/inst/gen_fifo.xpm_fifo_axis_inst/xpm_fifo_base_inst/gen_cdc_pntr.wr_pntr_cdc_inst/src_gray_ff_reg[6]} \
          {design_1_i/eth_pump_0/inst/axis_data_fifo_0_1/inst/gen_fifo.xpm_fifo_axis_inst/xpm_fifo_base_inst/gen_cdc_pntr.wr_pntr_cdc_inst/src_gray_ff_reg[7]} \
          {design_1_i/eth_pump_0/inst/axis_data_fifo_0_1/inst/gen_fifo.xpm_fifo_axis_inst/xpm_fifo_base_inst/gen_cdc_pntr.wr_pntr_cdc_inst/src_gray_ff_reg[8]} \
          {design_1_i/eth_pump_0/inst/axis_data_fifo_0_1/inst/gen_fifo.xpm_fifo_axis_inst/xpm_fifo_base_inst/gen_cdc_pntr.wr_pntr_cdc_inst/src_gray_ff_reg[9]}]] -to [get_cells [list {design_1_i/eth_pump_0/inst/axis_data_fifo_0_1/inst/gen_fifo.xpm_fifo_axis_inst/xpm_fifo_base_inst/gen_cdc_pntr.wr_pntr_cdc_inst/dest_graysync_ff_reg[0][0]} \
          {design_1_i/eth_pump_0/inst/axis_data_fifo_0_1/inst/gen_fifo.xpm_fifo_axis_inst/xpm_fifo_base_inst/gen_cdc_pntr.wr_pntr_cdc_inst/dest_graysync_ff_reg[0][10]} \
          {design_1_i/eth_pump_0/inst/axis_data_fifo_0_1/inst/gen_fifo.xpm_fifo_axis_inst/xpm_fifo_base_inst/gen_cdc_pntr.wr_pntr_cdc_inst/dest_graysync_ff_reg[0][11]} \
          {design_1_i/eth_pump_0/inst/axis_data_fifo_0_1/inst/gen_fifo.xpm_fifo_axis_inst/xpm_fifo_base_inst/gen_cdc_pntr.wr_pntr_cdc_inst/dest_graysync_ff_reg[0][1]} \
          {design_1_i/eth_pump_0/inst/axis_data_fifo_0_1/inst/gen_fifo.xpm_fifo_axis_inst/xpm_fifo_base_inst/gen_cdc_pntr.wr_pntr_cdc_inst/dest_graysync_ff_reg[0][2]} \
          {design_1_i/eth_pump_0/inst/axis_data_fifo_0_1/inst/gen_fifo.xpm_fifo_axis_inst/xpm_fifo_base_inst/gen_cdc_pntr.wr_pntr_cdc_inst/dest_graysync_ff_reg[0][3]} \
          {design_1_i/eth_pump_0/inst/axis_data_fifo_0_1/inst/gen_fifo.xpm_fifo_axis_inst/xpm_fifo_base_inst/gen_cdc_pntr.wr_pntr_cdc_inst/dest_graysync_ff_reg[0][4]} \
          {design_1_i/eth_pump_0/inst/axis_data_fifo_0_1/inst/gen_fifo.xpm_fifo_axis_inst/xpm_fifo_base_inst/gen_cdc_pntr.wr_pntr_cdc_inst/dest_graysync_ff_reg[0][5]} \
          {design_1_i/eth_pump_0/inst/axis_data_fifo_0_1/inst/gen_fifo.xpm_fifo_axis_inst/xpm_fifo_base_inst/gen_cdc_pntr.wr_pntr_cdc_inst/dest_graysync_ff_reg[0][6]} \
          {design_1_i/eth_pump_0/inst/axis_data_fifo_0_1/inst/gen_fifo.xpm_fifo_axis_inst/xpm_fifo_base_inst/gen_cdc_pntr.wr_pntr_cdc_inst/dest_graysync_ff_reg[0][7]} \
          {design_1_i/eth_pump_0/inst/axis_data_fifo_0_1/inst/gen_fifo.xpm_fifo_axis_inst/xpm_fifo_base_inst/gen_cdc_pntr.wr_pntr_cdc_inst/dest_graysync_ff_reg[0][8]} \
          {design_1_i/eth_pump_0/inst/axis_data_fifo_0_1/inst/gen_fifo.xpm_fifo_axis_inst/xpm_fifo_base_inst/gen_cdc_pntr.wr_pntr_cdc_inst/dest_graysync_ff_reg[0][9]}]] 3.617
Requirement: 3.617ns
Endpoints: 12

From Clock            To Clock              Endpoint Pin                    Reference Pin                   Corner  Actual(ns)  Slack(ns)
--------------------  --------------------  ------------------------------  ------------------------------  ------  ----------  ---------
clk_out2_design_1_clk_wiz_0_0
                      clk_div_sel_0_s       design_1_i/eth_pump_0/inst/axis_data_fifo_0_1/inst/gen_fifo.xpm_fifo_axis_inst/xpm_fifo_base_inst/gen_cdc_pntr.wr_pntr_cdc_inst/dest_graysync_ff_reg[0][11]/D
                                                                            design_1_i/eth_pump_0/inst/axis_data_fifo_0_1/inst/gen_fifo.xpm_fifo_axis_inst/xpm_fifo_base_inst/gen_cdc_pntr.wr_pntr_cdc_inst/dest_graysync_ff_reg[0][6]/D
                                                                                                            Fast         0.600      3.017


Slack (MET) :             3.017ns  (requirement - actual skew)
  Endpoint Source:        design_1_i/eth_pump_0/inst/axis_data_fifo_0_1/inst/gen_fifo.xpm_fifo_axis_inst/xpm_fifo_base_inst/gen_cdc_pntr.wr_pntr_cdc_inst/src_gray_ff_reg[11]/C
                            (rising edge-triggered cell FDRE clocked by clk_out2_design_1_clk_wiz_0_0)
  Endpoint Destination:   design_1_i/eth_pump_0/inst/axis_data_fifo_0_1/inst/gen_fifo.xpm_fifo_axis_inst/xpm_fifo_base_inst/gen_cdc_pntr.wr_pntr_cdc_inst/dest_graysync_ff_reg[0][11]/D
                            (rising edge-triggered cell FDRE clocked by clk_div_sel_0_s)
  Reference Source:       design_1_i/eth_pump_0/inst/axis_data_fifo_0_1/inst/gen_fifo.xpm_fifo_axis_inst/xpm_fifo_base_inst/gen_cdc_pntr.wr_pntr_cdc_inst/src_gray_ff_reg[6]/C
                            (rising edge-triggered cell FDRE clocked by clk_out2_design_1_clk_wiz_0_0)
  Reference Destination:  design_1_i/eth_pump_0/inst/axis_data_fifo_0_1/inst/gen_fifo.xpm_fifo_axis_inst/xpm_fifo_base_inst/gen_cdc_pntr.wr_pntr_cdc_inst/dest_graysync_ff_reg[0][6]/D
                            (rising edge-triggered cell FDRE clocked by clk_div_sel_0_s)
  Path Type:              Bus Skew (Max at Fast Process Corner)
  Requirement:            3.617ns
  Endpoint Relative Delay:   -1.490ns
  Reference Relative Delay:  -1.879ns
  Relative CRPR:              0.226ns
  Uncertainty:                0.436ns
  Actual Bus Skew:            0.600ns  (Endpoint Relative Delay - Reference Relative Delay - Relative CRPR + Uncertainty)

Endpoint path:
    Location             Delay type                Incr(ns)  Path(ns)    Netlist Resource(s)
  -------------------------------------------------------------------    -------------------
                         (clock clk_out2_design_1_clk_wiz_0_0 rise edge)
                                                      0.000     0.000 r  
    F22                                               0.000     0.000 r  FPGA_REF_40MHZ (IN)
                         net (fo=0)                   0.000     0.000    design_1_i/CLK_AXI/ibuf_0/inst/in_ref
    F22                  IBUF (Prop_ibuf_I_O)         0.689     0.689 r  design_1_i/CLK_AXI/ibuf_0/inst/IBUF_inst/O
                         net (fo=2, routed)           0.553     1.242    design_1_i/AD9361_CTRL/ad9361_clk/clk_DSP/inst/clk_in1
    MMCME2_ADV_X0Y2      MMCME2_ADV (Prop_mmcme2_adv_CLKIN1_CLKOUT0)
                                                     -3.270    -2.028 r  design_1_i/AD9361_CTRL/ad9361_clk/clk_DSP/inst/mmcm_adv_inst/CLKOUT0
                         net (fo=1, routed)           0.826    -1.202    design_1_i/AD9361_CTRL/ad9361_clk/clk_DSP/inst/sample_rate_30_72_design_1_clk_DSP_0
    BUFGCTRL_X0Y0        BUFG (Prop_bufg_I_O)         0.030    -1.172 r  design_1_i/AD9361_CTRL/ad9361_clk/clk_DSP/inst/clkout1_buf/O
                         net (fo=29668, routed)       1.012    -0.160    design_1_i/clk_wiz_0/inst/clk_in1
    PLLE2_ADV_X0Y6       PLLE2_ADV (Prop_plle2_adv_CLKIN1_CLKOUT1)
                                                     -2.097    -2.257 r  design_1_i/clk_wiz_0/inst/plle2_adv_inst/CLKOUT1
                         net (fo=1, routed)           1.057    -1.200    design_1_i/clk_wiz_0/inst/clk_out2_design_1_clk_wiz_0_0
    BUFGCTRL_X0Y18       BUFG (Prop_bufg_I_O)         0.030    -1.170 r  design_1_i/clk_wiz_0/inst/clkout2_buf/O
                         net (fo=17714, routed)       0.936    -0.234    design_1_i/eth_pump_0/inst/axis_data_fifo_0_1/inst/gen_fifo.xpm_fifo_axis_inst/xpm_fifo_base_inst/gen_cdc_pntr.wr_pntr_cdc_inst/src_clk
    SLICE_X21Y54         FDRE                                         r  design_1_i/eth_pump_0/inst/axis_data_fifo_0_1/inst/gen_fifo.xpm_fifo_axis_inst/xpm_fifo_base_inst/gen_cdc_pntr.wr_pntr_cdc_inst/src_gray_ff_reg[11]/C
  -------------------------------------------------------------------    -------------------
    SLICE_X21Y54         FDRE (Prop_fdre_C_Q)         0.113    -0.121 r  design_1_i/eth_pump_0/inst/axis_data_fifo_0_1/inst/gen_fifo.xpm_fifo_axis_inst/xpm_fifo_base_inst/gen_cdc_pntr.wr_pntr_cdc_inst/src_gray_ff_reg[11]/Q
                         net (fo=1, routed)           0.271     0.151    design_1_i/eth_pump_0/inst/axis_data_fifo_0_1/inst/gen_fifo.xpm_fifo_axis_inst/xpm_fifo_base_inst/gen_cdc_pntr.wr_pntr_cdc_inst/async_path[11]
    SLICE_X20Y51         FDRE                                         r  design_1_i/eth_pump_0/inst/axis_data_fifo_0_1/inst/gen_fifo.xpm_fifo_axis_inst/xpm_fifo_base_inst/gen_cdc_pntr.wr_pntr_cdc_inst/dest_graysync_ff_reg[0][11]/D
  -------------------------------------------------------------------    -------------------

                         (clock clk_div_sel_0_s rise edge)
                                                      0.000     0.000 r  
    F22                                               0.000     0.000 r  FPGA_REF_40MHZ (IN)
                         net (fo=0)                   0.000     0.000    design_1_i/CLK_AXI/ibuf_0/inst/in_ref
    F22                  IBUF (Prop_ibuf_I_O)         0.493     0.493 r  design_1_i/CLK_AXI/ibuf_0/inst/IBUF_inst/O
                         net (fo=2, routed)           0.563     1.056    design_1_i/CLK_AXI/CLK_COMMON/inst/clk_in1
    MMCME2_ADV_X0Y1      MMCME2_ADV (Prop_mmcme2_adv_CLKIN1_CLKOUT1)
                                                     -3.048    -1.992 r  design_1_i/CLK_AXI/CLK_COMMON/inst/mmcm_adv_inst/CLKOUT1
                         net (fo=1, routed)           0.948    -1.044    design_1_i/CLK_AXI/CLK_COMMON/inst/axi_periph_clk_design_1_CLK_COMMON_0
    BUFGCTRL_X0Y1        BUFG (Prop_bufg_I_O)         0.026    -1.018 r  design_1_i/CLK_AXI/CLK_COMMON/inst/clkout2_buf/O
                         net (fo=13477, routed)       0.811    -0.208    design_1_i/util_clkdiv_0/inst/clk
    BUFR_X0Y24           BUFR (Prop_bufr_I_O)         0.223     0.015 r  design_1_i/util_clkdiv_0/inst/clk_divide_sel_0/O
                         net (fo=1, routed)           0.731     0.746    design_1_i/util_clkdiv_0/inst/clk_div_sel_0_s
    BUFGCTRL_X0Y20       BUFGCTRL (Prop_bufgctrl_I0_O)
                                                      0.026     0.772 r  design_1_i/util_clkdiv_0/inst/i_div_clk_gbuf/O
                         net (fo=1293, routed)        0.697     1.469    design_1_i/eth_pump_0/inst/axis_data_fifo_0_1/inst/gen_fifo.xpm_fifo_axis_inst/xpm_fifo_base_inst/gen_cdc_pntr.wr_pntr_cdc_inst/dest_clk
    SLICE_X20Y51         FDRE                                         r  design_1_i/eth_pump_0/inst/axis_data_fifo_0_1/inst/gen_fifo.xpm_fifo_axis_inst/xpm_fifo_base_inst/gen_cdc_pntr.wr_pntr_cdc_inst/dest_graysync_ff_reg[0][11]/C
                         clock pessimism              0.197     1.666    
    SLICE_X20Y51         FDRE (Setup_fdre_C_D)       -0.026     1.640    design_1_i/eth_pump_0/inst/axis_data_fifo_0_1/inst/gen_fifo.xpm_fifo_axis_inst/xpm_fifo_base_inst/gen_cdc_pntr.wr_pntr_cdc_inst/dest_graysync_ff_reg[0][11]
  -------------------------------------------------------------------
                         data arrival                           0.151    
                         clock arrival                          1.640    
  -------------------------------------------------------------------
                         relative delay                        -1.490    

Reference path:
    Location             Delay type                Incr(ns)  Path(ns)    Netlist Resource(s)
  -------------------------------------------------------------------    -------------------
                         (clock clk_out2_design_1_clk_wiz_0_0 rise edge)
                                                      0.000     0.000 r  
    F22                                               0.000     0.000 r  FPGA_REF_40MHZ (IN)
                         net (fo=0)                   0.000     0.000    design_1_i/CLK_AXI/ibuf_0/inst/in_ref
    F22                  IBUF (Prop_ibuf_I_O)         0.493     0.493 r  design_1_i/CLK_AXI/ibuf_0/inst/IBUF_inst/O
                         net (fo=2, routed)           0.503     0.996    design_1_i/AD9361_CTRL/ad9361_clk/clk_DSP/inst/clk_in1
    MMCME2_ADV_X0Y2      MMCME2_ADV (Prop_mmcme2_adv_CLKIN1_CLKOUT0)
                                                     -2.833    -1.837 r  design_1_i/AD9361_CTRL/ad9361_clk/clk_DSP/inst/mmcm_adv_inst/CLKOUT0
                         net (fo=1, routed)           0.761    -1.076    design_1_i/AD9361_CTRL/ad9361_clk/clk_DSP/inst/sample_rate_30_72_design_1_clk_DSP_0
    BUFGCTRL_X0Y0        BUFG (Prop_bufg_I_O)         0.026    -1.050 r  design_1_i/AD9361_CTRL/ad9361_clk/clk_DSP/inst/clkout1_buf/O
                         net (fo=29668, routed)       0.757    -0.293    design_1_i/clk_wiz_0/inst/clk_in1
    PLLE2_ADV_X0Y6       PLLE2_ADV (Prop_plle2_adv_CLKIN1_CLKOUT1)
                                                     -1.767    -2.060 r  design_1_i/clk_wiz_0/inst/plle2_adv_inst/CLKOUT1
                         net (fo=1, routed)           0.986    -1.074    design_1_i/clk_wiz_0/inst/clk_out2_design_1_clk_wiz_0_0
    BUFGCTRL_X0Y18       BUFG (Prop_bufg_I_O)         0.026    -1.048 r  design_1_i/clk_wiz_0/inst/clkout2_buf/O
                         net (fo=17714, routed)       0.695    -0.353    design_1_i/eth_pump_0/inst/axis_data_fifo_0_1/inst/gen_fifo.xpm_fifo_axis_inst/xpm_fifo_base_inst/gen_cdc_pntr.wr_pntr_cdc_inst/src_clk
    SLICE_X23Y53         FDRE                                         r  design_1_i/eth_pump_0/inst/axis_data_fifo_0_1/inst/gen_fifo.xpm_fifo_axis_inst/xpm_fifo_base_inst/gen_cdc_pntr.wr_pntr_cdc_inst/src_gray_ff_reg[6]/C
  -------------------------------------------------------------------    -------------------
    SLICE_X23Y53         FDRE (Prop_fdre_C_Q)         0.100    -0.253 r  design_1_i/eth_pump_0/inst/axis_data_fifo_0_1/inst/gen_fifo.xpm_fifo_axis_inst/xpm_fifo_base_inst/gen_cdc_pntr.wr_pntr_cdc_inst/src_gray_ff_reg[6]/Q
                         net (fo=1, routed)           0.132    -0.121    design_1_i/eth_pump_0/inst/axis_data_fifo_0_1/inst/gen_fifo.xpm_fifo_axis_inst/xpm_fifo_base_inst/gen_cdc_pntr.wr_pntr_cdc_inst/async_path[6]
    SLICE_X23Y52         FDRE                                         r  design_1_i/eth_pump_0/inst/axis_data_fifo_0_1/inst/gen_fifo.xpm_fifo_axis_inst/xpm_fifo_base_inst/gen_cdc_pntr.wr_pntr_cdc_inst/dest_graysync_ff_reg[0][6]/D
  -------------------------------------------------------------------    -------------------

                         (clock clk_div_sel_0_s rise edge)
                                                      0.000     0.000 r  
    F22                                               0.000     0.000 r  FPGA_REF_40MHZ (IN)
                         net (fo=0)                   0.000     0.000    design_1_i/CLK_AXI/ibuf_0/inst/in_ref
    F22                  IBUF (Prop_ibuf_I_O)         0.689     0.689 r  design_1_i/CLK_AXI/ibuf_0/inst/IBUF_inst/O
                         net (fo=2, routed)           0.623     1.312    design_1_i/CLK_AXI/CLK_COMMON/inst/clk_in1
    MMCME2_ADV_X0Y1      MMCME2_ADV (Prop_mmcme2_adv_CLKIN1_CLKOUT1)
                                                     -3.501    -2.189 r  design_1_i/CLK_AXI/CLK_COMMON/inst/mmcm_adv_inst/CLKOUT1
                         net (fo=1, routed)           1.015    -1.174    design_1_i/CLK_AXI/CLK_COMMON/inst/axi_periph_clk_design_1_CLK_COMMON_0
    BUFGCTRL_X0Y1        BUFG (Prop_bufg_I_O)         0.030    -1.144 r  design_1_i/CLK_AXI/CLK_COMMON/inst/clkout2_buf/O
                         net (fo=13477, routed)       1.063    -0.081    design_1_i/util_clkdiv_0/inst/clk
    BUFR_X0Y24           BUFR (Prop_bufr_I_O)         0.251     0.170 r  design_1_i/util_clkdiv_0/inst/clk_divide_sel_0/O
                         net (fo=1, routed)           0.787     0.957    design_1_i/util_clkdiv_0/inst/clk_div_sel_0_s
    BUFGCTRL_X0Y20       BUFGCTRL (Prop_bufgctrl_I0_O)
                                                      0.030     0.987 r  design_1_i/util_clkdiv_0/inst/i_div_clk_gbuf/O
                         net (fo=1293, routed)        0.936     1.923    design_1_i/eth_pump_0/inst/axis_data_fifo_0_1/inst/gen_fifo.xpm_fifo_axis_inst/xpm_fifo_base_inst/gen_cdc_pntr.wr_pntr_cdc_inst/dest_clk
    SLICE_X23Y52         FDRE                                         r  design_1_i/eth_pump_0/inst/axis_data_fifo_0_1/inst/gen_fifo.xpm_fifo_axis_inst/xpm_fifo_base_inst/gen_cdc_pntr.wr_pntr_cdc_inst/dest_graysync_ff_reg[0][6]/C
                         clock pessimism             -0.197     1.726    
    SLICE_X23Y52         FDRE (Hold_fdre_C_D)         0.032     1.758    design_1_i/eth_pump_0/inst/axis_data_fifo_0_1/inst/gen_fifo.xpm_fifo_axis_inst/xpm_fifo_base_inst/gen_cdc_pntr.wr_pntr_cdc_inst/dest_graysync_ff_reg[0][6]
  -------------------------------------------------------------------
                         data arrival                          -0.121    
                         clock arrival                          1.758    
  -------------------------------------------------------------------
                         relative delay                        -1.879    



Id: 9
set_bus_skew -from [get_cells [list {design_1_i/eth_pump_0/inst/axis_data_fifo_0_1/inst/gen_fifo.xpm_fifo_axis_inst/xpm_fifo_base_inst/gen_cdc_pntr.rd_pntr_cdc_inst/src_gray_ff_reg[0]} \
          {design_1_i/eth_pump_0/inst/axis_data_fifo_0_1/inst/gen_fifo.xpm_fifo_axis_inst/xpm_fifo_base_inst/gen_cdc_pntr.rd_pntr_cdc_inst/src_gray_ff_reg[10]} \
          {design_1_i/eth_pump_0/inst/axis_data_fifo_0_1/inst/gen_fifo.xpm_fifo_axis_inst/xpm_fifo_base_inst/gen_cdc_pntr.rd_pntr_cdc_inst/src_gray_ff_reg[11]} \
          {design_1_i/eth_pump_0/inst/axis_data_fifo_0_1/inst/gen_fifo.xpm_fifo_axis_inst/xpm_fifo_base_inst/gen_cdc_pntr.rd_pntr_cdc_inst/src_gray_ff_reg[1]} \
          {design_1_i/eth_pump_0/inst/axis_data_fifo_0_1/inst/gen_fifo.xpm_fifo_axis_inst/xpm_fifo_base_inst/gen_cdc_pntr.rd_pntr_cdc_inst/src_gray_ff_reg[2]} \
          {design_1_i/eth_pump_0/inst/axis_data_fifo_0_1/inst/gen_fifo.xpm_fifo_axis_inst/xpm_fifo_base_inst/gen_cdc_pntr.rd_pntr_cdc_inst/src_gray_ff_reg[3]} \
          {design_1_i/eth_pump_0/inst/axis_data_fifo_0_1/inst/gen_fifo.xpm_fifo_axis_inst/xpm_fifo_base_inst/gen_cdc_pntr.rd_pntr_cdc_inst/src_gray_ff_reg[4]} \
          {design_1_i/eth_pump_0/inst/axis_data_fifo_0_1/inst/gen_fifo.xpm_fifo_axis_inst/xpm_fifo_base_inst/gen_cdc_pntr.rd_pntr_cdc_inst/src_gray_ff_reg[5]} \
          {design_1_i/eth_pump_0/inst/axis_data_fifo_0_1/inst/gen_fifo.xpm_fifo_axis_inst/xpm_fifo_base_inst/gen_cdc_pntr.rd_pntr_cdc_inst/src_gray_ff_reg[6]} \
          {design_1_i/eth_pump_0/inst/axis_data_fifo_0_1/inst/gen_fifo.xpm_fifo_axis_inst/xpm_fifo_base_inst/gen_cdc_pntr.rd_pntr_cdc_inst/src_gray_ff_reg[7]} \
          {design_1_i/eth_pump_0/inst/axis_data_fifo_0_1/inst/gen_fifo.xpm_fifo_axis_inst/xpm_fifo_base_inst/gen_cdc_pntr.rd_pntr_cdc_inst/src_gray_ff_reg[8]} \
          {design_1_i/eth_pump_0/inst/axis_data_fifo_0_1/inst/gen_fifo.xpm_fifo_axis_inst/xpm_fifo_base_inst/gen_cdc_pntr.rd_pntr_cdc_inst/src_gray_ff_reg[9]}]] -to [get_cells [list {design_1_i/eth_pump_0/inst/axis_data_fifo_0_1/inst/gen_fifo.xpm_fifo_axis_inst/xpm_fifo_base_inst/gen_cdc_pntr.rd_pntr_cdc_inst/dest_graysync_ff_reg[0][0]} \
          {design_1_i/eth_pump_0/inst/axis_data_fifo_0_1/inst/gen_fifo.xpm_fifo_axis_inst/xpm_fifo_base_inst/gen_cdc_pntr.rd_pntr_cdc_inst/dest_graysync_ff_reg[0][10]} \
          {design_1_i/eth_pump_0/inst/axis_data_fifo_0_1/inst/gen_fifo.xpm_fifo_axis_inst/xpm_fifo_base_inst/gen_cdc_pntr.rd_pntr_cdc_inst/dest_graysync_ff_reg[0][11]} \
          {design_1_i/eth_pump_0/inst/axis_data_fifo_0_1/inst/gen_fifo.xpm_fifo_axis_inst/xpm_fifo_base_inst/gen_cdc_pntr.rd_pntr_cdc_inst/dest_graysync_ff_reg[0][1]} \
          {design_1_i/eth_pump_0/inst/axis_data_fifo_0_1/inst/gen_fifo.xpm_fifo_axis_inst/xpm_fifo_base_inst/gen_cdc_pntr.rd_pntr_cdc_inst/dest_graysync_ff_reg[0][2]} \
          {design_1_i/eth_pump_0/inst/axis_data_fifo_0_1/inst/gen_fifo.xpm_fifo_axis_inst/xpm_fifo_base_inst/gen_cdc_pntr.rd_pntr_cdc_inst/dest_graysync_ff_reg[0][3]} \
          {design_1_i/eth_pump_0/inst/axis_data_fifo_0_1/inst/gen_fifo.xpm_fifo_axis_inst/xpm_fifo_base_inst/gen_cdc_pntr.rd_pntr_cdc_inst/dest_graysync_ff_reg[0][4]} \
          {design_1_i/eth_pump_0/inst/axis_data_fifo_0_1/inst/gen_fifo.xpm_fifo_axis_inst/xpm_fifo_base_inst/gen_cdc_pntr.rd_pntr_cdc_inst/dest_graysync_ff_reg[0][5]} \
          {design_1_i/eth_pump_0/inst/axis_data_fifo_0_1/inst/gen_fifo.xpm_fifo_axis_inst/xpm_fifo_base_inst/gen_cdc_pntr.rd_pntr_cdc_inst/dest_graysync_ff_reg[0][6]} \
          {design_1_i/eth_pump_0/inst/axis_data_fifo_0_1/inst/gen_fifo.xpm_fifo_axis_inst/xpm_fifo_base_inst/gen_cdc_pntr.rd_pntr_cdc_inst/dest_graysync_ff_reg[0][7]} \
          {design_1_i/eth_pump_0/inst/axis_data_fifo_0_1/inst/gen_fifo.xpm_fifo_axis_inst/xpm_fifo_base_inst/gen_cdc_pntr.rd_pntr_cdc_inst/dest_graysync_ff_reg[0][8]} \
          {design_1_i/eth_pump_0/inst/axis_data_fifo_0_1/inst/gen_fifo.xpm_fifo_axis_inst/xpm_fifo_base_inst/gen_cdc_pntr.rd_pntr_cdc_inst/dest_graysync_ff_reg[0][9]}]] 3.617
Requirement: 3.617ns
Endpoints: 12

From Clock            To Clock              Endpoint Pin                    Reference Pin                   Corner  Actual(ns)  Slack(ns)
--------------------  --------------------  ------------------------------  ------------------------------  ------  ----------  ---------
clk_div_sel_0_s       clk_out2_design_1_clk_wiz_0_0
                                            design_1_i/eth_pump_0/inst/axis_data_fifo_0_1/inst/gen_fifo.xpm_fifo_axis_inst/xpm_fifo_base_inst/gen_cdc_pntr.rd_pntr_cdc_inst/dest_graysync_ff_reg[0][1]/D
                                                                            design_1_i/eth_pump_0/inst/axis_data_fifo_0_1/inst/gen_fifo.xpm_fifo_axis_inst/xpm_fifo_base_inst/gen_cdc_pntr.rd_pntr_cdc_inst/dest_graysync_ff_reg[0][8]/D
                                                                                                            Fast         0.680      2.937


Slack (MET) :             2.937ns  (requirement - actual skew)
  Endpoint Source:        design_1_i/eth_pump_0/inst/axis_data_fifo_0_1/inst/gen_fifo.xpm_fifo_axis_inst/xpm_fifo_base_inst/gen_cdc_pntr.rd_pntr_cdc_inst/src_gray_ff_reg[1]/C
                            (rising edge-triggered cell FDRE clocked by clk_div_sel_0_s)
  Endpoint Destination:   design_1_i/eth_pump_0/inst/axis_data_fifo_0_1/inst/gen_fifo.xpm_fifo_axis_inst/xpm_fifo_base_inst/gen_cdc_pntr.rd_pntr_cdc_inst/dest_graysync_ff_reg[0][1]/D
                            (rising edge-triggered cell FDRE clocked by clk_out2_design_1_clk_wiz_0_0)
  Reference Source:       design_1_i/eth_pump_0/inst/axis_data_fifo_0_1/inst/gen_fifo.xpm_fifo_axis_inst/xpm_fifo_base_inst/gen_cdc_pntr.rd_pntr_cdc_inst/src_gray_ff_reg[8]/C
                            (rising edge-triggered cell FDRE clocked by clk_div_sel_0_s)
  Reference Destination:  design_1_i/eth_pump_0/inst/axis_data_fifo_0_1/inst/gen_fifo.xpm_fifo_axis_inst/xpm_fifo_base_inst/gen_cdc_pntr.rd_pntr_cdc_inst/dest_graysync_ff_reg[0][8]/D
                            (rising edge-triggered cell FDRE clocked by clk_out2_design_1_clk_wiz_0_0)
  Path Type:              Bus Skew (Max at Fast Process Corner)
  Requirement:            3.617ns
  Endpoint Relative Delay:    2.578ns
  Reference Relative Delay:   2.108ns
  Relative CRPR:              0.226ns
  Uncertainty:                0.436ns
  Actual Bus Skew:            0.680ns  (Endpoint Relative Delay - Reference Relative Delay - Relative CRPR + Uncertainty)

Endpoint path:
    Location             Delay type                Incr(ns)  Path(ns)    Netlist Resource(s)
  -------------------------------------------------------------------    -------------------
                         (clock clk_div_sel_0_s rise edge)
                                                      0.000     0.000 r  
    F22                                               0.000     0.000 r  FPGA_REF_40MHZ (IN)
                         net (fo=0)                   0.000     0.000    design_1_i/CLK_AXI/ibuf_0/inst/in_ref
    F22                  IBUF (Prop_ibuf_I_O)         0.689     0.689 r  design_1_i/CLK_AXI/ibuf_0/inst/IBUF_inst/O
                         net (fo=2, routed)           0.623     1.312    design_1_i/CLK_AXI/CLK_COMMON/inst/clk_in1
    MMCME2_ADV_X0Y1      MMCME2_ADV (Prop_mmcme2_adv_CLKIN1_CLKOUT1)
                                                     -3.501    -2.189 r  design_1_i/CLK_AXI/CLK_COMMON/inst/mmcm_adv_inst/CLKOUT1
                         net (fo=1, routed)           1.015    -1.174    design_1_i/CLK_AXI/CLK_COMMON/inst/axi_periph_clk_design_1_CLK_COMMON_0
    BUFGCTRL_X0Y1        BUFG (Prop_bufg_I_O)         0.030    -1.144 r  design_1_i/CLK_AXI/CLK_COMMON/inst/clkout2_buf/O
                         net (fo=13477, routed)       1.063    -0.081    design_1_i/util_clkdiv_0/inst/clk
    BUFR_X0Y24           BUFR (Prop_bufr_I_O)         0.251     0.170 r  design_1_i/util_clkdiv_0/inst/clk_divide_sel_0/O
                         net (fo=1, routed)           0.787     0.957    design_1_i/util_clkdiv_0/inst/clk_div_sel_0_s
    BUFGCTRL_X0Y20       BUFGCTRL (Prop_bufgctrl_I0_O)
                                                      0.030     0.987 r  design_1_i/util_clkdiv_0/inst/i_div_clk_gbuf/O
                         net (fo=1293, routed)        0.937     1.924    design_1_i/eth_pump_0/inst/axis_data_fifo_0_1/inst/gen_fifo.xpm_fifo_axis_inst/xpm_fifo_base_inst/gen_cdc_pntr.rd_pntr_cdc_inst/src_clk
    SLICE_X18Y55         FDRE                                         r  design_1_i/eth_pump_0/inst/axis_data_fifo_0_1/inst/gen_fifo.xpm_fifo_axis_inst/xpm_fifo_base_inst/gen_cdc_pntr.rd_pntr_cdc_inst/src_gray_ff_reg[1]/C
  -------------------------------------------------------------------    -------------------
    SLICE_X18Y55         FDRE (Prop_fdre_C_Q)         0.133     2.057 r  design_1_i/eth_pump_0/inst/axis_data_fifo_0_1/inst/gen_fifo.xpm_fifo_axis_inst/xpm_fifo_base_inst/gen_cdc_pntr.rd_pntr_cdc_inst/src_gray_ff_reg[1]/Q
                         net (fo=1, routed)           0.326     2.383    design_1_i/eth_pump_0/inst/axis_data_fifo_0_1/inst/gen_fifo.xpm_fifo_axis_inst/xpm_fifo_base_inst/gen_cdc_pntr.rd_pntr_cdc_inst/async_path[1]
    SLICE_X17Y53         FDRE                                         r  design_1_i/eth_pump_0/inst/axis_data_fifo_0_1/inst/gen_fifo.xpm_fifo_axis_inst/xpm_fifo_base_inst/gen_cdc_pntr.rd_pntr_cdc_inst/dest_graysync_ff_reg[0][1]/D
  -------------------------------------------------------------------    -------------------

                         (clock clk_out2_design_1_clk_wiz_0_0 rise edge)
                                                      0.000     0.000 r  
    F22                                               0.000     0.000 r  FPGA_REF_40MHZ (IN)
                         net (fo=0)                   0.000     0.000    design_1_i/CLK_AXI/ibuf_0/inst/in_ref
    F22                  IBUF (Prop_ibuf_I_O)         0.493     0.493 r  design_1_i/CLK_AXI/ibuf_0/inst/IBUF_inst/O
                         net (fo=2, routed)           0.503     0.996    design_1_i/AD9361_CTRL/ad9361_clk/clk_DSP/inst/clk_in1
    MMCME2_ADV_X0Y2      MMCME2_ADV (Prop_mmcme2_adv_CLKIN1_CLKOUT0)
                                                     -2.833    -1.837 r  design_1_i/AD9361_CTRL/ad9361_clk/clk_DSP/inst/mmcm_adv_inst/CLKOUT0
                         net (fo=1, routed)           0.761    -1.076    design_1_i/AD9361_CTRL/ad9361_clk/clk_DSP/inst/sample_rate_30_72_design_1_clk_DSP_0
    BUFGCTRL_X0Y0        BUFG (Prop_bufg_I_O)         0.026    -1.050 r  design_1_i/AD9361_CTRL/ad9361_clk/clk_DSP/inst/clkout1_buf/O
                         net (fo=29668, routed)       0.757    -0.293    design_1_i/clk_wiz_0/inst/clk_in1
    PLLE2_ADV_X0Y6       PLLE2_ADV (Prop_plle2_adv_CLKIN1_CLKOUT1)
                                                     -1.767    -2.060 r  design_1_i/clk_wiz_0/inst/plle2_adv_inst/CLKOUT1
                         net (fo=1, routed)           0.986    -1.074    design_1_i/clk_wiz_0/inst/clk_out2_design_1_clk_wiz_0_0
    BUFGCTRL_X0Y18       BUFG (Prop_bufg_I_O)         0.026    -1.048 r  design_1_i/clk_wiz_0/inst/clkout2_buf/O
                         net (fo=17714, routed)       0.697    -0.351    design_1_i/eth_pump_0/inst/axis_data_fifo_0_1/inst/gen_fifo.xpm_fifo_axis_inst/xpm_fifo_base_inst/gen_cdc_pntr.rd_pntr_cdc_inst/dest_clk
    SLICE_X17Y53         FDRE                                         r  design_1_i/eth_pump_0/inst/axis_data_fifo_0_1/inst/gen_fifo.xpm_fifo_axis_inst/xpm_fifo_base_inst/gen_cdc_pntr.rd_pntr_cdc_inst/dest_graysync_ff_reg[0][1]/C
                         clock pessimism              0.197    -0.155    
    SLICE_X17Y53         FDRE (Setup_fdre_C_D)       -0.040    -0.195    design_1_i/eth_pump_0/inst/axis_data_fifo_0_1/inst/gen_fifo.xpm_fifo_axis_inst/xpm_fifo_base_inst/gen_cdc_pntr.rd_pntr_cdc_inst/dest_graysync_ff_reg[0][1]
  -------------------------------------------------------------------
                         data arrival                           2.383    
                         clock arrival                         -0.195    
  -------------------------------------------------------------------
                         relative delay                         2.578    

Reference path:
    Location             Delay type                Incr(ns)  Path(ns)    Netlist Resource(s)
  -------------------------------------------------------------------    -------------------
                         (clock clk_div_sel_0_s rise edge)
                                                      0.000     0.000 r  
    F22                                               0.000     0.000 r  FPGA_REF_40MHZ (IN)
                         net (fo=0)                   0.000     0.000    design_1_i/CLK_AXI/ibuf_0/inst/in_ref
    F22                  IBUF (Prop_ibuf_I_O)         0.493     0.493 r  design_1_i/CLK_AXI/ibuf_0/inst/IBUF_inst/O
                         net (fo=2, routed)           0.563     1.056    design_1_i/CLK_AXI/CLK_COMMON/inst/clk_in1
    MMCME2_ADV_X0Y1      MMCME2_ADV (Prop_mmcme2_adv_CLKIN1_CLKOUT1)
                                                     -3.048    -1.992 r  design_1_i/CLK_AXI/CLK_COMMON/inst/mmcm_adv_inst/CLKOUT1
                         net (fo=1, routed)           0.948    -1.044    design_1_i/CLK_AXI/CLK_COMMON/inst/axi_periph_clk_design_1_CLK_COMMON_0
    BUFGCTRL_X0Y1        BUFG (Prop_bufg_I_O)         0.026    -1.018 r  design_1_i/CLK_AXI/CLK_COMMON/inst/clkout2_buf/O
                         net (fo=13477, routed)       0.811    -0.208    design_1_i/util_clkdiv_0/inst/clk
    BUFR_X0Y24           BUFR (Prop_bufr_I_O)         0.223     0.015 r  design_1_i/util_clkdiv_0/inst/clk_divide_sel_0/O
                         net (fo=1, routed)           0.731     0.746    design_1_i/util_clkdiv_0/inst/clk_div_sel_0_s
    BUFGCTRL_X0Y20       BUFGCTRL (Prop_bufgctrl_I0_O)
                                                      0.026     0.772 r  design_1_i/util_clkdiv_0/inst/i_div_clk_gbuf/O
                         net (fo=1293, routed)        0.696     1.468    design_1_i/eth_pump_0/inst/axis_data_fifo_0_1/inst/gen_fifo.xpm_fifo_axis_inst/xpm_fifo_base_inst/gen_cdc_pntr.rd_pntr_cdc_inst/src_clk
    SLICE_X21Y53         FDRE                                         r  design_1_i/eth_pump_0/inst/axis_data_fifo_0_1/inst/gen_fifo.xpm_fifo_axis_inst/xpm_fifo_base_inst/gen_cdc_pntr.rd_pntr_cdc_inst/src_gray_ff_reg[8]/C
  -------------------------------------------------------------------    -------------------
    SLICE_X21Y53         FDRE (Prop_fdre_C_Q)         0.100     1.568 r  design_1_i/eth_pump_0/inst/axis_data_fifo_0_1/inst/gen_fifo.xpm_fifo_axis_inst/xpm_fifo_base_inst/gen_cdc_pntr.rd_pntr_cdc_inst/src_gray_ff_reg[8]/Q
                         net (fo=1, routed)           0.141     1.710    design_1_i/eth_pump_0/inst/axis_data_fifo_0_1/inst/gen_fifo.xpm_fifo_axis_inst/xpm_fifo_base_inst/gen_cdc_pntr.rd_pntr_cdc_inst/async_path[8]
    SLICE_X21Y55         FDRE                                         r  design_1_i/eth_pump_0/inst/axis_data_fifo_0_1/inst/gen_fifo.xpm_fifo_axis_inst/xpm_fifo_base_inst/gen_cdc_pntr.rd_pntr_cdc_inst/dest_graysync_ff_reg[0][8]/D
  -------------------------------------------------------------------    -------------------

                         (clock clk_out2_design_1_clk_wiz_0_0 rise edge)
                                                      0.000     0.000 r  
    F22                                               0.000     0.000 r  FPGA_REF_40MHZ (IN)
                         net (fo=0)                   0.000     0.000    design_1_i/CLK_AXI/ibuf_0/inst/in_ref
    F22                  IBUF (Prop_ibuf_I_O)         0.689     0.689 r  design_1_i/CLK_AXI/ibuf_0/inst/IBUF_inst/O
                         net (fo=2, routed)           0.553     1.242    design_1_i/AD9361_CTRL/ad9361_clk/clk_DSP/inst/clk_in1
    MMCME2_ADV_X0Y2      MMCME2_ADV (Prop_mmcme2_adv_CLKIN1_CLKOUT0)
                                                     -3.270    -2.028 r  design_1_i/AD9361_CTRL/ad9361_clk/clk_DSP/inst/mmcm_adv_inst/CLKOUT0
                         net (fo=1, routed)           0.826    -1.202    design_1_i/AD9361_CTRL/ad9361_clk/clk_DSP/inst/sample_rate_30_72_design_1_clk_DSP_0
    BUFGCTRL_X0Y0        BUFG (Prop_bufg_I_O)         0.030    -1.172 r  design_1_i/AD9361_CTRL/ad9361_clk/clk_DSP/inst/clkout1_buf/O
                         net (fo=29668, routed)       1.012    -0.160    design_1_i/clk_wiz_0/inst/clk_in1
    PLLE2_ADV_X0Y6       PLLE2_ADV (Prop_plle2_adv_CLKIN1_CLKOUT1)
                                                     -2.097    -2.257 r  design_1_i/clk_wiz_0/inst/plle2_adv_inst/CLKOUT1
                         net (fo=1, routed)           1.057    -1.200    design_1_i/clk_wiz_0/inst/clk_out2_design_1_clk_wiz_0_0
    BUFGCTRL_X0Y18       BUFG (Prop_bufg_I_O)         0.030    -1.170 r  design_1_i/clk_wiz_0/inst/clkout2_buf/O
                         net (fo=17714, routed)       0.936    -0.234    design_1_i/eth_pump_0/inst/axis_data_fifo_0_1/inst/gen_fifo.xpm_fifo_axis_inst/xpm_fifo_base_inst/gen_cdc_pntr.rd_pntr_cdc_inst/dest_clk
    SLICE_X21Y55         FDRE                                         r  design_1_i/eth_pump_0/inst/axis_data_fifo_0_1/inst/gen_fifo.xpm_fifo_axis_inst/xpm_fifo_base_inst/gen_cdc_pntr.rd_pntr_cdc_inst/dest_graysync_ff_reg[0][8]/C
                         clock pessimism             -0.197    -0.430    
    SLICE_X21Y55         FDRE (Hold_fdre_C_D)         0.032    -0.398    design_1_i/eth_pump_0/inst/axis_data_fifo_0_1/inst/gen_fifo.xpm_fifo_axis_inst/xpm_fifo_base_inst/gen_cdc_pntr.rd_pntr_cdc_inst/dest_graysync_ff_reg[0][8]
  -------------------------------------------------------------------
                         data arrival                           1.710    
                         clock arrival                         -0.398    
  -------------------------------------------------------------------
                         relative delay                         2.108    



Id: 10
set_bus_skew -from [get_cells [list {design_1_i/eth_pump_0/inst/axis_data_fifo_0_0/inst/gen_fifo.xpm_fifo_axis_inst/xpm_fifo_base_inst/gen_cdc_pntr.wr_pntr_cdc_inst/src_gray_ff_reg[0]} \
          {design_1_i/eth_pump_0/inst/axis_data_fifo_0_0/inst/gen_fifo.xpm_fifo_axis_inst/xpm_fifo_base_inst/gen_cdc_pntr.wr_pntr_cdc_inst/src_gray_ff_reg[10]} \
          {design_1_i/eth_pump_0/inst/axis_data_fifo_0_0/inst/gen_fifo.xpm_fifo_axis_inst/xpm_fifo_base_inst/gen_cdc_pntr.wr_pntr_cdc_inst/src_gray_ff_reg[11]} \
          {design_1_i/eth_pump_0/inst/axis_data_fifo_0_0/inst/gen_fifo.xpm_fifo_axis_inst/xpm_fifo_base_inst/gen_cdc_pntr.wr_pntr_cdc_inst/src_gray_ff_reg[1]} \
          {design_1_i/eth_pump_0/inst/axis_data_fifo_0_0/inst/gen_fifo.xpm_fifo_axis_inst/xpm_fifo_base_inst/gen_cdc_pntr.wr_pntr_cdc_inst/src_gray_ff_reg[2]} \
          {design_1_i/eth_pump_0/inst/axis_data_fifo_0_0/inst/gen_fifo.xpm_fifo_axis_inst/xpm_fifo_base_inst/gen_cdc_pntr.wr_pntr_cdc_inst/src_gray_ff_reg[3]} \
          {design_1_i/eth_pump_0/inst/axis_data_fifo_0_0/inst/gen_fifo.xpm_fifo_axis_inst/xpm_fifo_base_inst/gen_cdc_pntr.wr_pntr_cdc_inst/src_gray_ff_reg[4]} \
          {design_1_i/eth_pump_0/inst/axis_data_fifo_0_0/inst/gen_fifo.xpm_fifo_axis_inst/xpm_fifo_base_inst/gen_cdc_pntr.wr_pntr_cdc_inst/src_gray_ff_reg[5]} \
          {design_1_i/eth_pump_0/inst/axis_data_fifo_0_0/inst/gen_fifo.xpm_fifo_axis_inst/xpm_fifo_base_inst/gen_cdc_pntr.wr_pntr_cdc_inst/src_gray_ff_reg[6]} \
          {design_1_i/eth_pump_0/inst/axis_data_fifo_0_0/inst/gen_fifo.xpm_fifo_axis_inst/xpm_fifo_base_inst/gen_cdc_pntr.wr_pntr_cdc_inst/src_gray_ff_reg[7]} \
          {design_1_i/eth_pump_0/inst/axis_data_fifo_0_0/inst/gen_fifo.xpm_fifo_axis_inst/xpm_fifo_base_inst/gen_cdc_pntr.wr_pntr_cdc_inst/src_gray_ff_reg[8]} \
          {design_1_i/eth_pump_0/inst/axis_data_fifo_0_0/inst/gen_fifo.xpm_fifo_axis_inst/xpm_fifo_base_inst/gen_cdc_pntr.wr_pntr_cdc_inst/src_gray_ff_reg[9]}]] -to [get_cells [list {design_1_i/eth_pump_0/inst/axis_data_fifo_0_0/inst/gen_fifo.xpm_fifo_axis_inst/xpm_fifo_base_inst/gen_cdc_pntr.wr_pntr_cdc_inst/dest_graysync_ff_reg[0][0]} \
          {design_1_i/eth_pump_0/inst/axis_data_fifo_0_0/inst/gen_fifo.xpm_fifo_axis_inst/xpm_fifo_base_inst/gen_cdc_pntr.wr_pntr_cdc_inst/dest_graysync_ff_reg[0][10]} \
          {design_1_i/eth_pump_0/inst/axis_data_fifo_0_0/inst/gen_fifo.xpm_fifo_axis_inst/xpm_fifo_base_inst/gen_cdc_pntr.wr_pntr_cdc_inst/dest_graysync_ff_reg[0][11]} \
          {design_1_i/eth_pump_0/inst/axis_data_fifo_0_0/inst/gen_fifo.xpm_fifo_axis_inst/xpm_fifo_base_inst/gen_cdc_pntr.wr_pntr_cdc_inst/dest_graysync_ff_reg[0][1]} \
          {design_1_i/eth_pump_0/inst/axis_data_fifo_0_0/inst/gen_fifo.xpm_fifo_axis_inst/xpm_fifo_base_inst/gen_cdc_pntr.wr_pntr_cdc_inst/dest_graysync_ff_reg[0][2]} \
          {design_1_i/eth_pump_0/inst/axis_data_fifo_0_0/inst/gen_fifo.xpm_fifo_axis_inst/xpm_fifo_base_inst/gen_cdc_pntr.wr_pntr_cdc_inst/dest_graysync_ff_reg[0][3]} \
          {design_1_i/eth_pump_0/inst/axis_data_fifo_0_0/inst/gen_fifo.xpm_fifo_axis_inst/xpm_fifo_base_inst/gen_cdc_pntr.wr_pntr_cdc_inst/dest_graysync_ff_reg[0][4]} \
          {design_1_i/eth_pump_0/inst/axis_data_fifo_0_0/inst/gen_fifo.xpm_fifo_axis_inst/xpm_fifo_base_inst/gen_cdc_pntr.wr_pntr_cdc_inst/dest_graysync_ff_reg[0][5]} \
          {design_1_i/eth_pump_0/inst/axis_data_fifo_0_0/inst/gen_fifo.xpm_fifo_axis_inst/xpm_fifo_base_inst/gen_cdc_pntr.wr_pntr_cdc_inst/dest_graysync_ff_reg[0][6]} \
          {design_1_i/eth_pump_0/inst/axis_data_fifo_0_0/inst/gen_fifo.xpm_fifo_axis_inst/xpm_fifo_base_inst/gen_cdc_pntr.wr_pntr_cdc_inst/dest_graysync_ff_reg[0][7]} \
          {design_1_i/eth_pump_0/inst/axis_data_fifo_0_0/inst/gen_fifo.xpm_fifo_axis_inst/xpm_fifo_base_inst/gen_cdc_pntr.wr_pntr_cdc_inst/dest_graysync_ff_reg[0][8]} \
          {design_1_i/eth_pump_0/inst/axis_data_fifo_0_0/inst/gen_fifo.xpm_fifo_axis_inst/xpm_fifo_base_inst/gen_cdc_pntr.wr_pntr_cdc_inst/dest_graysync_ff_reg[0][9]}]] 5.425
Requirement: 5.425ns
Endpoints: 12

From Clock            To Clock              Endpoint Pin                    Reference Pin                   Corner  Actual(ns)  Slack(ns)
--------------------  --------------------  ------------------------------  ------------------------------  ------  ----------  ---------
clk_div_sel_0_s       clk_out1_design_1_clk_wiz_0_0
                                            design_1_i/eth_pump_0/inst/axis_data_fifo_0_0/inst/gen_fifo.xpm_fifo_axis_inst/xpm_fifo_base_inst/gen_cdc_pntr.wr_pntr_cdc_inst/dest_graysync_ff_reg[0][3]/D
                                                                            design_1_i/eth_pump_0/inst/axis_data_fifo_0_0/inst/gen_fifo.xpm_fifo_axis_inst/xpm_fifo_base_inst/gen_cdc_pntr.wr_pntr_cdc_inst/dest_graysync_ff_reg[0][10]/D
                                                                                                            Fast         0.633      4.792


Slack (MET) :             4.792ns  (requirement - actual skew)
  Endpoint Source:        design_1_i/eth_pump_0/inst/axis_data_fifo_0_0/inst/gen_fifo.xpm_fifo_axis_inst/xpm_fifo_base_inst/gen_cdc_pntr.wr_pntr_cdc_inst/src_gray_ff_reg[3]/C
                            (rising edge-triggered cell FDRE clocked by clk_div_sel_0_s)
  Endpoint Destination:   design_1_i/eth_pump_0/inst/axis_data_fifo_0_0/inst/gen_fifo.xpm_fifo_axis_inst/xpm_fifo_base_inst/gen_cdc_pntr.wr_pntr_cdc_inst/dest_graysync_ff_reg[0][3]/D
                            (rising edge-triggered cell FDRE clocked by clk_out1_design_1_clk_wiz_0_0)
  Reference Source:       design_1_i/eth_pump_0/inst/axis_data_fifo_0_0/inst/gen_fifo.xpm_fifo_axis_inst/xpm_fifo_base_inst/gen_cdc_pntr.wr_pntr_cdc_inst/src_gray_ff_reg[10]/C
                            (rising edge-triggered cell FDRE clocked by clk_div_sel_0_s)
  Reference Destination:  design_1_i/eth_pump_0/inst/axis_data_fifo_0_0/inst/gen_fifo.xpm_fifo_axis_inst/xpm_fifo_base_inst/gen_cdc_pntr.wr_pntr_cdc_inst/dest_graysync_ff_reg[0][10]/D
                            (rising edge-triggered cell FDRE clocked by clk_out1_design_1_clk_wiz_0_0)
  Path Type:              Bus Skew (Max at Fast Process Corner)
  Requirement:            5.425ns
  Endpoint Relative Delay:    2.540ns
  Reference Relative Delay:   2.091ns
  Relative CRPR:              0.257ns
  Uncertainty:                0.441ns
  Actual Bus Skew:            0.633ns  (Endpoint Relative Delay - Reference Relative Delay - Relative CRPR + Uncertainty)

Endpoint path:
    Location             Delay type                Incr(ns)  Path(ns)    Netlist Resource(s)
  -------------------------------------------------------------------    -------------------
                         (clock clk_div_sel_0_s rise edge)
                                                      0.000     0.000 r  
    F22                                               0.000     0.000 r  FPGA_REF_40MHZ (IN)
                         net (fo=0)                   0.000     0.000    design_1_i/CLK_AXI/ibuf_0/inst/in_ref
    F22                  IBUF (Prop_ibuf_I_O)         0.689     0.689 r  design_1_i/CLK_AXI/ibuf_0/inst/IBUF_inst/O
                         net (fo=2, routed)           0.623     1.312    design_1_i/CLK_AXI/CLK_COMMON/inst/clk_in1
    MMCME2_ADV_X0Y1      MMCME2_ADV (Prop_mmcme2_adv_CLKIN1_CLKOUT1)
                                                     -3.501    -2.189 r  design_1_i/CLK_AXI/CLK_COMMON/inst/mmcm_adv_inst/CLKOUT1
                         net (fo=1, routed)           1.015    -1.174    design_1_i/CLK_AXI/CLK_COMMON/inst/axi_periph_clk_design_1_CLK_COMMON_0
    BUFGCTRL_X0Y1        BUFG (Prop_bufg_I_O)         0.030    -1.144 r  design_1_i/CLK_AXI/CLK_COMMON/inst/clkout2_buf/O
                         net (fo=13477, routed)       1.063    -0.081    design_1_i/util_clkdiv_0/inst/clk
    BUFR_X0Y24           BUFR (Prop_bufr_I_O)         0.251     0.170 r  design_1_i/util_clkdiv_0/inst/clk_divide_sel_0/O
                         net (fo=1, routed)           0.787     0.957    design_1_i/util_clkdiv_0/inst/clk_div_sel_0_s
    BUFGCTRL_X0Y20       BUFGCTRL (Prop_bufgctrl_I0_O)
                                                      0.030     0.987 r  design_1_i/util_clkdiv_0/inst/i_div_clk_gbuf/O
                         net (fo=1293, routed)        0.932     1.919    design_1_i/eth_pump_0/inst/axis_data_fifo_0_0/inst/gen_fifo.xpm_fifo_axis_inst/xpm_fifo_base_inst/gen_cdc_pntr.wr_pntr_cdc_inst/src_clk
    SLICE_X15Y84         FDRE                                         r  design_1_i/eth_pump_0/inst/axis_data_fifo_0_0/inst/gen_fifo.xpm_fifo_axis_inst/xpm_fifo_base_inst/gen_cdc_pntr.wr_pntr_cdc_inst/src_gray_ff_reg[3]/C
  -------------------------------------------------------------------    -------------------
    SLICE_X15Y84         FDRE (Prop_fdre_C_Q)         0.113     2.032 r  design_1_i/eth_pump_0/inst/axis_data_fifo_0_0/inst/gen_fifo.xpm_fifo_axis_inst/xpm_fifo_base_inst/gen_cdc_pntr.wr_pntr_cdc_inst/src_gray_ff_reg[3]/Q
                         net (fo=1, routed)           0.297     2.329    design_1_i/eth_pump_0/inst/axis_data_fifo_0_0/inst/gen_fifo.xpm_fifo_axis_inst/xpm_fifo_base_inst/gen_cdc_pntr.wr_pntr_cdc_inst/async_path[3]
    SLICE_X23Y83         FDRE                                         r  design_1_i/eth_pump_0/inst/axis_data_fifo_0_0/inst/gen_fifo.xpm_fifo_axis_inst/xpm_fifo_base_inst/gen_cdc_pntr.wr_pntr_cdc_inst/dest_graysync_ff_reg[0][3]/D
  -------------------------------------------------------------------    -------------------

                         (clock clk_out1_design_1_clk_wiz_0_0 rise edge)
                                                      0.000     0.000 r  
    F22                                               0.000     0.000 r  FPGA_REF_40MHZ (IN)
                         net (fo=0)                   0.000     0.000    design_1_i/CLK_AXI/ibuf_0/inst/in_ref
    F22                  IBUF (Prop_ibuf_I_O)         0.493     0.493 r  design_1_i/CLK_AXI/ibuf_0/inst/IBUF_inst/O
                         net (fo=2, routed)           0.503     0.996    design_1_i/AD9361_CTRL/ad9361_clk/clk_DSP/inst/clk_in1
    MMCME2_ADV_X0Y2      MMCME2_ADV (Prop_mmcme2_adv_CLKIN1_CLKOUT0)
                                                     -2.833    -1.837 r  design_1_i/AD9361_CTRL/ad9361_clk/clk_DSP/inst/mmcm_adv_inst/CLKOUT0
                         net (fo=1, routed)           0.761    -1.076    design_1_i/AD9361_CTRL/ad9361_clk/clk_DSP/inst/sample_rate_30_72_design_1_clk_DSP_0
    BUFGCTRL_X0Y0        BUFG (Prop_bufg_I_O)         0.026    -1.050 r  design_1_i/AD9361_CTRL/ad9361_clk/clk_DSP/inst/clkout1_buf/O
                         net (fo=29668, routed)       0.757    -0.293    design_1_i/clk_wiz_0/inst/clk_in1
    PLLE2_ADV_X0Y6       PLLE2_ADV (Prop_plle2_adv_CLKIN1_CLKOUT0)
                                                     -1.767    -2.060 r  design_1_i/clk_wiz_0/inst/plle2_adv_inst/CLKOUT0
                         net (fo=1, routed)           0.986    -1.074    design_1_i/clk_wiz_0/inst/clk_out1_design_1_clk_wiz_0_0
    BUFGCTRL_X0Y19       BUFG (Prop_bufg_I_O)         0.026    -1.048 r  design_1_i/clk_wiz_0/inst/clkout1_buf/O
                         net (fo=1750, routed)        0.690    -0.358    design_1_i/eth_pump_0/inst/axis_data_fifo_0_0/inst/gen_fifo.xpm_fifo_axis_inst/xpm_fifo_base_inst/gen_cdc_pntr.wr_pntr_cdc_inst/dest_clk
    SLICE_X23Y83         FDRE                                         r  design_1_i/eth_pump_0/inst/axis_data_fifo_0_0/inst/gen_fifo.xpm_fifo_axis_inst/xpm_fifo_base_inst/gen_cdc_pntr.wr_pntr_cdc_inst/dest_graysync_ff_reg[0][3]/C
                         clock pessimism              0.197    -0.162    
    SLICE_X23Y83         FDRE (Setup_fdre_C_D)       -0.049    -0.211    design_1_i/eth_pump_0/inst/axis_data_fifo_0_0/inst/gen_fifo.xpm_fifo_axis_inst/xpm_fifo_base_inst/gen_cdc_pntr.wr_pntr_cdc_inst/dest_graysync_ff_reg[0][3]
  -------------------------------------------------------------------
                         data arrival                           2.329    
                         clock arrival                         -0.211    
  -------------------------------------------------------------------
                         relative delay                         2.540    

Reference path:
    Location             Delay type                Incr(ns)  Path(ns)    Netlist Resource(s)
  -------------------------------------------------------------------    -------------------
                         (clock clk_div_sel_0_s rise edge)
                                                      0.000     0.000 r  
    F22                                               0.000     0.000 r  FPGA_REF_40MHZ (IN)
                         net (fo=0)                   0.000     0.000    design_1_i/CLK_AXI/ibuf_0/inst/in_ref
    F22                  IBUF (Prop_ibuf_I_O)         0.493     0.493 r  design_1_i/CLK_AXI/ibuf_0/inst/IBUF_inst/O
                         net (fo=2, routed)           0.563     1.056    design_1_i/CLK_AXI/CLK_COMMON/inst/clk_in1
    MMCME2_ADV_X0Y1      MMCME2_ADV (Prop_mmcme2_adv_CLKIN1_CLKOUT1)
                                                     -3.048    -1.992 r  design_1_i/CLK_AXI/CLK_COMMON/inst/mmcm_adv_inst/CLKOUT1
                         net (fo=1, routed)           0.948    -1.044    design_1_i/CLK_AXI/CLK_COMMON/inst/axi_periph_clk_design_1_CLK_COMMON_0
    BUFGCTRL_X0Y1        BUFG (Prop_bufg_I_O)         0.026    -1.018 r  design_1_i/CLK_AXI/CLK_COMMON/inst/clkout2_buf/O
                         net (fo=13477, routed)       0.811    -0.208    design_1_i/util_clkdiv_0/inst/clk
    BUFR_X0Y24           BUFR (Prop_bufr_I_O)         0.223     0.015 r  design_1_i/util_clkdiv_0/inst/clk_divide_sel_0/O
                         net (fo=1, routed)           0.731     0.746    design_1_i/util_clkdiv_0/inst/clk_div_sel_0_s
    BUFGCTRL_X0Y20       BUFGCTRL (Prop_bufgctrl_I0_O)
                                                      0.026     0.772 r  design_1_i/util_clkdiv_0/inst/i_div_clk_gbuf/O
                         net (fo=1293, routed)        0.693     1.465    design_1_i/eth_pump_0/inst/axis_data_fifo_0_0/inst/gen_fifo.xpm_fifo_axis_inst/xpm_fifo_base_inst/gen_cdc_pntr.wr_pntr_cdc_inst/src_clk
    SLICE_X15Y84         FDRE                                         r  design_1_i/eth_pump_0/inst/axis_data_fifo_0_0/inst/gen_fifo.xpm_fifo_axis_inst/xpm_fifo_base_inst/gen_cdc_pntr.wr_pntr_cdc_inst/src_gray_ff_reg[10]/C
  -------------------------------------------------------------------    -------------------
    SLICE_X15Y84         FDRE (Prop_fdre_C_Q)         0.100     1.565 r  design_1_i/eth_pump_0/inst/axis_data_fifo_0_0/inst/gen_fifo.xpm_fifo_axis_inst/xpm_fifo_base_inst/gen_cdc_pntr.wr_pntr_cdc_inst/src_gray_ff_reg[10]/Q
                         net (fo=1, routed)           0.149     1.714    design_1_i/eth_pump_0/inst/axis_data_fifo_0_0/inst/gen_fifo.xpm_fifo_axis_inst/xpm_fifo_base_inst/gen_cdc_pntr.wr_pntr_cdc_inst/async_path[10]
    SLICE_X14Y83         FDRE                                         r  design_1_i/eth_pump_0/inst/axis_data_fifo_0_0/inst/gen_fifo.xpm_fifo_axis_inst/xpm_fifo_base_inst/gen_cdc_pntr.wr_pntr_cdc_inst/dest_graysync_ff_reg[0][10]/D
  -------------------------------------------------------------------    -------------------

                         (clock clk_out1_design_1_clk_wiz_0_0 rise edge)
                                                      0.000     0.000 r  
    F22                                               0.000     0.000 r  FPGA_REF_40MHZ (IN)
                         net (fo=0)                   0.000     0.000    design_1_i/CLK_AXI/ibuf_0/inst/in_ref
    F22                  IBUF (Prop_ibuf_I_O)         0.689     0.689 r  design_1_i/CLK_AXI/ibuf_0/inst/IBUF_inst/O
                         net (fo=2, routed)           0.553     1.242    design_1_i/AD9361_CTRL/ad9361_clk/clk_DSP/inst/clk_in1
    MMCME2_ADV_X0Y2      MMCME2_ADV (Prop_mmcme2_adv_CLKIN1_CLKOUT0)
                                                     -3.270    -2.028 r  design_1_i/AD9361_CTRL/ad9361_clk/clk_DSP/inst/mmcm_adv_inst/CLKOUT0
                         net (fo=1, routed)           0.826    -1.202    design_1_i/AD9361_CTRL/ad9361_clk/clk_DSP/inst/sample_rate_30_72_design_1_clk_DSP_0
    BUFGCTRL_X0Y0        BUFG (Prop_bufg_I_O)         0.030    -1.172 r  design_1_i/AD9361_CTRL/ad9361_clk/clk_DSP/inst/clkout1_buf/O
                         net (fo=29668, routed)       1.012    -0.160    design_1_i/clk_wiz_0/inst/clk_in1
    PLLE2_ADV_X0Y6       PLLE2_ADV (Prop_plle2_adv_CLKIN1_CLKOUT0)
                                                     -2.097    -2.257 r  design_1_i/clk_wiz_0/inst/plle2_adv_inst/CLKOUT0
                         net (fo=1, routed)           1.057    -1.200    design_1_i/clk_wiz_0/inst/clk_out1_design_1_clk_wiz_0_0
    BUFGCTRL_X0Y19       BUFG (Prop_bufg_I_O)         0.030    -1.170 r  design_1_i/clk_wiz_0/inst/clkout1_buf/O
                         net (fo=1750, routed)        0.931    -0.239    design_1_i/eth_pump_0/inst/axis_data_fifo_0_0/inst/gen_fifo.xpm_fifo_axis_inst/xpm_fifo_base_inst/gen_cdc_pntr.wr_pntr_cdc_inst/dest_clk
    SLICE_X14Y83         FDRE                                         r  design_1_i/eth_pump_0/inst/axis_data_fifo_0_0/inst/gen_fifo.xpm_fifo_axis_inst/xpm_fifo_base_inst/gen_cdc_pntr.wr_pntr_cdc_inst/dest_graysync_ff_reg[0][10]/C
                         clock pessimism             -0.197    -0.435    
    SLICE_X14Y83         FDRE (Hold_fdre_C_D)         0.059    -0.376    design_1_i/eth_pump_0/inst/axis_data_fifo_0_0/inst/gen_fifo.xpm_fifo_axis_inst/xpm_fifo_base_inst/gen_cdc_pntr.wr_pntr_cdc_inst/dest_graysync_ff_reg[0][10]
  -------------------------------------------------------------------
                         data arrival                           1.714    
                         clock arrival                         -0.376    
  -------------------------------------------------------------------
                         relative delay                         2.091    



Id: 11
set_bus_skew -from [get_cells [list {design_1_i/modem_0/inst/modem_rx/RX_phy_sub/xcorr_main_lite_sub/axis_fifo_downsamp_sub0/inst/gen_fifo.xpm_fifo_axis_inst/xpm_fifo_base_inst/gen_cdc_pntr.rd_pntr_cdc_inst/src_gray_ff_reg[0]} \
          {design_1_i/modem_0/inst/modem_rx/RX_phy_sub/xcorr_main_lite_sub/axis_fifo_downsamp_sub0/inst/gen_fifo.xpm_fifo_axis_inst/xpm_fifo_base_inst/gen_cdc_pntr.rd_pntr_cdc_inst/src_gray_ff_reg[10]} \
          {design_1_i/modem_0/inst/modem_rx/RX_phy_sub/xcorr_main_lite_sub/axis_fifo_downsamp_sub0/inst/gen_fifo.xpm_fifo_axis_inst/xpm_fifo_base_inst/gen_cdc_pntr.rd_pntr_cdc_inst/src_gray_ff_reg[1]} \
          {design_1_i/modem_0/inst/modem_rx/RX_phy_sub/xcorr_main_lite_sub/axis_fifo_downsamp_sub0/inst/gen_fifo.xpm_fifo_axis_inst/xpm_fifo_base_inst/gen_cdc_pntr.rd_pntr_cdc_inst/src_gray_ff_reg[2]} \
          {design_1_i/modem_0/inst/modem_rx/RX_phy_sub/xcorr_main_lite_sub/axis_fifo_downsamp_sub0/inst/gen_fifo.xpm_fifo_axis_inst/xpm_fifo_base_inst/gen_cdc_pntr.rd_pntr_cdc_inst/src_gray_ff_reg[3]} \
          {design_1_i/modem_0/inst/modem_rx/RX_phy_sub/xcorr_main_lite_sub/axis_fifo_downsamp_sub0/inst/gen_fifo.xpm_fifo_axis_inst/xpm_fifo_base_inst/gen_cdc_pntr.rd_pntr_cdc_inst/src_gray_ff_reg[4]} \
          {design_1_i/modem_0/inst/modem_rx/RX_phy_sub/xcorr_main_lite_sub/axis_fifo_downsamp_sub0/inst/gen_fifo.xpm_fifo_axis_inst/xpm_fifo_base_inst/gen_cdc_pntr.rd_pntr_cdc_inst/src_gray_ff_reg[5]} \
          {design_1_i/modem_0/inst/modem_rx/RX_phy_sub/xcorr_main_lite_sub/axis_fifo_downsamp_sub0/inst/gen_fifo.xpm_fifo_axis_inst/xpm_fifo_base_inst/gen_cdc_pntr.rd_pntr_cdc_inst/src_gray_ff_reg[6]} \
          {design_1_i/modem_0/inst/modem_rx/RX_phy_sub/xcorr_main_lite_sub/axis_fifo_downsamp_sub0/inst/gen_fifo.xpm_fifo_axis_inst/xpm_fifo_base_inst/gen_cdc_pntr.rd_pntr_cdc_inst/src_gray_ff_reg[7]} \
          {design_1_i/modem_0/inst/modem_rx/RX_phy_sub/xcorr_main_lite_sub/axis_fifo_downsamp_sub0/inst/gen_fifo.xpm_fifo_axis_inst/xpm_fifo_base_inst/gen_cdc_pntr.rd_pntr_cdc_inst/src_gray_ff_reg[8]} \
          {design_1_i/modem_0/inst/modem_rx/RX_phy_sub/xcorr_main_lite_sub/axis_fifo_downsamp_sub0/inst/gen_fifo.xpm_fifo_axis_inst/xpm_fifo_base_inst/gen_cdc_pntr.rd_pntr_cdc_inst/src_gray_ff_reg[9]}]] -to [get_cells [list {design_1_i/modem_0/inst/modem_rx/RX_phy_sub/xcorr_main_lite_sub/axis_fifo_downsamp_sub0/inst/gen_fifo.xpm_fifo_axis_inst/xpm_fifo_base_inst/gen_cdc_pntr.rd_pntr_cdc_inst/dest_graysync_ff_reg[0][0]} \
          {design_1_i/modem_0/inst/modem_rx/RX_phy_sub/xcorr_main_lite_sub/axis_fifo_downsamp_sub0/inst/gen_fifo.xpm_fifo_axis_inst/xpm_fifo_base_inst/gen_cdc_pntr.rd_pntr_cdc_inst/dest_graysync_ff_reg[0][10]} \
          {design_1_i/modem_0/inst/modem_rx/RX_phy_sub/xcorr_main_lite_sub/axis_fifo_downsamp_sub0/inst/gen_fifo.xpm_fifo_axis_inst/xpm_fifo_base_inst/gen_cdc_pntr.rd_pntr_cdc_inst/dest_graysync_ff_reg[0][1]} \
          {design_1_i/modem_0/inst/modem_rx/RX_phy_sub/xcorr_main_lite_sub/axis_fifo_downsamp_sub0/inst/gen_fifo.xpm_fifo_axis_inst/xpm_fifo_base_inst/gen_cdc_pntr.rd_pntr_cdc_inst/dest_graysync_ff_reg[0][2]} \
          {design_1_i/modem_0/inst/modem_rx/RX_phy_sub/xcorr_main_lite_sub/axis_fifo_downsamp_sub0/inst/gen_fifo.xpm_fifo_axis_inst/xpm_fifo_base_inst/gen_cdc_pntr.rd_pntr_cdc_inst/dest_graysync_ff_reg[0][3]} \
          {design_1_i/modem_0/inst/modem_rx/RX_phy_sub/xcorr_main_lite_sub/axis_fifo_downsamp_sub0/inst/gen_fifo.xpm_fifo_axis_inst/xpm_fifo_base_inst/gen_cdc_pntr.rd_pntr_cdc_inst/dest_graysync_ff_reg[0][4]} \
          {design_1_i/modem_0/inst/modem_rx/RX_phy_sub/xcorr_main_lite_sub/axis_fifo_downsamp_sub0/inst/gen_fifo.xpm_fifo_axis_inst/xpm_fifo_base_inst/gen_cdc_pntr.rd_pntr_cdc_inst/dest_graysync_ff_reg[0][5]} \
          {design_1_i/modem_0/inst/modem_rx/RX_phy_sub/xcorr_main_lite_sub/axis_fifo_downsamp_sub0/inst/gen_fifo.xpm_fifo_axis_inst/xpm_fifo_base_inst/gen_cdc_pntr.rd_pntr_cdc_inst/dest_graysync_ff_reg[0][6]} \
          {design_1_i/modem_0/inst/modem_rx/RX_phy_sub/xcorr_main_lite_sub/axis_fifo_downsamp_sub0/inst/gen_fifo.xpm_fifo_axis_inst/xpm_fifo_base_inst/gen_cdc_pntr.rd_pntr_cdc_inst/dest_graysync_ff_reg[0][7]} \
          {design_1_i/modem_0/inst/modem_rx/RX_phy_sub/xcorr_main_lite_sub/axis_fifo_downsamp_sub0/inst/gen_fifo.xpm_fifo_axis_inst/xpm_fifo_base_inst/gen_cdc_pntr.rd_pntr_cdc_inst/dest_graysync_ff_reg[0][8]} \
          {design_1_i/modem_0/inst/modem_rx/RX_phy_sub/xcorr_main_lite_sub/axis_fifo_downsamp_sub0/inst/gen_fifo.xpm_fifo_axis_inst/xpm_fifo_base_inst/gen_cdc_pntr.rd_pntr_cdc_inst/dest_graysync_ff_reg[0][9]}]] 3.617
Requirement: 3.617ns
Endpoints: 11

From Clock            To Clock              Endpoint Pin                    Reference Pin                   Corner  Actual(ns)  Slack(ns)
--------------------  --------------------  ------------------------------  ------------------------------  ------  ----------  ---------
sample_rate_30_72_design_1_clk_DSP_0
                      clk_out2_design_1_clk_wiz_0_0
                                            design_1_i/modem_0/inst/modem_rx/RX_phy_sub/xcorr_main_lite_sub/axis_fifo_downsamp_sub0/inst/gen_fifo.xpm_fifo_axis_inst/xpm_fifo_base_inst/gen_cdc_pntr.rd_pntr_cdc_inst/dest_graysync_ff_reg[0][4]/D
                                                                            design_1_i/modem_0/inst/modem_rx/RX_phy_sub/xcorr_main_lite_sub/axis_fifo_downsamp_sub0/inst/gen_fifo.xpm_fifo_axis_inst/xpm_fifo_base_inst/gen_cdc_pntr.rd_pntr_cdc_inst/dest_graysync_ff_reg[0][6]/D
                                                                                                            Slow         0.849      2.768


Slack (MET) :             2.768ns  (requirement - actual skew)
  Endpoint Source:        design_1_i/modem_0/inst/modem_rx/RX_phy_sub/xcorr_main_lite_sub/axis_fifo_downsamp_sub0/inst/gen_fifo.xpm_fifo_axis_inst/xpm_fifo_base_inst/gen_cdc_pntr.rd_pntr_cdc_inst/src_gray_ff_reg[4]/C
                            (rising edge-triggered cell FDRE clocked by sample_rate_30_72_design_1_clk_DSP_0)
  Endpoint Destination:   design_1_i/modem_0/inst/modem_rx/RX_phy_sub/xcorr_main_lite_sub/axis_fifo_downsamp_sub0/inst/gen_fifo.xpm_fifo_axis_inst/xpm_fifo_base_inst/gen_cdc_pntr.rd_pntr_cdc_inst/dest_graysync_ff_reg[0][4]/D
                            (rising edge-triggered cell FDRE clocked by clk_out2_design_1_clk_wiz_0_0)
  Reference Source:       design_1_i/modem_0/inst/modem_rx/RX_phy_sub/xcorr_main_lite_sub/axis_fifo_downsamp_sub0/inst/gen_fifo.xpm_fifo_axis_inst/xpm_fifo_base_inst/gen_cdc_pntr.rd_pntr_cdc_inst/src_gray_ff_reg[6]/C
                            (rising edge-triggered cell FDRE clocked by sample_rate_30_72_design_1_clk_DSP_0)
  Reference Destination:  design_1_i/modem_0/inst/modem_rx/RX_phy_sub/xcorr_main_lite_sub/axis_fifo_downsamp_sub0/inst/gen_fifo.xpm_fifo_axis_inst/xpm_fifo_base_inst/gen_cdc_pntr.rd_pntr_cdc_inst/dest_graysync_ff_reg[0][6]/D
                            (rising edge-triggered cell FDRE clocked by clk_out2_design_1_clk_wiz_0_0)
  Path Type:              Bus Skew (Max at Slow Process Corner)
  Requirement:            3.617ns
  Endpoint Relative Delay:    0.827ns
  Reference Relative Delay:   0.134ns
  Relative CRPR:              0.206ns
  Uncertainty:                0.362ns
  Actual Bus Skew:            0.849ns  (Endpoint Relative Delay - Reference Relative Delay - Relative CRPR + Uncertainty)

Endpoint path:
    Location             Delay type                Incr(ns)  Path(ns)    Netlist Resource(s)
  -------------------------------------------------------------------    -------------------
                         (clock sample_rate_30_72_design_1_clk_DSP_0 rise edge)
                                                      0.000     0.000 r  
    F22                                               0.000     0.000 r  FPGA_REF_40MHZ (IN)
                         net (fo=0)                   0.000     0.000    design_1_i/CLK_AXI/ibuf_0/inst/in_ref
    F22                  IBUF (Prop_ibuf_I_O)         1.568     1.568 r  design_1_i/CLK_AXI/ibuf_0/inst/IBUF_inst/O
                         net (fo=2, routed)           1.081     2.649    design_1_i/AD9361_CTRL/ad9361_clk/clk_DSP/inst/clk_in1
    MMCME2_ADV_X0Y2      MMCME2_ADV (Prop_mmcme2_adv_CLKIN1_CLKOUT0)
                                                     -7.424    -4.775 r  design_1_i/AD9361_CTRL/ad9361_clk/clk_DSP/inst/mmcm_adv_inst/CLKOUT0
                         net (fo=1, routed)           1.804    -2.971    design_1_i/AD9361_CTRL/ad9361_clk/clk_DSP/inst/sample_rate_30_72_design_1_clk_DSP_0
    BUFGCTRL_X0Y0        BUFG (Prop_bufg_I_O)         0.093    -2.878 r  design_1_i/AD9361_CTRL/ad9361_clk/clk_DSP/inst/clkout1_buf/O
                         net (fo=29668, routed)       1.788    -1.090    design_1_i/modem_0/inst/modem_rx/RX_phy_sub/xcorr_main_lite_sub/axis_fifo_downsamp_sub0/inst/gen_fifo.xpm_fifo_axis_inst/xpm_fifo_base_inst/gen_cdc_pntr.rd_pntr_cdc_inst/src_clk
    SLICE_X46Y31         FDRE                                         r  design_1_i/modem_0/inst/modem_rx/RX_phy_sub/xcorr_main_lite_sub/axis_fifo_downsamp_sub0/inst/gen_fifo.xpm_fifo_axis_inst/xpm_fifo_base_inst/gen_cdc_pntr.rd_pntr_cdc_inst/src_gray_ff_reg[4]/C
  -------------------------------------------------------------------    -------------------
    SLICE_X46Y31         FDRE (Prop_fdre_C_Q)         0.259    -0.831 r  design_1_i/modem_0/inst/modem_rx/RX_phy_sub/xcorr_main_lite_sub/axis_fifo_downsamp_sub0/inst/gen_fifo.xpm_fifo_axis_inst/xpm_fifo_base_inst/gen_cdc_pntr.rd_pntr_cdc_inst/src_gray_ff_reg[4]/Q
                         net (fo=1, routed)           0.398    -0.433    design_1_i/modem_0/inst/modem_rx/RX_phy_sub/xcorr_main_lite_sub/axis_fifo_downsamp_sub0/inst/gen_fifo.xpm_fifo_axis_inst/xpm_fifo_base_inst/gen_cdc_pntr.rd_pntr_cdc_inst/async_path[4]
    SLICE_X50Y30         FDRE                                         r  design_1_i/modem_0/inst/modem_rx/RX_phy_sub/xcorr_main_lite_sub/axis_fifo_downsamp_sub0/inst/gen_fifo.xpm_fifo_axis_inst/xpm_fifo_base_inst/gen_cdc_pntr.rd_pntr_cdc_inst/dest_graysync_ff_reg[0][4]/D
  -------------------------------------------------------------------    -------------------

                         (clock clk_out2_design_1_clk_wiz_0_0 rise edge)
                                                      0.000     0.000 r  
    F22                                               0.000     0.000 r  FPGA_REF_40MHZ (IN)
                         net (fo=0)                   0.000     0.000    design_1_i/CLK_AXI/ibuf_0/inst/in_ref
    F22                  IBUF (Prop_ibuf_I_O)         1.436     1.436 r  design_1_i/CLK_AXI/ibuf_0/inst/IBUF_inst/O
                         net (fo=2, routed)           0.986     2.422    design_1_i/AD9361_CTRL/ad9361_clk/clk_DSP/inst/clk_in1
    MMCME2_ADV_X0Y2      MMCME2_ADV (Prop_mmcme2_adv_CLKIN1_CLKOUT0)
                                                     -6.398    -3.976 r  design_1_i/AD9361_CTRL/ad9361_clk/clk_DSP/inst/mmcm_adv_inst/CLKOUT0
                         net (fo=1, routed)           1.686    -2.290    design_1_i/AD9361_CTRL/ad9361_clk/clk_DSP/inst/sample_rate_30_72_design_1_clk_DSP_0
    BUFGCTRL_X0Y0        BUFG (Prop_bufg_I_O)         0.083    -2.207 r  design_1_i/AD9361_CTRL/ad9361_clk/clk_DSP/inst/clkout1_buf/O
                         net (fo=29668, routed)       1.530    -0.677    design_1_i/clk_wiz_0/inst/clk_in1
    PLLE2_ADV_X0Y6       PLLE2_ADV (Prop_plle2_adv_CLKIN1_CLKOUT1)
                                                     -3.394    -4.071 r  design_1_i/clk_wiz_0/inst/plle2_adv_inst/CLKOUT1
                         net (fo=1, routed)           1.783    -2.288    design_1_i/clk_wiz_0/inst/clk_out2_design_1_clk_wiz_0_0
    BUFGCTRL_X0Y18       BUFG (Prop_bufg_I_O)         0.083    -2.205 r  design_1_i/clk_wiz_0/inst/clkout2_buf/O
                         net (fo=17714, routed)       1.594    -0.611    design_1_i/modem_0/inst/modem_rx/RX_phy_sub/xcorr_main_lite_sub/axis_fifo_downsamp_sub0/inst/gen_fifo.xpm_fifo_axis_inst/xpm_fifo_base_inst/gen_cdc_pntr.rd_pntr_cdc_inst/dest_clk
    SLICE_X50Y30         FDRE                                         r  design_1_i/modem_0/inst/modem_rx/RX_phy_sub/xcorr_main_lite_sub/axis_fifo_downsamp_sub0/inst/gen_fifo.xpm_fifo_axis_inst/xpm_fifo_base_inst/gen_cdc_pntr.rd_pntr_cdc_inst/dest_graysync_ff_reg[0][4]/C
                         clock pessimism             -0.670    -1.282    
    SLICE_X50Y30         FDRE (Setup_fdre_C_D)        0.022    -1.260    design_1_i/modem_0/inst/modem_rx/RX_phy_sub/xcorr_main_lite_sub/axis_fifo_downsamp_sub0/inst/gen_fifo.xpm_fifo_axis_inst/xpm_fifo_base_inst/gen_cdc_pntr.rd_pntr_cdc_inst/dest_graysync_ff_reg[0][4]
  -------------------------------------------------------------------
                         data arrival                          -0.433    
                         clock arrival                         -1.260    
  -------------------------------------------------------------------
                         relative delay                         0.827    

Reference path:
    Location             Delay type                Incr(ns)  Path(ns)    Netlist Resource(s)
  -------------------------------------------------------------------    -------------------
                         (clock sample_rate_30_72_design_1_clk_DSP_0 rise edge)
                                                      0.000     0.000 r  
    F22                                               0.000     0.000 r  FPGA_REF_40MHZ (IN)
                         net (fo=0)                   0.000     0.000    design_1_i/CLK_AXI/ibuf_0/inst/in_ref
    F22                  IBUF (Prop_ibuf_I_O)         1.436     1.436 r  design_1_i/CLK_AXI/ibuf_0/inst/IBUF_inst/O
                         net (fo=2, routed)           0.986     2.422    design_1_i/AD9361_CTRL/ad9361_clk/clk_DSP/inst/clk_in1
    MMCME2_ADV_X0Y2      MMCME2_ADV (Prop_mmcme2_adv_CLKIN1_CLKOUT0)
                                                     -6.398    -3.976 r  design_1_i/AD9361_CTRL/ad9361_clk/clk_DSP/inst/mmcm_adv_inst/CLKOUT0
                         net (fo=1, routed)           1.686    -2.290    design_1_i/AD9361_CTRL/ad9361_clk/clk_DSP/inst/sample_rate_30_72_design_1_clk_DSP_0
    BUFGCTRL_X0Y0        BUFG (Prop_bufg_I_O)         0.083    -2.207 r  design_1_i/AD9361_CTRL/ad9361_clk/clk_DSP/inst/clkout1_buf/O
                         net (fo=29668, routed)       1.654    -0.553    design_1_i/modem_0/inst/modem_rx/RX_phy_sub/xcorr_main_lite_sub/axis_fifo_downsamp_sub0/inst/gen_fifo.xpm_fifo_axis_inst/xpm_fifo_base_inst/gen_cdc_pntr.rd_pntr_cdc_inst/src_clk
    SLICE_X47Y34         FDRE                                         r  design_1_i/modem_0/inst/modem_rx/RX_phy_sub/xcorr_main_lite_sub/axis_fifo_downsamp_sub0/inst/gen_fifo.xpm_fifo_axis_inst/xpm_fifo_base_inst/gen_cdc_pntr.rd_pntr_cdc_inst/src_gray_ff_reg[6]/C
  -------------------------------------------------------------------    -------------------
    SLICE_X47Y34         FDRE (Prop_fdre_C_Q)         0.178    -0.375 r  design_1_i/modem_0/inst/modem_rx/RX_phy_sub/xcorr_main_lite_sub/axis_fifo_downsamp_sub0/inst/gen_fifo.xpm_fifo_axis_inst/xpm_fifo_base_inst/gen_cdc_pntr.rd_pntr_cdc_inst/src_gray_ff_reg[6]/Q
                         net (fo=1, routed)           0.249    -0.126    design_1_i/modem_0/inst/modem_rx/RX_phy_sub/xcorr_main_lite_sub/axis_fifo_downsamp_sub0/inst/gen_fifo.xpm_fifo_axis_inst/xpm_fifo_base_inst/gen_cdc_pntr.rd_pntr_cdc_inst/async_path[6]
    SLICE_X46Y34         FDRE                                         r  design_1_i/modem_0/inst/modem_rx/RX_phy_sub/xcorr_main_lite_sub/axis_fifo_downsamp_sub0/inst/gen_fifo.xpm_fifo_axis_inst/xpm_fifo_base_inst/gen_cdc_pntr.rd_pntr_cdc_inst/dest_graysync_ff_reg[0][6]/D
  -------------------------------------------------------------------    -------------------

                         (clock clk_out2_design_1_clk_wiz_0_0 rise edge)
                                                      0.000     0.000 r  
    F22                                               0.000     0.000 r  FPGA_REF_40MHZ (IN)
                         net (fo=0)                   0.000     0.000    design_1_i/CLK_AXI/ibuf_0/inst/in_ref
    F22                  IBUF (Prop_ibuf_I_O)         1.568     1.568 r  design_1_i/CLK_AXI/ibuf_0/inst/IBUF_inst/O
                         net (fo=2, routed)           1.081     2.649    design_1_i/AD9361_CTRL/ad9361_clk/clk_DSP/inst/clk_in1
    MMCME2_ADV_X0Y2      MMCME2_ADV (Prop_mmcme2_adv_CLKIN1_CLKOUT0)
                                                     -7.424    -4.775 r  design_1_i/AD9361_CTRL/ad9361_clk/clk_DSP/inst/mmcm_adv_inst/CLKOUT0
                         net (fo=1, routed)           1.804    -2.971    design_1_i/AD9361_CTRL/ad9361_clk/clk_DSP/inst/sample_rate_30_72_design_1_clk_DSP_0
    BUFGCTRL_X0Y0        BUFG (Prop_bufg_I_O)         0.093    -2.878 r  design_1_i/AD9361_CTRL/ad9361_clk/clk_DSP/inst/clkout1_buf/O
                         net (fo=29668, routed)       1.754    -1.124    design_1_i/clk_wiz_0/inst/clk_in1
    PLLE2_ADV_X0Y6       PLLE2_ADV (Prop_plle2_adv_CLKIN1_CLKOUT1)
                                                     -3.782    -4.906 r  design_1_i/clk_wiz_0/inst/plle2_adv_inst/CLKOUT1
                         net (fo=1, routed)           1.937    -2.969    design_1_i/clk_wiz_0/inst/clk_out2_design_1_clk_wiz_0_0
    BUFGCTRL_X0Y18       BUFG (Prop_bufg_I_O)         0.093    -2.876 r  design_1_i/clk_wiz_0/inst/clkout2_buf/O
                         net (fo=17714, routed)       1.793    -1.083    design_1_i/modem_0/inst/modem_rx/RX_phy_sub/xcorr_main_lite_sub/axis_fifo_downsamp_sub0/inst/gen_fifo.xpm_fifo_axis_inst/xpm_fifo_base_inst/gen_cdc_pntr.rd_pntr_cdc_inst/dest_clk
    SLICE_X46Y34         FDRE                                         r  design_1_i/modem_0/inst/modem_rx/RX_phy_sub/xcorr_main_lite_sub/axis_fifo_downsamp_sub0/inst/gen_fifo.xpm_fifo_axis_inst/xpm_fifo_base_inst/gen_cdc_pntr.rd_pntr_cdc_inst/dest_graysync_ff_reg[0][6]/C
                         clock pessimism              0.670    -0.412    
    SLICE_X46Y34         FDRE (Hold_fdre_C_D)         0.152    -0.260    design_1_i/modem_0/inst/modem_rx/RX_phy_sub/xcorr_main_lite_sub/axis_fifo_downsamp_sub0/inst/gen_fifo.xpm_fifo_axis_inst/xpm_fifo_base_inst/gen_cdc_pntr.rd_pntr_cdc_inst/dest_graysync_ff_reg[0][6]
  -------------------------------------------------------------------
                         data arrival                          -0.126    
                         clock arrival                         -0.260    
  -------------------------------------------------------------------
                         relative delay                         0.134    



Id: 12
set_bus_skew -from [get_cells [list {design_1_i/modem_0/inst/modem_rx/RX_phy_sub/xcorr_main_lite_sub/axis_fifo_downsamp_sub0/inst/gen_fifo.xpm_fifo_axis_inst/xpm_fifo_base_inst/gen_cdc_pntr.wr_pntr_cdc_inst/src_gray_ff_reg[0]} \
          {design_1_i/modem_0/inst/modem_rx/RX_phy_sub/xcorr_main_lite_sub/axis_fifo_downsamp_sub0/inst/gen_fifo.xpm_fifo_axis_inst/xpm_fifo_base_inst/gen_cdc_pntr.wr_pntr_cdc_inst/src_gray_ff_reg[10]} \
          {design_1_i/modem_0/inst/modem_rx/RX_phy_sub/xcorr_main_lite_sub/axis_fifo_downsamp_sub0/inst/gen_fifo.xpm_fifo_axis_inst/xpm_fifo_base_inst/gen_cdc_pntr.wr_pntr_cdc_inst/src_gray_ff_reg[1]} \
          {design_1_i/modem_0/inst/modem_rx/RX_phy_sub/xcorr_main_lite_sub/axis_fifo_downsamp_sub0/inst/gen_fifo.xpm_fifo_axis_inst/xpm_fifo_base_inst/gen_cdc_pntr.wr_pntr_cdc_inst/src_gray_ff_reg[2]} \
          {design_1_i/modem_0/inst/modem_rx/RX_phy_sub/xcorr_main_lite_sub/axis_fifo_downsamp_sub0/inst/gen_fifo.xpm_fifo_axis_inst/xpm_fifo_base_inst/gen_cdc_pntr.wr_pntr_cdc_inst/src_gray_ff_reg[3]} \
          {design_1_i/modem_0/inst/modem_rx/RX_phy_sub/xcorr_main_lite_sub/axis_fifo_downsamp_sub0/inst/gen_fifo.xpm_fifo_axis_inst/xpm_fifo_base_inst/gen_cdc_pntr.wr_pntr_cdc_inst/src_gray_ff_reg[4]} \
          {design_1_i/modem_0/inst/modem_rx/RX_phy_sub/xcorr_main_lite_sub/axis_fifo_downsamp_sub0/inst/gen_fifo.xpm_fifo_axis_inst/xpm_fifo_base_inst/gen_cdc_pntr.wr_pntr_cdc_inst/src_gray_ff_reg[5]} \
          {design_1_i/modem_0/inst/modem_rx/RX_phy_sub/xcorr_main_lite_sub/axis_fifo_downsamp_sub0/inst/gen_fifo.xpm_fifo_axis_inst/xpm_fifo_base_inst/gen_cdc_pntr.wr_pntr_cdc_inst/src_gray_ff_reg[6]} \
          {design_1_i/modem_0/inst/modem_rx/RX_phy_sub/xcorr_main_lite_sub/axis_fifo_downsamp_sub0/inst/gen_fifo.xpm_fifo_axis_inst/xpm_fifo_base_inst/gen_cdc_pntr.wr_pntr_cdc_inst/src_gray_ff_reg[7]} \
          {design_1_i/modem_0/inst/modem_rx/RX_phy_sub/xcorr_main_lite_sub/axis_fifo_downsamp_sub0/inst/gen_fifo.xpm_fifo_axis_inst/xpm_fifo_base_inst/gen_cdc_pntr.wr_pntr_cdc_inst/src_gray_ff_reg[8]} \
          {design_1_i/modem_0/inst/modem_rx/RX_phy_sub/xcorr_main_lite_sub/axis_fifo_downsamp_sub0/inst/gen_fifo.xpm_fifo_axis_inst/xpm_fifo_base_inst/gen_cdc_pntr.wr_pntr_cdc_inst/src_gray_ff_reg[9]}]] -to [get_cells [list {design_1_i/modem_0/inst/modem_rx/RX_phy_sub/xcorr_main_lite_sub/axis_fifo_downsamp_sub0/inst/gen_fifo.xpm_fifo_axis_inst/xpm_fifo_base_inst/gen_cdc_pntr.wr_pntr_cdc_inst/dest_graysync_ff_reg[0][0]} \
          {design_1_i/modem_0/inst/modem_rx/RX_phy_sub/xcorr_main_lite_sub/axis_fifo_downsamp_sub0/inst/gen_fifo.xpm_fifo_axis_inst/xpm_fifo_base_inst/gen_cdc_pntr.wr_pntr_cdc_inst/dest_graysync_ff_reg[0][10]} \
          {design_1_i/modem_0/inst/modem_rx/RX_phy_sub/xcorr_main_lite_sub/axis_fifo_downsamp_sub0/inst/gen_fifo.xpm_fifo_axis_inst/xpm_fifo_base_inst/gen_cdc_pntr.wr_pntr_cdc_inst/dest_graysync_ff_reg[0][1]} \
          {design_1_i/modem_0/inst/modem_rx/RX_phy_sub/xcorr_main_lite_sub/axis_fifo_downsamp_sub0/inst/gen_fifo.xpm_fifo_axis_inst/xpm_fifo_base_inst/gen_cdc_pntr.wr_pntr_cdc_inst/dest_graysync_ff_reg[0][2]} \
          {design_1_i/modem_0/inst/modem_rx/RX_phy_sub/xcorr_main_lite_sub/axis_fifo_downsamp_sub0/inst/gen_fifo.xpm_fifo_axis_inst/xpm_fifo_base_inst/gen_cdc_pntr.wr_pntr_cdc_inst/dest_graysync_ff_reg[0][3]} \
          {design_1_i/modem_0/inst/modem_rx/RX_phy_sub/xcorr_main_lite_sub/axis_fifo_downsamp_sub0/inst/gen_fifo.xpm_fifo_axis_inst/xpm_fifo_base_inst/gen_cdc_pntr.wr_pntr_cdc_inst/dest_graysync_ff_reg[0][4]} \
          {design_1_i/modem_0/inst/modem_rx/RX_phy_sub/xcorr_main_lite_sub/axis_fifo_downsamp_sub0/inst/gen_fifo.xpm_fifo_axis_inst/xpm_fifo_base_inst/gen_cdc_pntr.wr_pntr_cdc_inst/dest_graysync_ff_reg[0][5]} \
          {design_1_i/modem_0/inst/modem_rx/RX_phy_sub/xcorr_main_lite_sub/axis_fifo_downsamp_sub0/inst/gen_fifo.xpm_fifo_axis_inst/xpm_fifo_base_inst/gen_cdc_pntr.wr_pntr_cdc_inst/dest_graysync_ff_reg[0][6]} \
          {design_1_i/modem_0/inst/modem_rx/RX_phy_sub/xcorr_main_lite_sub/axis_fifo_downsamp_sub0/inst/gen_fifo.xpm_fifo_axis_inst/xpm_fifo_base_inst/gen_cdc_pntr.wr_pntr_cdc_inst/dest_graysync_ff_reg[0][7]} \
          {design_1_i/modem_0/inst/modem_rx/RX_phy_sub/xcorr_main_lite_sub/axis_fifo_downsamp_sub0/inst/gen_fifo.xpm_fifo_axis_inst/xpm_fifo_base_inst/gen_cdc_pntr.wr_pntr_cdc_inst/dest_graysync_ff_reg[0][8]} \
          {design_1_i/modem_0/inst/modem_rx/RX_phy_sub/xcorr_main_lite_sub/axis_fifo_downsamp_sub0/inst/gen_fifo.xpm_fifo_axis_inst/xpm_fifo_base_inst/gen_cdc_pntr.wr_pntr_cdc_inst/dest_graysync_ff_reg[0][9]}]] 3.617
Requirement: 3.617ns
Endpoints: 11

From Clock            To Clock              Endpoint Pin                    Reference Pin                   Corner  Actual(ns)  Slack(ns)
--------------------  --------------------  ------------------------------  ------------------------------  ------  ----------  ---------
clk_out2_design_1_clk_wiz_0_0
                      sample_rate_30_72_design_1_clk_DSP_0
                                            design_1_i/modem_0/inst/modem_rx/RX_phy_sub/xcorr_main_lite_sub/axis_fifo_downsamp_sub0/inst/gen_fifo.xpm_fifo_axis_inst/xpm_fifo_base_inst/gen_cdc_pntr.wr_pntr_cdc_inst/dest_graysync_ff_reg[0][9]/D
                                                                            design_1_i/modem_0/inst/modem_rx/RX_phy_sub/xcorr_main_lite_sub/axis_fifo_downsamp_sub0/inst/gen_fifo.xpm_fifo_axis_inst/xpm_fifo_base_inst/gen_cdc_pntr.wr_pntr_cdc_inst/dest_graysync_ff_reg[0][0]/D
                                                                                                            Slow         0.858      2.759


Slack (MET) :             2.759ns  (requirement - actual skew)
  Endpoint Source:        design_1_i/modem_0/inst/modem_rx/RX_phy_sub/xcorr_main_lite_sub/axis_fifo_downsamp_sub0/inst/gen_fifo.xpm_fifo_axis_inst/xpm_fifo_base_inst/gen_cdc_pntr.wr_pntr_cdc_inst/src_gray_ff_reg[9]/C
                            (rising edge-triggered cell FDRE clocked by clk_out2_design_1_clk_wiz_0_0)
  Endpoint Destination:   design_1_i/modem_0/inst/modem_rx/RX_phy_sub/xcorr_main_lite_sub/axis_fifo_downsamp_sub0/inst/gen_fifo.xpm_fifo_axis_inst/xpm_fifo_base_inst/gen_cdc_pntr.wr_pntr_cdc_inst/dest_graysync_ff_reg[0][9]/D
                            (rising edge-triggered cell FDRE clocked by sample_rate_30_72_design_1_clk_DSP_0)
  Reference Source:       design_1_i/modem_0/inst/modem_rx/RX_phy_sub/xcorr_main_lite_sub/axis_fifo_downsamp_sub0/inst/gen_fifo.xpm_fifo_axis_inst/xpm_fifo_base_inst/gen_cdc_pntr.wr_pntr_cdc_inst/src_gray_ff_reg[0]/C
                            (rising edge-triggered cell FDRE clocked by clk_out2_design_1_clk_wiz_0_0)
  Reference Destination:  design_1_i/modem_0/inst/modem_rx/RX_phy_sub/xcorr_main_lite_sub/axis_fifo_downsamp_sub0/inst/gen_fifo.xpm_fifo_axis_inst/xpm_fifo_base_inst/gen_cdc_pntr.wr_pntr_cdc_inst/dest_graysync_ff_reg[0][0]/D
                            (rising edge-triggered cell FDRE clocked by sample_rate_30_72_design_1_clk_DSP_0)
  Path Type:              Bus Skew (Max at Slow Process Corner)
  Requirement:            3.617ns
  Endpoint Relative Delay:    0.835ns
  Reference Relative Delay:   0.161ns
  Relative CRPR:              0.206ns
  Uncertainty:                0.390ns
  Actual Bus Skew:            0.858ns  (Endpoint Relative Delay - Reference Relative Delay - Relative CRPR + Uncertainty)

Endpoint path:
    Location             Delay type                Incr(ns)  Path(ns)    Netlist Resource(s)
  -------------------------------------------------------------------    -------------------
                         (clock clk_out2_design_1_clk_wiz_0_0 rise edge)
                                                      0.000     0.000 r  
    F22                                               0.000     0.000 r  FPGA_REF_40MHZ (IN)
                         net (fo=0)                   0.000     0.000    design_1_i/CLK_AXI/ibuf_0/inst/in_ref
    F22                  IBUF (Prop_ibuf_I_O)         1.568     1.568 r  design_1_i/CLK_AXI/ibuf_0/inst/IBUF_inst/O
                         net (fo=2, routed)           1.081     2.649    design_1_i/AD9361_CTRL/ad9361_clk/clk_DSP/inst/clk_in1
    MMCME2_ADV_X0Y2      MMCME2_ADV (Prop_mmcme2_adv_CLKIN1_CLKOUT0)
                                                     -7.424    -4.775 r  design_1_i/AD9361_CTRL/ad9361_clk/clk_DSP/inst/mmcm_adv_inst/CLKOUT0
                         net (fo=1, routed)           1.804    -2.971    design_1_i/AD9361_CTRL/ad9361_clk/clk_DSP/inst/sample_rate_30_72_design_1_clk_DSP_0
    BUFGCTRL_X0Y0        BUFG (Prop_bufg_I_O)         0.093    -2.878 r  design_1_i/AD9361_CTRL/ad9361_clk/clk_DSP/inst/clkout1_buf/O
                         net (fo=29668, routed)       1.754    -1.124    design_1_i/clk_wiz_0/inst/clk_in1
    PLLE2_ADV_X0Y6       PLLE2_ADV (Prop_plle2_adv_CLKIN1_CLKOUT1)
                                                     -3.782    -4.906 r  design_1_i/clk_wiz_0/inst/plle2_adv_inst/CLKOUT1
                         net (fo=1, routed)           1.937    -2.969    design_1_i/clk_wiz_0/inst/clk_out2_design_1_clk_wiz_0_0
    BUFGCTRL_X0Y18       BUFG (Prop_bufg_I_O)         0.093    -2.876 r  design_1_i/clk_wiz_0/inst/clkout2_buf/O
                         net (fo=17714, routed)       1.793    -1.083    design_1_i/modem_0/inst/modem_rx/RX_phy_sub/xcorr_main_lite_sub/axis_fifo_downsamp_sub0/inst/gen_fifo.xpm_fifo_axis_inst/xpm_fifo_base_inst/gen_cdc_pntr.wr_pntr_cdc_inst/src_clk
    SLICE_X45Y32         FDRE                                         r  design_1_i/modem_0/inst/modem_rx/RX_phy_sub/xcorr_main_lite_sub/axis_fifo_downsamp_sub0/inst/gen_fifo.xpm_fifo_axis_inst/xpm_fifo_base_inst/gen_cdc_pntr.wr_pntr_cdc_inst/src_gray_ff_reg[9]/C
  -------------------------------------------------------------------    -------------------
    SLICE_X45Y32         FDRE (Prop_fdre_C_Q)         0.204    -0.879 r  design_1_i/modem_0/inst/modem_rx/RX_phy_sub/xcorr_main_lite_sub/axis_fifo_downsamp_sub0/inst/gen_fifo.xpm_fifo_axis_inst/xpm_fifo_base_inst/gen_cdc_pntr.wr_pntr_cdc_inst/src_gray_ff_reg[9]/Q
                         net (fo=1, routed)           0.398    -0.480    design_1_i/modem_0/inst/modem_rx/RX_phy_sub/xcorr_main_lite_sub/axis_fifo_downsamp_sub0/inst/gen_fifo.xpm_fifo_axis_inst/xpm_fifo_base_inst/gen_cdc_pntr.wr_pntr_cdc_inst/async_path[9]
    SLICE_X44Y31         FDRE                                         r  design_1_i/modem_0/inst/modem_rx/RX_phy_sub/xcorr_main_lite_sub/axis_fifo_downsamp_sub0/inst/gen_fifo.xpm_fifo_axis_inst/xpm_fifo_base_inst/gen_cdc_pntr.wr_pntr_cdc_inst/dest_graysync_ff_reg[0][9]/D
  -------------------------------------------------------------------    -------------------

                         (clock sample_rate_30_72_design_1_clk_DSP_0 rise edge)
                                                      0.000     0.000 r  
    F22                                               0.000     0.000 r  FPGA_REF_40MHZ (IN)
                         net (fo=0)                   0.000     0.000    design_1_i/CLK_AXI/ibuf_0/inst/in_ref
    F22                  IBUF (Prop_ibuf_I_O)         1.436     1.436 r  design_1_i/CLK_AXI/ibuf_0/inst/IBUF_inst/O
                         net (fo=2, routed)           0.986     2.422    design_1_i/AD9361_CTRL/ad9361_clk/clk_DSP/inst/clk_in1
    MMCME2_ADV_X0Y2      MMCME2_ADV (Prop_mmcme2_adv_CLKIN1_CLKOUT0)
                                                     -6.398    -3.976 r  design_1_i/AD9361_CTRL/ad9361_clk/clk_DSP/inst/mmcm_adv_inst/CLKOUT0
                         net (fo=1, routed)           1.686    -2.290    design_1_i/AD9361_CTRL/ad9361_clk/clk_DSP/inst/sample_rate_30_72_design_1_clk_DSP_0
    BUFGCTRL_X0Y0        BUFG (Prop_bufg_I_O)         0.083    -2.207 r  design_1_i/AD9361_CTRL/ad9361_clk/clk_DSP/inst/clkout1_buf/O
                         net (fo=29668, routed)       1.653    -0.554    design_1_i/modem_0/inst/modem_rx/RX_phy_sub/xcorr_main_lite_sub/axis_fifo_downsamp_sub0/inst/gen_fifo.xpm_fifo_axis_inst/xpm_fifo_base_inst/gen_cdc_pntr.wr_pntr_cdc_inst/dest_clk
    SLICE_X44Y31         FDRE                                         r  design_1_i/modem_0/inst/modem_rx/RX_phy_sub/xcorr_main_lite_sub/axis_fifo_downsamp_sub0/inst/gen_fifo.xpm_fifo_axis_inst/xpm_fifo_base_inst/gen_cdc_pntr.wr_pntr_cdc_inst/dest_graysync_ff_reg[0][9]/C
                         clock pessimism             -0.670    -1.225    
    SLICE_X44Y31         FDRE (Setup_fdre_C_D)       -0.091    -1.316    design_1_i/modem_0/inst/modem_rx/RX_phy_sub/xcorr_main_lite_sub/axis_fifo_downsamp_sub0/inst/gen_fifo.xpm_fifo_axis_inst/xpm_fifo_base_inst/gen_cdc_pntr.wr_pntr_cdc_inst/dest_graysync_ff_reg[0][9]
  -------------------------------------------------------------------
                         data arrival                          -0.480    
                         clock arrival                         -1.316    
  -------------------------------------------------------------------
                         relative delay                         0.835    

Reference path:
    Location             Delay type                Incr(ns)  Path(ns)    Netlist Resource(s)
  -------------------------------------------------------------------    -------------------
                         (clock clk_out2_design_1_clk_wiz_0_0 rise edge)
                                                      0.000     0.000 r  
    F22                                               0.000     0.000 r  FPGA_REF_40MHZ (IN)
                         net (fo=0)                   0.000     0.000    design_1_i/CLK_AXI/ibuf_0/inst/in_ref
    F22                  IBUF (Prop_ibuf_I_O)         1.436     1.436 r  design_1_i/CLK_AXI/ibuf_0/inst/IBUF_inst/O
                         net (fo=2, routed)           0.986     2.422    design_1_i/AD9361_CTRL/ad9361_clk/clk_DSP/inst/clk_in1
    MMCME2_ADV_X0Y2      MMCME2_ADV (Prop_mmcme2_adv_CLKIN1_CLKOUT0)
                                                     -6.398    -3.976 r  design_1_i/AD9361_CTRL/ad9361_clk/clk_DSP/inst/mmcm_adv_inst/CLKOUT0
                         net (fo=1, routed)           1.686    -2.290    design_1_i/AD9361_CTRL/ad9361_clk/clk_DSP/inst/sample_rate_30_72_design_1_clk_DSP_0
    BUFGCTRL_X0Y0        BUFG (Prop_bufg_I_O)         0.083    -2.207 r  design_1_i/AD9361_CTRL/ad9361_clk/clk_DSP/inst/clkout1_buf/O
                         net (fo=29668, routed)       1.530    -0.677    design_1_i/clk_wiz_0/inst/clk_in1
    PLLE2_ADV_X0Y6       PLLE2_ADV (Prop_plle2_adv_CLKIN1_CLKOUT1)
                                                     -3.394    -4.071 r  design_1_i/clk_wiz_0/inst/plle2_adv_inst/CLKOUT1
                         net (fo=1, routed)           1.783    -2.288    design_1_i/clk_wiz_0/inst/clk_out2_design_1_clk_wiz_0_0
    BUFGCTRL_X0Y18       BUFG (Prop_bufg_I_O)         0.083    -2.205 r  design_1_i/clk_wiz_0/inst/clkout2_buf/O
                         net (fo=17714, routed)       1.655    -0.550    design_1_i/modem_0/inst/modem_rx/RX_phy_sub/xcorr_main_lite_sub/axis_fifo_downsamp_sub0/inst/gen_fifo.xpm_fifo_axis_inst/xpm_fifo_base_inst/gen_cdc_pntr.wr_pntr_cdc_inst/src_clk
    SLICE_X45Y31         FDRE                                         r  design_1_i/modem_0/inst/modem_rx/RX_phy_sub/xcorr_main_lite_sub/axis_fifo_downsamp_sub0/inst/gen_fifo.xpm_fifo_axis_inst/xpm_fifo_base_inst/gen_cdc_pntr.wr_pntr_cdc_inst/src_gray_ff_reg[0]/C
  -------------------------------------------------------------------    -------------------
    SLICE_X45Y31         FDRE (Prop_fdre_C_Q)         0.178    -0.372 r  design_1_i/modem_0/inst/modem_rx/RX_phy_sub/xcorr_main_lite_sub/axis_fifo_downsamp_sub0/inst/gen_fifo.xpm_fifo_axis_inst/xpm_fifo_base_inst/gen_cdc_pntr.wr_pntr_cdc_inst/src_gray_ff_reg[0]/Q
                         net (fo=1, routed)           0.236    -0.137    design_1_i/modem_0/inst/modem_rx/RX_phy_sub/xcorr_main_lite_sub/axis_fifo_downsamp_sub0/inst/gen_fifo.xpm_fifo_axis_inst/xpm_fifo_base_inst/gen_cdc_pntr.wr_pntr_cdc_inst/async_path[0]
    SLICE_X40Y31         FDRE                                         r  design_1_i/modem_0/inst/modem_rx/RX_phy_sub/xcorr_main_lite_sub/axis_fifo_downsamp_sub0/inst/gen_fifo.xpm_fifo_axis_inst/xpm_fifo_base_inst/gen_cdc_pntr.wr_pntr_cdc_inst/dest_graysync_ff_reg[0][0]/D
  -------------------------------------------------------------------    -------------------

                         (clock sample_rate_30_72_design_1_clk_DSP_0 rise edge)
                                                      0.000     0.000 r  
    F22                                               0.000     0.000 r  FPGA_REF_40MHZ (IN)
                         net (fo=0)                   0.000     0.000    design_1_i/CLK_AXI/ibuf_0/inst/in_ref
    F22                  IBUF (Prop_ibuf_I_O)         1.568     1.568 r  design_1_i/CLK_AXI/ibuf_0/inst/IBUF_inst/O
                         net (fo=2, routed)           1.081     2.649    design_1_i/AD9361_CTRL/ad9361_clk/clk_DSP/inst/clk_in1
    MMCME2_ADV_X0Y2      MMCME2_ADV (Prop_mmcme2_adv_CLKIN1_CLKOUT0)
                                                     -7.424    -4.775 r  design_1_i/AD9361_CTRL/ad9361_clk/clk_DSP/inst/mmcm_adv_inst/CLKOUT0
                         net (fo=1, routed)           1.804    -2.971    design_1_i/AD9361_CTRL/ad9361_clk/clk_DSP/inst/sample_rate_30_72_design_1_clk_DSP_0
    BUFGCTRL_X0Y0        BUFG (Prop_bufg_I_O)         0.093    -2.878 r  design_1_i/AD9361_CTRL/ad9361_clk/clk_DSP/inst/clkout1_buf/O
                         net (fo=29668, routed)       1.792    -1.086    design_1_i/modem_0/inst/modem_rx/RX_phy_sub/xcorr_main_lite_sub/axis_fifo_downsamp_sub0/inst/gen_fifo.xpm_fifo_axis_inst/xpm_fifo_base_inst/gen_cdc_pntr.wr_pntr_cdc_inst/dest_clk
    SLICE_X40Y31         FDRE                                         r  design_1_i/modem_0/inst/modem_rx/RX_phy_sub/xcorr_main_lite_sub/axis_fifo_downsamp_sub0/inst/gen_fifo.xpm_fifo_axis_inst/xpm_fifo_base_inst/gen_cdc_pntr.wr_pntr_cdc_inst/dest_graysync_ff_reg[0][0]/C
                         clock pessimism              0.670    -0.415    
    SLICE_X40Y31         FDRE (Hold_fdre_C_D)         0.118    -0.297    design_1_i/modem_0/inst/modem_rx/RX_phy_sub/xcorr_main_lite_sub/axis_fifo_downsamp_sub0/inst/gen_fifo.xpm_fifo_axis_inst/xpm_fifo_base_inst/gen_cdc_pntr.wr_pntr_cdc_inst/dest_graysync_ff_reg[0][0]
  -------------------------------------------------------------------
                         data arrival                          -0.137    
                         clock arrival                         -0.297    
  -------------------------------------------------------------------
                         relative delay                         0.161    



Id: 13
set_bus_skew -from [get_cells [list {design_1_i/AXI_Peripheral/AXI_C2C/inst/master_fpga_gen.axi_chip2chip_master_inst/axi_chip2chip_r_fifo_inst/axi_chip2chip_async_fifo_inst/xpm_fifo_async_inst/gnuram_async_fifo.xpm_fifo_base_inst/gen_cdc_pntr.wr_pntr_cdc_inst/src_gray_ff_reg[0]} {design_1_i/AXI_Peripheral/AXI_C2C/inst/master_fpga_gen.axi_chip2chip_master_inst/axi_chip2chip_r_fifo_inst/axi_chip2chip_async_fifo_inst/xpm_fifo_async_inst/gnuram_async_fifo.xpm_fifo_base_inst/gen_cdc_pntr.wr_pntr_cdc_inst/src_gray_ff_reg[1]} {design_1_i/AXI_Peripheral/AXI_C2C/inst/master_fpga_gen.axi_chip2chip_master_inst/axi_chip2chip_r_fifo_inst/axi_chip2chip_async_fifo_inst/xpm_fifo_async_inst/gnuram_async_fifo.xpm_fifo_base_inst/gen_cdc_pntr.wr_pntr_cdc_inst/src_gray_ff_reg[2]} {design_1_i/AXI_Peripheral/AXI_C2C/inst/master_fpga_gen.axi_chip2chip_master_inst/axi_chip2chip_r_fifo_inst/axi_chip2chip_async_fifo_inst/xpm_fifo_async_inst/gnuram_async_fifo.xpm_fifo_base_inst/gen_cdc_pntr.wr_pntr_cdc_inst/src_gray_ff_reg[3]} {design_1_i/AXI_Peripheral/AXI_C2C/inst/master_fpga_gen.axi_chip2chip_master_inst/axi_chip2chip_r_fifo_inst/axi_chip2chip_async_fifo_inst/xpm_fifo_async_inst/gnuram_async_fifo.xpm_fifo_base_inst/gen_cdc_pntr.wr_pntr_cdc_inst/src_gray_ff_reg[4]} {design_1_i/AXI_Peripheral/AXI_C2C/inst/master_fpga_gen.axi_chip2chip_master_inst/axi_chip2chip_r_fifo_inst/axi_chip2chip_async_fifo_inst/xpm_fifo_async_inst/gnuram_async_fifo.xpm_fifo_base_inst/gen_cdc_pntr.wr_pntr_cdc_inst/src_gray_ff_reg[5]} {design_1_i/AXI_Peripheral/AXI_C2C/inst/master_fpga_gen.axi_chip2chip_master_inst/axi_chip2chip_r_fifo_inst/axi_chip2chip_async_fifo_inst/xpm_fifo_async_inst/gnuram_async_fifo.xpm_fifo_base_inst/gen_cdc_pntr.wr_pntr_cdc_inst/src_gray_ff_reg[6]} {design_1_i/AXI_Peripheral/AXI_C2C/inst/master_fpga_gen.axi_chip2chip_master_inst/axi_chip2chip_r_fifo_inst/axi_chip2chip_async_fifo_inst/xpm_fifo_async_inst/gnuram_async_fifo.xpm_fifo_base_inst/gen_cdc_pntr.wr_pntr_cdc_inst/src_gray_ff_reg[7]} {design_1_i/AXI_Peripheral/AXI_C2C/inst/master_fpga_gen.axi_chip2chip_master_inst/axi_chip2chip_r_fifo_inst/axi_chip2chip_async_fifo_inst/xpm_fifo_async_inst/gnuram_async_fifo.xpm_fifo_base_inst/gen_cdc_pntr.wr_pntr_cdc_inst/src_gray_ff_reg[8]}]] -to [get_cells [list {design_1_i/AXI_Peripheral/AXI_C2C/inst/master_fpga_gen.axi_chip2chip_master_inst/axi_chip2chip_r_fifo_inst/axi_chip2chip_async_fifo_inst/xpm_fifo_async_inst/gnuram_async_fifo.xpm_fifo_base_inst/gen_cdc_pntr.wr_pntr_cdc_inst/dest_graysync_ff_reg[0][0]} {design_1_i/AXI_Peripheral/AXI_C2C/inst/master_fpga_gen.axi_chip2chip_master_inst/axi_chip2chip_r_fifo_inst/axi_chip2chip_async_fifo_inst/xpm_fifo_async_inst/gnuram_async_fifo.xpm_fifo_base_inst/gen_cdc_pntr.wr_pntr_cdc_inst/dest_graysync_ff_reg[0][1]} {design_1_i/AXI_Peripheral/AXI_C2C/inst/master_fpga_gen.axi_chip2chip_master_inst/axi_chip2chip_r_fifo_inst/axi_chip2chip_async_fifo_inst/xpm_fifo_async_inst/gnuram_async_fifo.xpm_fifo_base_inst/gen_cdc_pntr.wr_pntr_cdc_inst/dest_graysync_ff_reg[0][2]} {design_1_i/AXI_Peripheral/AXI_C2C/inst/master_fpga_gen.axi_chip2chip_master_inst/axi_chip2chip_r_fifo_inst/axi_chip2chip_async_fifo_inst/xpm_fifo_async_inst/gnuram_async_fifo.xpm_fifo_base_inst/gen_cdc_pntr.wr_pntr_cdc_inst/dest_graysync_ff_reg[0][3]} {design_1_i/AXI_Peripheral/AXI_C2C/inst/master_fpga_gen.axi_chip2chip_master_inst/axi_chip2chip_r_fifo_inst/axi_chip2chip_async_fifo_inst/xpm_fifo_async_inst/gnuram_async_fifo.xpm_fifo_base_inst/gen_cdc_pntr.wr_pntr_cdc_inst/dest_graysync_ff_reg[0][4]} {design_1_i/AXI_Peripheral/AXI_C2C/inst/master_fpga_gen.axi_chip2chip_master_inst/axi_chip2chip_r_fifo_inst/axi_chip2chip_async_fifo_inst/xpm_fifo_async_inst/gnuram_async_fifo.xpm_fifo_base_inst/gen_cdc_pntr.wr_pntr_cdc_inst/dest_graysync_ff_reg[0][5]} {design_1_i/AXI_Peripheral/AXI_C2C/inst/master_fpga_gen.axi_chip2chip_master_inst/axi_chip2chip_r_fifo_inst/axi_chip2chip_async_fifo_inst/xpm_fifo_async_inst/gnuram_async_fifo.xpm_fifo_base_inst/gen_cdc_pntr.wr_pntr_cdc_inst/dest_graysync_ff_reg[0][6]} {design_1_i/AXI_Peripheral/AXI_C2C/inst/master_fpga_gen.axi_chip2chip_master_inst/axi_chip2chip_r_fifo_inst/axi_chip2chip_async_fifo_inst/xpm_fifo_async_inst/gnuram_async_fifo.xpm_fifo_base_inst/gen_cdc_pntr.wr_pntr_cdc_inst/dest_graysync_ff_reg[0][7]} {design_1_i/AXI_Peripheral/AXI_C2C/inst/master_fpga_gen.axi_chip2chip_master_inst/axi_chip2chip_r_fifo_inst/axi_chip2chip_async_fifo_inst/xpm_fifo_async_inst/gnuram_async_fifo.xpm_fifo_base_inst/gen_cdc_pntr.wr_pntr_cdc_inst/dest_graysync_ff_reg[0][8]}]] 10.000
Requirement: 10.000ns
Endpoints: 9

From Clock            To Clock              Endpoint Pin                    Reference Pin                   Corner  Actual(ns)  Slack(ns)
--------------------  --------------------  ------------------------------  ------------------------------  ------  ----------  ---------
clk_out               axi_periph_clk_design_1_CLK_COMMON_0
                                            design_1_i/AXI_Peripheral/AXI_C2C/inst/master_fpga_gen.axi_chip2chip_master_inst/axi_chip2chip_r_fifo_inst/axi_chip2chip_async_fifo_inst/xpm_fifo_async_inst/gnuram_async_fifo.xpm_fifo_base_inst/gen_cdc_pntr.wr_pntr_cdc_inst/dest_graysync_ff_reg[0][3]/D
                                                                            design_1_i/AXI_Peripheral/AXI_C2C/inst/master_fpga_gen.axi_chip2chip_master_inst/axi_chip2chip_r_fifo_inst/axi_chip2chip_async_fifo_inst/xpm_fifo_async_inst/gnuram_async_fifo.xpm_fifo_base_inst/gen_cdc_pntr.wr_pntr_cdc_inst/dest_graysync_ff_reg[0][6]/D
                                                                                                            Slow         0.700      9.300


Slack (MET) :             9.300ns  (requirement - actual skew)
  Endpoint Source:        design_1_i/AXI_Peripheral/AXI_C2C/inst/master_fpga_gen.axi_chip2chip_master_inst/axi_chip2chip_r_fifo_inst/axi_chip2chip_async_fifo_inst/xpm_fifo_async_inst/gnuram_async_fifo.xpm_fifo_base_inst/gen_cdc_pntr.wr_pntr_cdc_inst/src_gray_ff_reg[3]/C
                            (rising edge-triggered cell FDRE clocked by clk_out)
  Endpoint Destination:   design_1_i/AXI_Peripheral/AXI_C2C/inst/master_fpga_gen.axi_chip2chip_master_inst/axi_chip2chip_r_fifo_inst/axi_chip2chip_async_fifo_inst/xpm_fifo_async_inst/gnuram_async_fifo.xpm_fifo_base_inst/gen_cdc_pntr.wr_pntr_cdc_inst/dest_graysync_ff_reg[0][3]/D
                            (rising edge-triggered cell FDRE clocked by axi_periph_clk_design_1_CLK_COMMON_0)
  Reference Source:       design_1_i/AXI_Peripheral/AXI_C2C/inst/master_fpga_gen.axi_chip2chip_master_inst/axi_chip2chip_r_fifo_inst/axi_chip2chip_async_fifo_inst/xpm_fifo_async_inst/gnuram_async_fifo.xpm_fifo_base_inst/gen_cdc_pntr.wr_pntr_cdc_inst/src_gray_ff_reg[6]/C
                            (rising edge-triggered cell FDRE clocked by clk_out)
  Reference Destination:  design_1_i/AXI_Peripheral/AXI_C2C/inst/master_fpga_gen.axi_chip2chip_master_inst/axi_chip2chip_r_fifo_inst/axi_chip2chip_async_fifo_inst/xpm_fifo_async_inst/gnuram_async_fifo.xpm_fifo_base_inst/gen_cdc_pntr.wr_pntr_cdc_inst/dest_graysync_ff_reg[0][6]/D
                            (rising edge-triggered cell FDRE clocked by axi_periph_clk_design_1_CLK_COMMON_0)
  Path Type:              Bus Skew (Max at Slow Process Corner)
  Requirement:            10.000ns
  Endpoint Relative Delay:    1.546ns
  Reference Relative Delay:   1.927ns
  Relative CRPR:             -0.724ns
  Uncertainty:                0.357ns
  Actual Bus Skew:            0.700ns  (Endpoint Relative Delay - Reference Relative Delay - Relative CRPR + Uncertainty)

Endpoint path:
    Location             Delay type                Incr(ns)  Path(ns)    Netlist Resource(s)
  -------------------------------------------------------------------    -------------------
                         (clock clk_out rise edge)    0.000     0.000 r  
    F23                                               0.000     0.000 r  AXI_TX_CLK_IN (IN)
                         net (fo=0)                   0.000     0.000    design_1_i/AXI_Peripheral/AXI_C2C/inst/master_fpga_gen.axi_chip2chip_master_phy_inst/master_sio_phy.axi_chip2chip_sio_input_inst/axi_chip2chip_clk_gen_inst/axi_c2c_selio_rx_clk_in
    F23                  IBUF (Prop_ibuf_I_O)         1.568     1.568 r  design_1_i/AXI_Peripheral/AXI_C2C/inst/master_fpga_gen.axi_chip2chip_master_phy_inst/master_sio_phy.axi_chip2chip_sio_input_inst/axi_chip2chip_clk_gen_inst/single_end_clk_gen.ibufg_clk_inst/O
                         net (fo=1, routed)           2.536     4.104    design_1_i/AXI_Peripheral/AXI_C2C/inst/master_fpga_gen.axi_chip2chip_master_phy_inst/master_sio_phy.axi_chip2chip_sio_input_inst/axi_chip2chip_clk_gen_inst/clk_in_ibufg
    MMCME2_ADV_X0Y5      MMCME2_ADV (Prop_mmcme2_adv_CLKIN1_CLKOUT0)
                                                     -7.300    -3.196 r  design_1_i/AXI_Peripheral/AXI_C2C/inst/master_fpga_gen.axi_chip2chip_master_phy_inst/master_sio_phy.axi_chip2chip_sio_input_inst/axi_chip2chip_clk_gen_inst/gen_mmcme2.mmcm_adv_inst/CLKOUT0
                         net (fo=1, routed)           1.702    -1.494    design_1_i/AXI_Peripheral/AXI_C2C/inst/master_fpga_gen.axi_chip2chip_master_phy_inst/master_sio_phy.axi_chip2chip_sio_input_inst/axi_chip2chip_clk_gen_inst/clk_out
    BUFGCTRL_X0Y17       BUFG (Prop_bufg_I_O)         0.093    -1.401 r  design_1_i/AXI_Peripheral/AXI_C2C/inst/master_fpga_gen.axi_chip2chip_master_phy_inst/master_sio_phy.axi_chip2chip_sio_input_inst/axi_chip2chip_clk_gen_inst/bufg_inst/O
                         net (fo=854, routed)         1.529     0.128    design_1_i/AXI_Peripheral/AXI_C2C/inst/master_fpga_gen.axi_chip2chip_master_inst/axi_chip2chip_r_fifo_inst/axi_chip2chip_async_fifo_inst/xpm_fifo_async_inst/gnuram_async_fifo.xpm_fifo_base_inst/gen_cdc_pntr.wr_pntr_cdc_inst/src_clk
    SLICE_X2Y106         FDRE                                         r  design_1_i/AXI_Peripheral/AXI_C2C/inst/master_fpga_gen.axi_chip2chip_master_inst/axi_chip2chip_r_fifo_inst/axi_chip2chip_async_fifo_inst/xpm_fifo_async_inst/gnuram_async_fifo.xpm_fifo_base_inst/gen_cdc_pntr.wr_pntr_cdc_inst/src_gray_ff_reg[3]/C
  -------------------------------------------------------------------    -------------------
    SLICE_X2Y106         FDRE (Prop_fdre_C_Q)         0.236     0.364 r  design_1_i/AXI_Peripheral/AXI_C2C/inst/master_fpga_gen.axi_chip2chip_master_inst/axi_chip2chip_r_fifo_inst/axi_chip2chip_async_fifo_inst/xpm_fifo_async_inst/gnuram_async_fifo.xpm_fifo_base_inst/gen_cdc_pntr.wr_pntr_cdc_inst/src_gray_ff_reg[3]/Q
                         net (fo=1, routed)           0.296     0.660    design_1_i/AXI_Peripheral/AXI_C2C/inst/master_fpga_gen.axi_chip2chip_master_inst/axi_chip2chip_r_fifo_inst/axi_chip2chip_async_fifo_inst/xpm_fifo_async_inst/gnuram_async_fifo.xpm_fifo_base_inst/gen_cdc_pntr.wr_pntr_cdc_inst/async_path[3]
    SLICE_X0Y106         FDRE                                         r  design_1_i/AXI_Peripheral/AXI_C2C/inst/master_fpga_gen.axi_chip2chip_master_inst/axi_chip2chip_r_fifo_inst/axi_chip2chip_async_fifo_inst/xpm_fifo_async_inst/gnuram_async_fifo.xpm_fifo_base_inst/gen_cdc_pntr.wr_pntr_cdc_inst/dest_graysync_ff_reg[0][3]/D
  -------------------------------------------------------------------    -------------------

                         (clock axi_periph_clk_design_1_CLK_COMMON_0 rise edge)
                                                      0.000     0.000 r  
    F22                                               0.000     0.000 r  FPGA_REF_40MHZ (IN)
                         net (fo=0)                   0.000     0.000    design_1_i/CLK_AXI/ibuf_0/inst/in_ref
    F22                  IBUF (Prop_ibuf_I_O)         1.436     1.436 r  design_1_i/CLK_AXI/ibuf_0/inst/IBUF_inst/O
                         net (fo=2, routed)           1.051     2.487    design_1_i/CLK_AXI/CLK_COMMON/inst/clk_in1
    MMCME2_ADV_X0Y1      MMCME2_ADV (Prop_mmcme2_adv_CLKIN1_CLKOUT1)
                                                     -6.771    -4.284 r  design_1_i/CLK_AXI/CLK_COMMON/inst/mmcm_adv_inst/CLKOUT1
                         net (fo=1, routed)           2.017    -2.267    design_1_i/CLK_AXI/CLK_COMMON/inst/axi_periph_clk_design_1_CLK_COMMON_0
    BUFGCTRL_X0Y1        BUFG (Prop_bufg_I_O)         0.083    -2.184 r  design_1_i/CLK_AXI/CLK_COMMON/inst/clkout2_buf/O
                         net (fo=13477, routed)       1.391    -0.793    design_1_i/AXI_Peripheral/AXI_C2C/inst/master_fpga_gen.axi_chip2chip_master_inst/axi_chip2chip_r_fifo_inst/axi_chip2chip_async_fifo_inst/xpm_fifo_async_inst/gnuram_async_fifo.xpm_fifo_base_inst/gen_cdc_pntr.wr_pntr_cdc_inst/dest_clk
    SLICE_X0Y106         FDRE                                         r  design_1_i/AXI_Peripheral/AXI_C2C/inst/master_fpga_gen.axi_chip2chip_master_inst/axi_chip2chip_r_fifo_inst/axi_chip2chip_async_fifo_inst/xpm_fifo_async_inst/gnuram_async_fifo.xpm_fifo_base_inst/gen_cdc_pntr.wr_pntr_cdc_inst/dest_graysync_ff_reg[0][3]/C
                         clock pessimism              0.000    -0.793    
    SLICE_X0Y106         FDRE (Setup_fdre_C_D)       -0.092    -0.885    design_1_i/AXI_Peripheral/AXI_C2C/inst/master_fpga_gen.axi_chip2chip_master_inst/axi_chip2chip_r_fifo_inst/axi_chip2chip_async_fifo_inst/xpm_fifo_async_inst/gnuram_async_fifo.xpm_fifo_base_inst/gen_cdc_pntr.wr_pntr_cdc_inst/dest_graysync_ff_reg[0][3]
  -------------------------------------------------------------------
                         data arrival                           0.660    
                         clock arrival                         -0.885    
  -------------------------------------------------------------------
                         relative delay                         1.546    

Reference path:
    Location             Delay type                Incr(ns)  Path(ns)    Netlist Resource(s)
  -------------------------------------------------------------------    -------------------
                         (clock clk_out rise edge)    0.000     0.000 r  
    F23                                               0.000     0.000 r  AXI_TX_CLK_IN (IN)
                         net (fo=0)                   0.000     0.000    design_1_i/AXI_Peripheral/AXI_C2C/inst/master_fpga_gen.axi_chip2chip_master_phy_inst/master_sio_phy.axi_chip2chip_sio_input_inst/axi_chip2chip_clk_gen_inst/axi_c2c_selio_rx_clk_in
    F23                  IBUF (Prop_ibuf_I_O)         1.435     1.435 r  design_1_i/AXI_Peripheral/AXI_C2C/inst/master_fpga_gen.axi_chip2chip_master_phy_inst/master_sio_phy.axi_chip2chip_sio_input_inst/axi_chip2chip_clk_gen_inst/single_end_clk_gen.ibufg_clk_inst/O
                         net (fo=1, routed)           2.053     3.488    design_1_i/AXI_Peripheral/AXI_C2C/inst/master_fpga_gen.axi_chip2chip_master_phy_inst/master_sio_phy.axi_chip2chip_sio_input_inst/axi_chip2chip_clk_gen_inst/clk_in_ibufg
    MMCME2_ADV_X0Y5      MMCME2_ADV (Prop_mmcme2_adv_CLKIN1_CLKOUT0)
                                                     -6.225    -2.737 r  design_1_i/AXI_Peripheral/AXI_C2C/inst/master_fpga_gen.axi_chip2chip_master_phy_inst/master_sio_phy.axi_chip2chip_sio_input_inst/axi_chip2chip_clk_gen_inst/gen_mmcme2.mmcm_adv_inst/CLKOUT0
                         net (fo=1, routed)           1.570    -1.167    design_1_i/AXI_Peripheral/AXI_C2C/inst/master_fpga_gen.axi_chip2chip_master_phy_inst/master_sio_phy.axi_chip2chip_sio_input_inst/axi_chip2chip_clk_gen_inst/clk_out
    BUFGCTRL_X0Y17       BUFG (Prop_bufg_I_O)         0.083    -1.084 r  design_1_i/AXI_Peripheral/AXI_C2C/inst/master_fpga_gen.axi_chip2chip_master_phy_inst/master_sio_phy.axi_chip2chip_sio_input_inst/axi_chip2chip_clk_gen_inst/bufg_inst/O
                         net (fo=854, routed)         1.393     0.309    design_1_i/AXI_Peripheral/AXI_C2C/inst/master_fpga_gen.axi_chip2chip_master_inst/axi_chip2chip_r_fifo_inst/axi_chip2chip_async_fifo_inst/xpm_fifo_async_inst/gnuram_async_fifo.xpm_fifo_base_inst/gen_cdc_pntr.wr_pntr_cdc_inst/src_clk
    SLICE_X2Y106         FDRE                                         r  design_1_i/AXI_Peripheral/AXI_C2C/inst/master_fpga_gen.axi_chip2chip_master_inst/axi_chip2chip_r_fifo_inst/axi_chip2chip_async_fifo_inst/xpm_fifo_async_inst/gnuram_async_fifo.xpm_fifo_base_inst/gen_cdc_pntr.wr_pntr_cdc_inst/src_gray_ff_reg[6]/C
  -------------------------------------------------------------------    -------------------
    SLICE_X2Y106         FDRE (Prop_fdre_C_Q)         0.206     0.515 r  design_1_i/AXI_Peripheral/AXI_C2C/inst/master_fpga_gen.axi_chip2chip_master_inst/axi_chip2chip_r_fifo_inst/axi_chip2chip_async_fifo_inst/xpm_fifo_async_inst/gnuram_async_fifo.xpm_fifo_base_inst/gen_cdc_pntr.wr_pntr_cdc_inst/src_gray_ff_reg[6]/Q
                         net (fo=1, routed)           0.220     0.735    design_1_i/AXI_Peripheral/AXI_C2C/inst/master_fpga_gen.axi_chip2chip_master_inst/axi_chip2chip_r_fifo_inst/axi_chip2chip_async_fifo_inst/xpm_fifo_async_inst/gnuram_async_fifo.xpm_fifo_base_inst/gen_cdc_pntr.wr_pntr_cdc_inst/async_path[6]
    SLICE_X1Y105         FDRE                                         r  design_1_i/AXI_Peripheral/AXI_C2C/inst/master_fpga_gen.axi_chip2chip_master_inst/axi_chip2chip_r_fifo_inst/axi_chip2chip_async_fifo_inst/xpm_fifo_async_inst/gnuram_async_fifo.xpm_fifo_base_inst/gen_cdc_pntr.wr_pntr_cdc_inst/dest_graysync_ff_reg[0][6]/D
  -------------------------------------------------------------------    -------------------

                         (clock axi_periph_clk_design_1_CLK_COMMON_0 rise edge)
                                                      0.000     0.000 r  
    F22                                               0.000     0.000 r  FPGA_REF_40MHZ (IN)
                         net (fo=0)                   0.000     0.000    design_1_i/CLK_AXI/ibuf_0/inst/in_ref
    F22                  IBUF (Prop_ibuf_I_O)         1.568     1.568 r  design_1_i/CLK_AXI/ibuf_0/inst/IBUF_inst/O
                         net (fo=2, routed)           1.157     2.725    design_1_i/CLK_AXI/CLK_COMMON/inst/clk_in1
    MMCME2_ADV_X0Y1      MMCME2_ADV (Prop_mmcme2_adv_CLKIN1_CLKOUT1)
                                                     -7.799    -5.074 r  design_1_i/CLK_AXI/CLK_COMMON/inst/mmcm_adv_inst/CLKOUT1
                         net (fo=1, routed)           2.143    -2.931    design_1_i/CLK_AXI/CLK_COMMON/inst/axi_periph_clk_design_1_CLK_COMMON_0
    BUFGCTRL_X0Y1        BUFG (Prop_bufg_I_O)         0.093    -2.838 r  design_1_i/CLK_AXI/CLK_COMMON/inst/clkout2_buf/O
                         net (fo=13477, routed)       1.528    -1.310    design_1_i/AXI_Peripheral/AXI_C2C/inst/master_fpga_gen.axi_chip2chip_master_inst/axi_chip2chip_r_fifo_inst/axi_chip2chip_async_fifo_inst/xpm_fifo_async_inst/gnuram_async_fifo.xpm_fifo_base_inst/gen_cdc_pntr.wr_pntr_cdc_inst/dest_clk
    SLICE_X1Y105         FDRE                                         r  design_1_i/AXI_Peripheral/AXI_C2C/inst/master_fpga_gen.axi_chip2chip_master_inst/axi_chip2chip_r_fifo_inst/axi_chip2chip_async_fifo_inst/xpm_fifo_async_inst/gnuram_async_fifo.xpm_fifo_base_inst/gen_cdc_pntr.wr_pntr_cdc_inst/dest_graysync_ff_reg[0][6]/C
                         clock pessimism              0.000    -1.310    
    SLICE_X1Y105         FDRE (Hold_fdre_C_D)         0.118    -1.192    design_1_i/AXI_Peripheral/AXI_C2C/inst/master_fpga_gen.axi_chip2chip_master_inst/axi_chip2chip_r_fifo_inst/axi_chip2chip_async_fifo_inst/xpm_fifo_async_inst/gnuram_async_fifo.xpm_fifo_base_inst/gen_cdc_pntr.wr_pntr_cdc_inst/dest_graysync_ff_reg[0][6]
  -------------------------------------------------------------------
                         data arrival                           0.735    
                         clock arrival                         -1.192    
  -------------------------------------------------------------------
                         relative delay                         1.927    



Id: 14
set_bus_skew -from [get_cells [list {design_1_i/AXI_Peripheral/AXI_C2C/inst/master_fpga_gen.axi_chip2chip_master_inst/axi_chip2chip_r_fifo_inst/axi_chip2chip_async_fifo_inst/xpm_fifo_async_inst/gnuram_async_fifo.xpm_fifo_base_inst/gen_cdc_pntr.rd_pntr_cdc_inst/src_gray_ff_reg[0]} {design_1_i/AXI_Peripheral/AXI_C2C/inst/master_fpga_gen.axi_chip2chip_master_inst/axi_chip2chip_r_fifo_inst/axi_chip2chip_async_fifo_inst/xpm_fifo_async_inst/gnuram_async_fifo.xpm_fifo_base_inst/gen_cdc_pntr.rd_pntr_cdc_inst/src_gray_ff_reg[1]} {design_1_i/AXI_Peripheral/AXI_C2C/inst/master_fpga_gen.axi_chip2chip_master_inst/axi_chip2chip_r_fifo_inst/axi_chip2chip_async_fifo_inst/xpm_fifo_async_inst/gnuram_async_fifo.xpm_fifo_base_inst/gen_cdc_pntr.rd_pntr_cdc_inst/src_gray_ff_reg[2]} {design_1_i/AXI_Peripheral/AXI_C2C/inst/master_fpga_gen.axi_chip2chip_master_inst/axi_chip2chip_r_fifo_inst/axi_chip2chip_async_fifo_inst/xpm_fifo_async_inst/gnuram_async_fifo.xpm_fifo_base_inst/gen_cdc_pntr.rd_pntr_cdc_inst/src_gray_ff_reg[3]} {design_1_i/AXI_Peripheral/AXI_C2C/inst/master_fpga_gen.axi_chip2chip_master_inst/axi_chip2chip_r_fifo_inst/axi_chip2chip_async_fifo_inst/xpm_fifo_async_inst/gnuram_async_fifo.xpm_fifo_base_inst/gen_cdc_pntr.rd_pntr_cdc_inst/src_gray_ff_reg[4]} {design_1_i/AXI_Peripheral/AXI_C2C/inst/master_fpga_gen.axi_chip2chip_master_inst/axi_chip2chip_r_fifo_inst/axi_chip2chip_async_fifo_inst/xpm_fifo_async_inst/gnuram_async_fifo.xpm_fifo_base_inst/gen_cdc_pntr.rd_pntr_cdc_inst/src_gray_ff_reg[5]} {design_1_i/AXI_Peripheral/AXI_C2C/inst/master_fpga_gen.axi_chip2chip_master_inst/axi_chip2chip_r_fifo_inst/axi_chip2chip_async_fifo_inst/xpm_fifo_async_inst/gnuram_async_fifo.xpm_fifo_base_inst/gen_cdc_pntr.rd_pntr_cdc_inst/src_gray_ff_reg[6]} {design_1_i/AXI_Peripheral/AXI_C2C/inst/master_fpga_gen.axi_chip2chip_master_inst/axi_chip2chip_r_fifo_inst/axi_chip2chip_async_fifo_inst/xpm_fifo_async_inst/gnuram_async_fifo.xpm_fifo_base_inst/gen_cdc_pntr.rd_pntr_cdc_inst/src_gray_ff_reg[7]} {design_1_i/AXI_Peripheral/AXI_C2C/inst/master_fpga_gen.axi_chip2chip_master_inst/axi_chip2chip_r_fifo_inst/axi_chip2chip_async_fifo_inst/xpm_fifo_async_inst/gnuram_async_fifo.xpm_fifo_base_inst/gen_cdc_pntr.rd_pntr_cdc_inst/src_gray_ff_reg[8]}]] -to [get_cells [list {design_1_i/AXI_Peripheral/AXI_C2C/inst/master_fpga_gen.axi_chip2chip_master_inst/axi_chip2chip_r_fifo_inst/axi_chip2chip_async_fifo_inst/xpm_fifo_async_inst/gnuram_async_fifo.xpm_fifo_base_inst/gen_cdc_pntr.rd_pntr_cdc_inst/dest_graysync_ff_reg[0][0]} {design_1_i/AXI_Peripheral/AXI_C2C/inst/master_fpga_gen.axi_chip2chip_master_inst/axi_chip2chip_r_fifo_inst/axi_chip2chip_async_fifo_inst/xpm_fifo_async_inst/gnuram_async_fifo.xpm_fifo_base_inst/gen_cdc_pntr.rd_pntr_cdc_inst/dest_graysync_ff_reg[0][1]} {design_1_i/AXI_Peripheral/AXI_C2C/inst/master_fpga_gen.axi_chip2chip_master_inst/axi_chip2chip_r_fifo_inst/axi_chip2chip_async_fifo_inst/xpm_fifo_async_inst/gnuram_async_fifo.xpm_fifo_base_inst/gen_cdc_pntr.rd_pntr_cdc_inst/dest_graysync_ff_reg[0][2]} {design_1_i/AXI_Peripheral/AXI_C2C/inst/master_fpga_gen.axi_chip2chip_master_inst/axi_chip2chip_r_fifo_inst/axi_chip2chip_async_fifo_inst/xpm_fifo_async_inst/gnuram_async_fifo.xpm_fifo_base_inst/gen_cdc_pntr.rd_pntr_cdc_inst/dest_graysync_ff_reg[0][3]} {design_1_i/AXI_Peripheral/AXI_C2C/inst/master_fpga_gen.axi_chip2chip_master_inst/axi_chip2chip_r_fifo_inst/axi_chip2chip_async_fifo_inst/xpm_fifo_async_inst/gnuram_async_fifo.xpm_fifo_base_inst/gen_cdc_pntr.rd_pntr_cdc_inst/dest_graysync_ff_reg[0][4]} {design_1_i/AXI_Peripheral/AXI_C2C/inst/master_fpga_gen.axi_chip2chip_master_inst/axi_chip2chip_r_fifo_inst/axi_chip2chip_async_fifo_inst/xpm_fifo_async_inst/gnuram_async_fifo.xpm_fifo_base_inst/gen_cdc_pntr.rd_pntr_cdc_inst/dest_graysync_ff_reg[0][5]} {design_1_i/AXI_Peripheral/AXI_C2C/inst/master_fpga_gen.axi_chip2chip_master_inst/axi_chip2chip_r_fifo_inst/axi_chip2chip_async_fifo_inst/xpm_fifo_async_inst/gnuram_async_fifo.xpm_fifo_base_inst/gen_cdc_pntr.rd_pntr_cdc_inst/dest_graysync_ff_reg[0][6]} {design_1_i/AXI_Peripheral/AXI_C2C/inst/master_fpga_gen.axi_chip2chip_master_inst/axi_chip2chip_r_fifo_inst/axi_chip2chip_async_fifo_inst/xpm_fifo_async_inst/gnuram_async_fifo.xpm_fifo_base_inst/gen_cdc_pntr.rd_pntr_cdc_inst/dest_graysync_ff_reg[0][7]} {design_1_i/AXI_Peripheral/AXI_C2C/inst/master_fpga_gen.axi_chip2chip_master_inst/axi_chip2chip_r_fifo_inst/axi_chip2chip_async_fifo_inst/xpm_fifo_async_inst/gnuram_async_fifo.xpm_fifo_base_inst/gen_cdc_pntr.rd_pntr_cdc_inst/dest_graysync_ff_reg[0][8]}]] 10.000
Requirement: 10.000ns
Endpoints: 9

From Clock            To Clock              Endpoint Pin                    Reference Pin                   Corner  Actual(ns)  Slack(ns)
--------------------  --------------------  ------------------------------  ------------------------------  ------  ----------  ---------
axi_periph_clk_design_1_CLK_COMMON_0
                      clk_out               design_1_i/AXI_Peripheral/AXI_C2C/inst/master_fpga_gen.axi_chip2chip_master_inst/axi_chip2chip_r_fifo_inst/axi_chip2chip_async_fifo_inst/xpm_fifo_async_inst/gnuram_async_fifo.xpm_fifo_base_inst/gen_cdc_pntr.rd_pntr_cdc_inst/dest_graysync_ff_reg[0][7]/D
                                                                            design_1_i/AXI_Peripheral/AXI_C2C/inst/master_fpga_gen.axi_chip2chip_master_inst/axi_chip2chip_r_fifo_inst/axi_chip2chip_async_fifo_inst/xpm_fifo_async_inst/gnuram_async_fifo.xpm_fifo_base_inst/gen_cdc_pntr.rd_pntr_cdc_inst/dest_graysync_ff_reg[0][0]/D
                                                                                                            Slow         0.926      9.074


Slack (MET) :             9.074ns  (requirement - actual skew)
  Endpoint Source:        design_1_i/AXI_Peripheral/AXI_C2C/inst/master_fpga_gen.axi_chip2chip_master_inst/axi_chip2chip_r_fifo_inst/axi_chip2chip_async_fifo_inst/xpm_fifo_async_inst/gnuram_async_fifo.xpm_fifo_base_inst/gen_cdc_pntr.rd_pntr_cdc_inst/src_gray_ff_reg[7]/C
                            (rising edge-triggered cell FDRE clocked by axi_periph_clk_design_1_CLK_COMMON_0)
  Endpoint Destination:   design_1_i/AXI_Peripheral/AXI_C2C/inst/master_fpga_gen.axi_chip2chip_master_inst/axi_chip2chip_r_fifo_inst/axi_chip2chip_async_fifo_inst/xpm_fifo_async_inst/gnuram_async_fifo.xpm_fifo_base_inst/gen_cdc_pntr.rd_pntr_cdc_inst/dest_graysync_ff_reg[0][7]/D
                            (rising edge-triggered cell FDRE clocked by clk_out)
  Reference Source:       design_1_i/AXI_Peripheral/AXI_C2C/inst/master_fpga_gen.axi_chip2chip_master_inst/axi_chip2chip_r_fifo_inst/axi_chip2chip_async_fifo_inst/xpm_fifo_async_inst/gnuram_async_fifo.xpm_fifo_base_inst/gen_cdc_pntr.rd_pntr_cdc_inst/src_gray_ff_reg[0]/C
                            (rising edge-triggered cell FDRE clocked by axi_periph_clk_design_1_CLK_COMMON_0)
  Reference Destination:  design_1_i/AXI_Peripheral/AXI_C2C/inst/master_fpga_gen.axi_chip2chip_master_inst/axi_chip2chip_r_fifo_inst/axi_chip2chip_async_fifo_inst/xpm_fifo_async_inst/gnuram_async_fifo.xpm_fifo_base_inst/gen_cdc_pntr.rd_pntr_cdc_inst/dest_graysync_ff_reg[0][0]/D
                            (rising edge-triggered cell FDRE clocked by clk_out)
  Path Type:              Bus Skew (Max at Slow Process Corner)
  Requirement:            10.000ns
  Endpoint Relative Delay:   -0.838ns
  Reference Relative Delay:  -0.636ns
  Relative CRPR:             -0.772ns
  Uncertainty:                0.357ns
  Actual Bus Skew:            0.926ns  (Endpoint Relative Delay - Reference Relative Delay - Relative CRPR + Uncertainty)

Endpoint path:
    Location             Delay type                Incr(ns)  Path(ns)    Netlist Resource(s)
  -------------------------------------------------------------------    -------------------
                         (clock axi_periph_clk_design_1_CLK_COMMON_0 rise edge)
                                                      0.000     0.000 r  
    F22                                               0.000     0.000 r  FPGA_REF_40MHZ (IN)
                         net (fo=0)                   0.000     0.000    design_1_i/CLK_AXI/ibuf_0/inst/in_ref
    F22                  IBUF (Prop_ibuf_I_O)         1.568     1.568 r  design_1_i/CLK_AXI/ibuf_0/inst/IBUF_inst/O
                         net (fo=2, routed)           1.157     2.725    design_1_i/CLK_AXI/CLK_COMMON/inst/clk_in1
    MMCME2_ADV_X0Y1      MMCME2_ADV (Prop_mmcme2_adv_CLKIN1_CLKOUT1)
                                                     -7.799    -5.074 r  design_1_i/CLK_AXI/CLK_COMMON/inst/mmcm_adv_inst/CLKOUT1
                         net (fo=1, routed)           2.143    -2.931    design_1_i/CLK_AXI/CLK_COMMON/inst/axi_periph_clk_design_1_CLK_COMMON_0
    BUFGCTRL_X0Y1        BUFG (Prop_bufg_I_O)         0.093    -2.838 r  design_1_i/CLK_AXI/CLK_COMMON/inst/clkout2_buf/O
                         net (fo=13477, routed)       1.472    -1.366    design_1_i/AXI_Peripheral/AXI_C2C/inst/master_fpga_gen.axi_chip2chip_master_inst/axi_chip2chip_r_fifo_inst/axi_chip2chip_async_fifo_inst/xpm_fifo_async_inst/gnuram_async_fifo.xpm_fifo_base_inst/gen_cdc_pntr.rd_pntr_cdc_inst/src_clk
    SLICE_X8Y105         FDRE                                         r  design_1_i/AXI_Peripheral/AXI_C2C/inst/master_fpga_gen.axi_chip2chip_master_inst/axi_chip2chip_r_fifo_inst/axi_chip2chip_async_fifo_inst/xpm_fifo_async_inst/gnuram_async_fifo.xpm_fifo_base_inst/gen_cdc_pntr.rd_pntr_cdc_inst/src_gray_ff_reg[7]/C
  -------------------------------------------------------------------    -------------------
    SLICE_X8Y105         FDRE (Prop_fdre_C_Q)         0.236    -1.130 r  design_1_i/AXI_Peripheral/AXI_C2C/inst/master_fpga_gen.axi_chip2chip_master_inst/axi_chip2chip_r_fifo_inst/axi_chip2chip_async_fifo_inst/xpm_fifo_async_inst/gnuram_async_fifo.xpm_fifo_base_inst/gen_cdc_pntr.rd_pntr_cdc_inst/src_gray_ff_reg[7]/Q
                         net (fo=1, routed)           0.456    -0.674    design_1_i/AXI_Peripheral/AXI_C2C/inst/master_fpga_gen.axi_chip2chip_master_inst/axi_chip2chip_r_fifo_inst/axi_chip2chip_async_fifo_inst/xpm_fifo_async_inst/gnuram_async_fifo.xpm_fifo_base_inst/gen_cdc_pntr.rd_pntr_cdc_inst/async_path[7]
    SLICE_X9Y105         FDRE                                         r  design_1_i/AXI_Peripheral/AXI_C2C/inst/master_fpga_gen.axi_chip2chip_master_inst/axi_chip2chip_r_fifo_inst/axi_chip2chip_async_fifo_inst/xpm_fifo_async_inst/gnuram_async_fifo.xpm_fifo_base_inst/gen_cdc_pntr.rd_pntr_cdc_inst/dest_graysync_ff_reg[0][7]/D
  -------------------------------------------------------------------    -------------------

                         (clock clk_out rise edge)    0.000     0.000 r  
    F23                                               0.000     0.000 r  AXI_TX_CLK_IN (IN)
                         net (fo=0)                   0.000     0.000    design_1_i/AXI_Peripheral/AXI_C2C/inst/master_fpga_gen.axi_chip2chip_master_phy_inst/master_sio_phy.axi_chip2chip_sio_input_inst/axi_chip2chip_clk_gen_inst/axi_c2c_selio_rx_clk_in
    F23                  IBUF (Prop_ibuf_I_O)         1.435     1.435 r  design_1_i/AXI_Peripheral/AXI_C2C/inst/master_fpga_gen.axi_chip2chip_master_phy_inst/master_sio_phy.axi_chip2chip_sio_input_inst/axi_chip2chip_clk_gen_inst/single_end_clk_gen.ibufg_clk_inst/O
                         net (fo=1, routed)           2.053     3.488    design_1_i/AXI_Peripheral/AXI_C2C/inst/master_fpga_gen.axi_chip2chip_master_phy_inst/master_sio_phy.axi_chip2chip_sio_input_inst/axi_chip2chip_clk_gen_inst/clk_in_ibufg
    MMCME2_ADV_X0Y5      MMCME2_ADV (Prop_mmcme2_adv_CLKIN1_CLKOUT0)
                                                     -6.225    -2.737 r  design_1_i/AXI_Peripheral/AXI_C2C/inst/master_fpga_gen.axi_chip2chip_master_phy_inst/master_sio_phy.axi_chip2chip_sio_input_inst/axi_chip2chip_clk_gen_inst/gen_mmcme2.mmcm_adv_inst/CLKOUT0
                         net (fo=1, routed)           1.570    -1.167    design_1_i/AXI_Peripheral/AXI_C2C/inst/master_fpga_gen.axi_chip2chip_master_phy_inst/master_sio_phy.axi_chip2chip_sio_input_inst/axi_chip2chip_clk_gen_inst/clk_out
    BUFGCTRL_X0Y17       BUFG (Prop_bufg_I_O)         0.083    -1.084 r  design_1_i/AXI_Peripheral/AXI_C2C/inst/master_fpga_gen.axi_chip2chip_master_phy_inst/master_sio_phy.axi_chip2chip_sio_input_inst/axi_chip2chip_clk_gen_inst/bufg_inst/O
                         net (fo=854, routed)         1.338     0.254    design_1_i/AXI_Peripheral/AXI_C2C/inst/master_fpga_gen.axi_chip2chip_master_inst/axi_chip2chip_r_fifo_inst/axi_chip2chip_async_fifo_inst/xpm_fifo_async_inst/gnuram_async_fifo.xpm_fifo_base_inst/gen_cdc_pntr.rd_pntr_cdc_inst/dest_clk
    SLICE_X9Y105         FDRE                                         r  design_1_i/AXI_Peripheral/AXI_C2C/inst/master_fpga_gen.axi_chip2chip_master_inst/axi_chip2chip_r_fifo_inst/axi_chip2chip_async_fifo_inst/xpm_fifo_async_inst/gnuram_async_fifo.xpm_fifo_base_inst/gen_cdc_pntr.rd_pntr_cdc_inst/dest_graysync_ff_reg[0][7]/C
                         clock pessimism              0.000     0.254    
    SLICE_X9Y105         FDRE (Setup_fdre_C_D)       -0.090     0.164    design_1_i/AXI_Peripheral/AXI_C2C/inst/master_fpga_gen.axi_chip2chip_master_inst/axi_chip2chip_r_fifo_inst/axi_chip2chip_async_fifo_inst/xpm_fifo_async_inst/gnuram_async_fifo.xpm_fifo_base_inst/gen_cdc_pntr.rd_pntr_cdc_inst/dest_graysync_ff_reg[0][7]
  -------------------------------------------------------------------
                         data arrival                          -0.674    
                         clock arrival                          0.164    
  -------------------------------------------------------------------
                         relative delay                        -0.838    

Reference path:
    Location             Delay type                Incr(ns)  Path(ns)    Netlist Resource(s)
  -------------------------------------------------------------------    -------------------
                         (clock axi_periph_clk_design_1_CLK_COMMON_0 rise edge)
                                                      0.000     0.000 r  
    F22                                               0.000     0.000 r  FPGA_REF_40MHZ (IN)
                         net (fo=0)                   0.000     0.000    design_1_i/CLK_AXI/ibuf_0/inst/in_ref
    F22                  IBUF (Prop_ibuf_I_O)         1.436     1.436 r  design_1_i/CLK_AXI/ibuf_0/inst/IBUF_inst/O
                         net (fo=2, routed)           1.051     2.487    design_1_i/CLK_AXI/CLK_COMMON/inst/clk_in1
    MMCME2_ADV_X0Y1      MMCME2_ADV (Prop_mmcme2_adv_CLKIN1_CLKOUT1)
                                                     -6.771    -4.284 r  design_1_i/CLK_AXI/CLK_COMMON/inst/mmcm_adv_inst/CLKOUT1
                         net (fo=1, routed)           2.017    -2.267    design_1_i/CLK_AXI/CLK_COMMON/inst/axi_periph_clk_design_1_CLK_COMMON_0
    BUFGCTRL_X0Y1        BUFG (Prop_bufg_I_O)         0.083    -2.184 r  design_1_i/CLK_AXI/CLK_COMMON/inst/clkout2_buf/O
                         net (fo=13477, routed)       1.335    -0.849    design_1_i/AXI_Peripheral/AXI_C2C/inst/master_fpga_gen.axi_chip2chip_master_inst/axi_chip2chip_r_fifo_inst/axi_chip2chip_async_fifo_inst/xpm_fifo_async_inst/gnuram_async_fifo.xpm_fifo_base_inst/gen_cdc_pntr.rd_pntr_cdc_inst/src_clk
    SLICE_X8Y106         FDRE                                         r  design_1_i/AXI_Peripheral/AXI_C2C/inst/master_fpga_gen.axi_chip2chip_master_inst/axi_chip2chip_r_fifo_inst/axi_chip2chip_async_fifo_inst/xpm_fifo_async_inst/gnuram_async_fifo.xpm_fifo_base_inst/gen_cdc_pntr.rd_pntr_cdc_inst/src_gray_ff_reg[0]/C
  -------------------------------------------------------------------    -------------------
    SLICE_X8Y106         FDRE (Prop_fdre_C_Q)         0.206    -0.643 r  design_1_i/AXI_Peripheral/AXI_C2C/inst/master_fpga_gen.axi_chip2chip_master_inst/axi_chip2chip_r_fifo_inst/axi_chip2chip_async_fifo_inst/xpm_fifo_async_inst/gnuram_async_fifo.xpm_fifo_base_inst/gen_cdc_pntr.rd_pntr_cdc_inst/src_gray_ff_reg[0]/Q
                         net (fo=1, routed)           0.231    -0.412    design_1_i/AXI_Peripheral/AXI_C2C/inst/master_fpga_gen.axi_chip2chip_master_inst/axi_chip2chip_r_fifo_inst/axi_chip2chip_async_fifo_inst/xpm_fifo_async_inst/gnuram_async_fifo.xpm_fifo_base_inst/gen_cdc_pntr.rd_pntr_cdc_inst/async_path[0]
    SLICE_X10Y106        FDRE                                         r  design_1_i/AXI_Peripheral/AXI_C2C/inst/master_fpga_gen.axi_chip2chip_master_inst/axi_chip2chip_r_fifo_inst/axi_chip2chip_async_fifo_inst/xpm_fifo_async_inst/gnuram_async_fifo.xpm_fifo_base_inst/gen_cdc_pntr.rd_pntr_cdc_inst/dest_graysync_ff_reg[0][0]/D
  -------------------------------------------------------------------    -------------------

                         (clock clk_out rise edge)    0.000     0.000 r  
    F23                                               0.000     0.000 r  AXI_TX_CLK_IN (IN)
                         net (fo=0)                   0.000     0.000    design_1_i/AXI_Peripheral/AXI_C2C/inst/master_fpga_gen.axi_chip2chip_master_phy_inst/master_sio_phy.axi_chip2chip_sio_input_inst/axi_chip2chip_clk_gen_inst/axi_c2c_selio_rx_clk_in
    F23                  IBUF (Prop_ibuf_I_O)         1.568     1.568 r  design_1_i/AXI_Peripheral/AXI_C2C/inst/master_fpga_gen.axi_chip2chip_master_phy_inst/master_sio_phy.axi_chip2chip_sio_input_inst/axi_chip2chip_clk_gen_inst/single_end_clk_gen.ibufg_clk_inst/O
                         net (fo=1, routed)           2.536     4.104    design_1_i/AXI_Peripheral/AXI_C2C/inst/master_fpga_gen.axi_chip2chip_master_phy_inst/master_sio_phy.axi_chip2chip_sio_input_inst/axi_chip2chip_clk_gen_inst/clk_in_ibufg
    MMCME2_ADV_X0Y5      MMCME2_ADV (Prop_mmcme2_adv_CLKIN1_CLKOUT0)
                                                     -7.300    -3.196 r  design_1_i/AXI_Peripheral/AXI_C2C/inst/master_fpga_gen.axi_chip2chip_master_phy_inst/master_sio_phy.axi_chip2chip_sio_input_inst/axi_chip2chip_clk_gen_inst/gen_mmcme2.mmcm_adv_inst/CLKOUT0
                         net (fo=1, routed)           1.702    -1.494    design_1_i/AXI_Peripheral/AXI_C2C/inst/master_fpga_gen.axi_chip2chip_master_phy_inst/master_sio_phy.axi_chip2chip_sio_input_inst/axi_chip2chip_clk_gen_inst/clk_out
    BUFGCTRL_X0Y17       BUFG (Prop_bufg_I_O)         0.093    -1.401 r  design_1_i/AXI_Peripheral/AXI_C2C/inst/master_fpga_gen.axi_chip2chip_master_phy_inst/master_sio_phy.axi_chip2chip_sio_input_inst/axi_chip2chip_clk_gen_inst/bufg_inst/O
                         net (fo=854, routed)         1.473     0.072    design_1_i/AXI_Peripheral/AXI_C2C/inst/master_fpga_gen.axi_chip2chip_master_inst/axi_chip2chip_r_fifo_inst/axi_chip2chip_async_fifo_inst/xpm_fifo_async_inst/gnuram_async_fifo.xpm_fifo_base_inst/gen_cdc_pntr.rd_pntr_cdc_inst/dest_clk
    SLICE_X10Y106        FDRE                                         r  design_1_i/AXI_Peripheral/AXI_C2C/inst/master_fpga_gen.axi_chip2chip_master_inst/axi_chip2chip_r_fifo_inst/axi_chip2chip_async_fifo_inst/xpm_fifo_async_inst/gnuram_async_fifo.xpm_fifo_base_inst/gen_cdc_pntr.rd_pntr_cdc_inst/dest_graysync_ff_reg[0][0]/C
                         clock pessimism              0.000     0.072    
    SLICE_X10Y106        FDRE (Hold_fdre_C_D)         0.152     0.224    design_1_i/AXI_Peripheral/AXI_C2C/inst/master_fpga_gen.axi_chip2chip_master_inst/axi_chip2chip_r_fifo_inst/axi_chip2chip_async_fifo_inst/xpm_fifo_async_inst/gnuram_async_fifo.xpm_fifo_base_inst/gen_cdc_pntr.rd_pntr_cdc_inst/dest_graysync_ff_reg[0][0]
  -------------------------------------------------------------------
                         data arrival                          -0.412    
                         clock arrival                          0.224    
  -------------------------------------------------------------------
                         relative delay                        -0.636    



Id: 15
set_bus_skew -from [get_cells [list {design_1_i/modem_0/inst/modem_rx/axis_data_fifo_fhy_defec_sub/inst/gen_fifo.xpm_fifo_axis_inst/xpm_fifo_base_inst/gen_cdc_pntr.rd_pntr_cdc_inst/src_gray_ff_reg[0]} {design_1_i/modem_0/inst/modem_rx/axis_data_fifo_fhy_defec_sub/inst/gen_fifo.xpm_fifo_axis_inst/xpm_fifo_base_inst/gen_cdc_pntr.rd_pntr_cdc_inst/src_gray_ff_reg[1]} {design_1_i/modem_0/inst/modem_rx/axis_data_fifo_fhy_defec_sub/inst/gen_fifo.xpm_fifo_axis_inst/xpm_fifo_base_inst/gen_cdc_pntr.rd_pntr_cdc_inst/src_gray_ff_reg[2]} {design_1_i/modem_0/inst/modem_rx/axis_data_fifo_fhy_defec_sub/inst/gen_fifo.xpm_fifo_axis_inst/xpm_fifo_base_inst/gen_cdc_pntr.rd_pntr_cdc_inst/src_gray_ff_reg[3]}]] -to [get_cells [list {design_1_i/modem_0/inst/modem_rx/axis_data_fifo_fhy_defec_sub/inst/gen_fifo.xpm_fifo_axis_inst/xpm_fifo_base_inst/gen_cdc_pntr.rd_pntr_cdc_inst/dest_graysync_ff_reg[0][0]} {design_1_i/modem_0/inst/modem_rx/axis_data_fifo_fhy_defec_sub/inst/gen_fifo.xpm_fifo_axis_inst/xpm_fifo_base_inst/gen_cdc_pntr.rd_pntr_cdc_inst/dest_graysync_ff_reg[0][1]} {design_1_i/modem_0/inst/modem_rx/axis_data_fifo_fhy_defec_sub/inst/gen_fifo.xpm_fifo_axis_inst/xpm_fifo_base_inst/gen_cdc_pntr.rd_pntr_cdc_inst/dest_graysync_ff_reg[0][2]} {design_1_i/modem_0/inst/modem_rx/axis_data_fifo_fhy_defec_sub/inst/gen_fifo.xpm_fifo_axis_inst/xpm_fifo_base_inst/gen_cdc_pntr.rd_pntr_cdc_inst/dest_graysync_ff_reg[0][3]}]] 3.617
Requirement: 3.617ns
Endpoints: 4

From Clock            To Clock              Endpoint Pin                    Reference Pin                   Corner  Actual(ns)  Slack(ns)
--------------------  --------------------  ------------------------------  ------------------------------  ------  ----------  ---------
clk_out2_design_1_clk_wiz_0_0
                      clk_out1_design_1_clk_wiz_0_0
                                            design_1_i/modem_0/inst/modem_rx/axis_data_fifo_fhy_defec_sub/inst/gen_fifo.xpm_fifo_axis_inst/xpm_fifo_base_inst/gen_cdc_pntr.rd_pntr_cdc_inst/dest_graysync_ff_reg[0][3]/D
                                                                            design_1_i/modem_0/inst/modem_rx/axis_data_fifo_fhy_defec_sub/inst/gen_fifo.xpm_fifo_axis_inst/xpm_fifo_base_inst/gen_cdc_pntr.rd_pntr_cdc_inst/dest_graysync_ff_reg[0][1]/D
                                                                                                            Slow         0.698      2.919


Slack (MET) :             2.919ns  (requirement - actual skew)
  Endpoint Source:        design_1_i/modem_0/inst/modem_rx/axis_data_fifo_fhy_defec_sub/inst/gen_fifo.xpm_fifo_axis_inst/xpm_fifo_base_inst/gen_cdc_pntr.rd_pntr_cdc_inst/src_gray_ff_reg[3]/C
                            (rising edge-triggered cell FDRE clocked by clk_out2_design_1_clk_wiz_0_0)
  Endpoint Destination:   design_1_i/modem_0/inst/modem_rx/axis_data_fifo_fhy_defec_sub/inst/gen_fifo.xpm_fifo_axis_inst/xpm_fifo_base_inst/gen_cdc_pntr.rd_pntr_cdc_inst/dest_graysync_ff_reg[0][3]/D
                            (rising edge-triggered cell FDRE clocked by clk_out1_design_1_clk_wiz_0_0)
  Reference Source:       design_1_i/modem_0/inst/modem_rx/axis_data_fifo_fhy_defec_sub/inst/gen_fifo.xpm_fifo_axis_inst/xpm_fifo_base_inst/gen_cdc_pntr.rd_pntr_cdc_inst/src_gray_ff_reg[1]/C
                            (rising edge-triggered cell FDRE clocked by clk_out2_design_1_clk_wiz_0_0)
  Reference Destination:  design_1_i/modem_0/inst/modem_rx/axis_data_fifo_fhy_defec_sub/inst/gen_fifo.xpm_fifo_axis_inst/xpm_fifo_base_inst/gen_cdc_pntr.rd_pntr_cdc_inst/dest_graysync_ff_reg[0][1]/D
                            (rising edge-triggered cell FDRE clocked by clk_out1_design_1_clk_wiz_0_0)
  Path Type:              Bus Skew (Max at Slow Process Corner)
  Requirement:            3.617ns
  Endpoint Relative Delay:    1.043ns
  Reference Relative Delay:   0.048ns
  Relative CRPR:              0.504ns
  Uncertainty:                0.207ns
  Actual Bus Skew:            0.698ns  (Endpoint Relative Delay - Reference Relative Delay - Relative CRPR + Uncertainty)

Endpoint path:
    Location             Delay type                Incr(ns)  Path(ns)    Netlist Resource(s)
  -------------------------------------------------------------------    -------------------
                         (clock clk_out2_design_1_clk_wiz_0_0 rise edge)
                                                      0.000     0.000 r  
    F22                                               0.000     0.000 r  FPGA_REF_40MHZ (IN)
                         net (fo=0)                   0.000     0.000    design_1_i/CLK_AXI/ibuf_0/inst/in_ref
    F22                  IBUF (Prop_ibuf_I_O)         1.568     1.568 r  design_1_i/CLK_AXI/ibuf_0/inst/IBUF_inst/O
                         net (fo=2, routed)           1.081     2.649    design_1_i/AD9361_CTRL/ad9361_clk/clk_DSP/inst/clk_in1
    MMCME2_ADV_X0Y2      MMCME2_ADV (Prop_mmcme2_adv_CLKIN1_CLKOUT0)
                                                     -7.424    -4.775 r  design_1_i/AD9361_CTRL/ad9361_clk/clk_DSP/inst/mmcm_adv_inst/CLKOUT0
                         net (fo=1, routed)           1.804    -2.971    design_1_i/AD9361_CTRL/ad9361_clk/clk_DSP/inst/sample_rate_30_72_design_1_clk_DSP_0
    BUFGCTRL_X0Y0        BUFG (Prop_bufg_I_O)         0.093    -2.878 r  design_1_i/AD9361_CTRL/ad9361_clk/clk_DSP/inst/clkout1_buf/O
                         net (fo=29668, routed)       1.754    -1.124    design_1_i/clk_wiz_0/inst/clk_in1
    PLLE2_ADV_X0Y6       PLLE2_ADV (Prop_plle2_adv_CLKIN1_CLKOUT1)
                                                     -3.782    -4.906 r  design_1_i/clk_wiz_0/inst/plle2_adv_inst/CLKOUT1
                         net (fo=1, routed)           1.937    -2.969    design_1_i/clk_wiz_0/inst/clk_out2_design_1_clk_wiz_0_0
    BUFGCTRL_X0Y18       BUFG (Prop_bufg_I_O)         0.093    -2.876 r  design_1_i/clk_wiz_0/inst/clkout2_buf/O
                         net (fo=17714, routed)       1.384    -1.492    design_1_i/modem_0/inst/modem_rx/axis_data_fifo_fhy_defec_sub/inst/gen_fifo.xpm_fifo_axis_inst/xpm_fifo_base_inst/gen_cdc_pntr.rd_pntr_cdc_inst/src_clk
    SLICE_X75Y116        FDRE                                         r  design_1_i/modem_0/inst/modem_rx/axis_data_fifo_fhy_defec_sub/inst/gen_fifo.xpm_fifo_axis_inst/xpm_fifo_base_inst/gen_cdc_pntr.rd_pntr_cdc_inst/src_gray_ff_reg[3]/C
  -------------------------------------------------------------------    -------------------
    SLICE_X75Y116        FDRE (Prop_fdre_C_Q)         0.223    -1.269 r  design_1_i/modem_0/inst/modem_rx/axis_data_fifo_fhy_defec_sub/inst/gen_fifo.xpm_fifo_axis_inst/xpm_fifo_base_inst/gen_cdc_pntr.rd_pntr_cdc_inst/src_gray_ff_reg[3]/Q
                         net (fo=1, routed)           0.551    -0.718    design_1_i/modem_0/inst/modem_rx/axis_data_fifo_fhy_defec_sub/inst/gen_fifo.xpm_fifo_axis_inst/xpm_fifo_base_inst/gen_cdc_pntr.rd_pntr_cdc_inst/async_path[3]
    SLICE_X74Y116        FDRE                                         r  design_1_i/modem_0/inst/modem_rx/axis_data_fifo_fhy_defec_sub/inst/gen_fifo.xpm_fifo_axis_inst/xpm_fifo_base_inst/gen_cdc_pntr.rd_pntr_cdc_inst/dest_graysync_ff_reg[0][3]/D
  -------------------------------------------------------------------    -------------------

                         (clock clk_out1_design_1_clk_wiz_0_0 rise edge)
                                                      0.000     0.000 r  
    F22                                               0.000     0.000 r  FPGA_REF_40MHZ (IN)
                         net (fo=0)                   0.000     0.000    design_1_i/CLK_AXI/ibuf_0/inst/in_ref
    F22                  IBUF (Prop_ibuf_I_O)         1.436     1.436 r  design_1_i/CLK_AXI/ibuf_0/inst/IBUF_inst/O
                         net (fo=2, routed)           0.986     2.422    design_1_i/AD9361_CTRL/ad9361_clk/clk_DSP/inst/clk_in1
    MMCME2_ADV_X0Y2      MMCME2_ADV (Prop_mmcme2_adv_CLKIN1_CLKOUT0)
                                                     -6.398    -3.976 r  design_1_i/AD9361_CTRL/ad9361_clk/clk_DSP/inst/mmcm_adv_inst/CLKOUT0
                         net (fo=1, routed)           1.686    -2.290    design_1_i/AD9361_CTRL/ad9361_clk/clk_DSP/inst/sample_rate_30_72_design_1_clk_DSP_0
    BUFGCTRL_X0Y0        BUFG (Prop_bufg_I_O)         0.083    -2.207 r  design_1_i/AD9361_CTRL/ad9361_clk/clk_DSP/inst/clkout1_buf/O
                         net (fo=29668, routed)       1.530    -0.677    design_1_i/clk_wiz_0/inst/clk_in1
    PLLE2_ADV_X0Y6       PLLE2_ADV (Prop_plle2_adv_CLKIN1_CLKOUT0)
                                                     -3.394    -4.071 r  design_1_i/clk_wiz_0/inst/plle2_adv_inst/CLKOUT0
                         net (fo=1, routed)           1.783    -2.288    design_1_i/clk_wiz_0/inst/clk_out1_design_1_clk_wiz_0_0
    BUFGCTRL_X0Y19       BUFG (Prop_bufg_I_O)         0.083    -2.205 r  design_1_i/clk_wiz_0/inst/clkout1_buf/O
                         net (fo=1750, routed)        1.253    -0.952    design_1_i/modem_0/inst/modem_rx/axis_data_fifo_fhy_defec_sub/inst/gen_fifo.xpm_fifo_axis_inst/xpm_fifo_base_inst/gen_cdc_pntr.rd_pntr_cdc_inst/dest_clk
    SLICE_X74Y116        FDRE                                         r  design_1_i/modem_0/inst/modem_rx/axis_data_fifo_fhy_defec_sub/inst/gen_fifo.xpm_fifo_axis_inst/xpm_fifo_base_inst/gen_cdc_pntr.rd_pntr_cdc_inst/dest_graysync_ff_reg[0][3]/C
                         clock pessimism             -0.834    -1.787    
    SLICE_X74Y116        FDRE (Setup_fdre_C_D)        0.026    -1.761    design_1_i/modem_0/inst/modem_rx/axis_data_fifo_fhy_defec_sub/inst/gen_fifo.xpm_fifo_axis_inst/xpm_fifo_base_inst/gen_cdc_pntr.rd_pntr_cdc_inst/dest_graysync_ff_reg[0][3]
  -------------------------------------------------------------------
                         data arrival                          -0.718    
                         clock arrival                         -1.761    
  -------------------------------------------------------------------
                         relative delay                         1.043    

Reference path:
    Location             Delay type                Incr(ns)  Path(ns)    Netlist Resource(s)
  -------------------------------------------------------------------    -------------------
                         (clock clk_out2_design_1_clk_wiz_0_0 rise edge)
                                                      0.000     0.000 r  
    F22                                               0.000     0.000 r  FPGA_REF_40MHZ (IN)
                         net (fo=0)                   0.000     0.000    design_1_i/CLK_AXI/ibuf_0/inst/in_ref
    F22                  IBUF (Prop_ibuf_I_O)         1.436     1.436 r  design_1_i/CLK_AXI/ibuf_0/inst/IBUF_inst/O
                         net (fo=2, routed)           0.986     2.422    design_1_i/AD9361_CTRL/ad9361_clk/clk_DSP/inst/clk_in1
    MMCME2_ADV_X0Y2      MMCME2_ADV (Prop_mmcme2_adv_CLKIN1_CLKOUT0)
                                                     -6.398    -3.976 r  design_1_i/AD9361_CTRL/ad9361_clk/clk_DSP/inst/mmcm_adv_inst/CLKOUT0
                         net (fo=1, routed)           1.686    -2.290    design_1_i/AD9361_CTRL/ad9361_clk/clk_DSP/inst/sample_rate_30_72_design_1_clk_DSP_0
    BUFGCTRL_X0Y0        BUFG (Prop_bufg_I_O)         0.083    -2.207 r  design_1_i/AD9361_CTRL/ad9361_clk/clk_DSP/inst/clkout1_buf/O
                         net (fo=29668, routed)       1.530    -0.677    design_1_i/clk_wiz_0/inst/clk_in1
    PLLE2_ADV_X0Y6       PLLE2_ADV (Prop_plle2_adv_CLKIN1_CLKOUT1)
                                                     -3.394    -4.071 r  design_1_i/clk_wiz_0/inst/plle2_adv_inst/CLKOUT1
                         net (fo=1, routed)           1.783    -2.288    design_1_i/clk_wiz_0/inst/clk_out2_design_1_clk_wiz_0_0
    BUFGCTRL_X0Y18       BUFG (Prop_bufg_I_O)         0.083    -2.205 r  design_1_i/clk_wiz_0/inst/clkout2_buf/O
                         net (fo=17714, routed)       1.255    -0.950    design_1_i/modem_0/inst/modem_rx/axis_data_fifo_fhy_defec_sub/inst/gen_fifo.xpm_fifo_axis_inst/xpm_fifo_base_inst/gen_cdc_pntr.rd_pntr_cdc_inst/src_clk
    SLICE_X73Y115        FDRE                                         r  design_1_i/modem_0/inst/modem_rx/axis_data_fifo_fhy_defec_sub/inst/gen_fifo.xpm_fifo_axis_inst/xpm_fifo_base_inst/gen_cdc_pntr.rd_pntr_cdc_inst/src_gray_ff_reg[1]/C
  -------------------------------------------------------------------    -------------------
    SLICE_X73Y115        FDRE (Prop_fdre_C_Q)         0.162    -0.788 r  design_1_i/modem_0/inst/modem_rx/axis_data_fifo_fhy_defec_sub/inst/gen_fifo.xpm_fifo_axis_inst/xpm_fifo_base_inst/gen_cdc_pntr.rd_pntr_cdc_inst/src_gray_ff_reg[1]/Q
                         net (fo=1, routed)           0.232    -0.557    design_1_i/modem_0/inst/modem_rx/axis_data_fifo_fhy_defec_sub/inst/gen_fifo.xpm_fifo_axis_inst/xpm_fifo_base_inst/gen_cdc_pntr.rd_pntr_cdc_inst/async_path[1]
    SLICE_X73Y116        FDRE                                         r  design_1_i/modem_0/inst/modem_rx/axis_data_fifo_fhy_defec_sub/inst/gen_fifo.xpm_fifo_axis_inst/xpm_fifo_base_inst/gen_cdc_pntr.rd_pntr_cdc_inst/dest_graysync_ff_reg[0][1]/D
  -------------------------------------------------------------------    -------------------

                         (clock clk_out1_design_1_clk_wiz_0_0 rise edge)
                                                      0.000     0.000 r  
    F22                                               0.000     0.000 r  FPGA_REF_40MHZ (IN)
                         net (fo=0)                   0.000     0.000    design_1_i/CLK_AXI/ibuf_0/inst/in_ref
    F22                  IBUF (Prop_ibuf_I_O)         1.568     1.568 r  design_1_i/CLK_AXI/ibuf_0/inst/IBUF_inst/O
                         net (fo=2, routed)           1.081     2.649    design_1_i/AD9361_CTRL/ad9361_clk/clk_DSP/inst/clk_in1
    MMCME2_ADV_X0Y2      MMCME2_ADV (Prop_mmcme2_adv_CLKIN1_CLKOUT0)
                                                     -7.424    -4.775 r  design_1_i/AD9361_CTRL/ad9361_clk/clk_DSP/inst/mmcm_adv_inst/CLKOUT0
                         net (fo=1, routed)           1.804    -2.971    design_1_i/AD9361_CTRL/ad9361_clk/clk_DSP/inst/sample_rate_30_72_design_1_clk_DSP_0
    BUFGCTRL_X0Y0        BUFG (Prop_bufg_I_O)         0.093    -2.878 r  design_1_i/AD9361_CTRL/ad9361_clk/clk_DSP/inst/clkout1_buf/O
                         net (fo=29668, routed)       1.754    -1.124    design_1_i/clk_wiz_0/inst/clk_in1
    PLLE2_ADV_X0Y6       PLLE2_ADV (Prop_plle2_adv_CLKIN1_CLKOUT0)
                                                     -3.782    -4.906 r  design_1_i/clk_wiz_0/inst/plle2_adv_inst/CLKOUT0
                         net (fo=1, routed)           1.937    -2.969    design_1_i/clk_wiz_0/inst/clk_out1_design_1_clk_wiz_0_0
    BUFGCTRL_X0Y19       BUFG (Prop_bufg_I_O)         0.093    -2.876 r  design_1_i/clk_wiz_0/inst/clkout1_buf/O
                         net (fo=1750, routed)        1.385    -1.491    design_1_i/modem_0/inst/modem_rx/axis_data_fifo_fhy_defec_sub/inst/gen_fifo.xpm_fifo_axis_inst/xpm_fifo_base_inst/gen_cdc_pntr.rd_pntr_cdc_inst/dest_clk
    SLICE_X73Y116        FDRE                                         r  design_1_i/modem_0/inst/modem_rx/axis_data_fifo_fhy_defec_sub/inst/gen_fifo.xpm_fifo_axis_inst/xpm_fifo_base_inst/gen_cdc_pntr.rd_pntr_cdc_inst/dest_graysync_ff_reg[0][1]/C
                         clock pessimism              0.834    -0.656    
    SLICE_X73Y116        FDRE (Hold_fdre_C_D)         0.052    -0.604    design_1_i/modem_0/inst/modem_rx/axis_data_fifo_fhy_defec_sub/inst/gen_fifo.xpm_fifo_axis_inst/xpm_fifo_base_inst/gen_cdc_pntr.rd_pntr_cdc_inst/dest_graysync_ff_reg[0][1]
  -------------------------------------------------------------------
                         data arrival                          -0.557    
                         clock arrival                         -0.604    
  -------------------------------------------------------------------
                         relative delay                         0.048    



Id: 16
set_bus_skew -from [get_cells [list {design_1_i/AXI_Peripheral/AXI_C2C/inst/axi_lite_slave_gen.axi_chip2chip_lite_slave_inst/axi_chip2chip_lite_slave_rx_fifo/axi_chip2chip_async_fifo_inst/xpm_fifo_async_inst/gnuram_async_fifo.xpm_fifo_base_inst/gen_cdc_pntr.wr_pntr_cdc_inst/src_gray_ff_reg[0]} {design_1_i/AXI_Peripheral/AXI_C2C/inst/axi_lite_slave_gen.axi_chip2chip_lite_slave_inst/axi_chip2chip_lite_slave_rx_fifo/axi_chip2chip_async_fifo_inst/xpm_fifo_async_inst/gnuram_async_fifo.xpm_fifo_base_inst/gen_cdc_pntr.wr_pntr_cdc_inst/src_gray_ff_reg[1]} {design_1_i/AXI_Peripheral/AXI_C2C/inst/axi_lite_slave_gen.axi_chip2chip_lite_slave_inst/axi_chip2chip_lite_slave_rx_fifo/axi_chip2chip_async_fifo_inst/xpm_fifo_async_inst/gnuram_async_fifo.xpm_fifo_base_inst/gen_cdc_pntr.wr_pntr_cdc_inst/src_gray_ff_reg[2]} {design_1_i/AXI_Peripheral/AXI_C2C/inst/axi_lite_slave_gen.axi_chip2chip_lite_slave_inst/axi_chip2chip_lite_slave_rx_fifo/axi_chip2chip_async_fifo_inst/xpm_fifo_async_inst/gnuram_async_fifo.xpm_fifo_base_inst/gen_cdc_pntr.wr_pntr_cdc_inst/src_gray_ff_reg[3]}]] -to [get_cells [list {design_1_i/AXI_Peripheral/AXI_C2C/inst/axi_lite_slave_gen.axi_chip2chip_lite_slave_inst/axi_chip2chip_lite_slave_rx_fifo/axi_chip2chip_async_fifo_inst/xpm_fifo_async_inst/gnuram_async_fifo.xpm_fifo_base_inst/gen_cdc_pntr.wr_pntr_cdc_inst/dest_graysync_ff_reg[0][0]} {design_1_i/AXI_Peripheral/AXI_C2C/inst/axi_lite_slave_gen.axi_chip2chip_lite_slave_inst/axi_chip2chip_lite_slave_rx_fifo/axi_chip2chip_async_fifo_inst/xpm_fifo_async_inst/gnuram_async_fifo.xpm_fifo_base_inst/gen_cdc_pntr.wr_pntr_cdc_inst/dest_graysync_ff_reg[0][1]} {design_1_i/AXI_Peripheral/AXI_C2C/inst/axi_lite_slave_gen.axi_chip2chip_lite_slave_inst/axi_chip2chip_lite_slave_rx_fifo/axi_chip2chip_async_fifo_inst/xpm_fifo_async_inst/gnuram_async_fifo.xpm_fifo_base_inst/gen_cdc_pntr.wr_pntr_cdc_inst/dest_graysync_ff_reg[0][2]} {design_1_i/AXI_Peripheral/AXI_C2C/inst/axi_lite_slave_gen.axi_chip2chip_lite_slave_inst/axi_chip2chip_lite_slave_rx_fifo/axi_chip2chip_async_fifo_inst/xpm_fifo_async_inst/gnuram_async_fifo.xpm_fifo_base_inst/gen_cdc_pntr.wr_pntr_cdc_inst/dest_graysync_ff_reg[0][3]}]] 10.000
Requirement: 10.000ns
Endpoints: 4

From Clock            To Clock              Endpoint Pin                    Reference Pin                   Corner  Actual(ns)  Slack(ns)
--------------------  --------------------  ------------------------------  ------------------------------  ------  ----------  ---------
clk_out               axi_periph_clk_design_1_CLK_COMMON_0
                                            design_1_i/AXI_Peripheral/AXI_C2C/inst/axi_lite_slave_gen.axi_chip2chip_lite_slave_inst/axi_chip2chip_lite_slave_rx_fifo/axi_chip2chip_async_fifo_inst/xpm_fifo_async_inst/gnuram_async_fifo.xpm_fifo_base_inst/gen_cdc_pntr.wr_pntr_cdc_inst/dest_graysync_ff_reg[0][1]/D
                                                                            design_1_i/AXI_Peripheral/AXI_C2C/inst/axi_lite_slave_gen.axi_chip2chip_lite_slave_inst/axi_chip2chip_lite_slave_rx_fifo/axi_chip2chip_async_fifo_inst/xpm_fifo_async_inst/gnuram_async_fifo.xpm_fifo_base_inst/gen_cdc_pntr.wr_pntr_cdc_inst/dest_graysync_ff_reg[0][2]/D
                                                                                                            Slow         0.696      9.304


Slack (MET) :             9.304ns  (requirement - actual skew)
  Endpoint Source:        design_1_i/AXI_Peripheral/AXI_C2C/inst/axi_lite_slave_gen.axi_chip2chip_lite_slave_inst/axi_chip2chip_lite_slave_rx_fifo/axi_chip2chip_async_fifo_inst/xpm_fifo_async_inst/gnuram_async_fifo.xpm_fifo_base_inst/gen_cdc_pntr.wr_pntr_cdc_inst/src_gray_ff_reg[1]/C
                            (rising edge-triggered cell FDRE clocked by clk_out)
  Endpoint Destination:   design_1_i/AXI_Peripheral/AXI_C2C/inst/axi_lite_slave_gen.axi_chip2chip_lite_slave_inst/axi_chip2chip_lite_slave_rx_fifo/axi_chip2chip_async_fifo_inst/xpm_fifo_async_inst/gnuram_async_fifo.xpm_fifo_base_inst/gen_cdc_pntr.wr_pntr_cdc_inst/dest_graysync_ff_reg[0][1]/D
                            (rising edge-triggered cell FDRE clocked by axi_periph_clk_design_1_CLK_COMMON_0)
  Reference Source:       design_1_i/AXI_Peripheral/AXI_C2C/inst/axi_lite_slave_gen.axi_chip2chip_lite_slave_inst/axi_chip2chip_lite_slave_rx_fifo/axi_chip2chip_async_fifo_inst/xpm_fifo_async_inst/gnuram_async_fifo.xpm_fifo_base_inst/gen_cdc_pntr.wr_pntr_cdc_inst/src_gray_ff_reg[2]/C
                            (rising edge-triggered cell FDRE clocked by clk_out)
  Reference Destination:  design_1_i/AXI_Peripheral/AXI_C2C/inst/axi_lite_slave_gen.axi_chip2chip_lite_slave_inst/axi_chip2chip_lite_slave_rx_fifo/axi_chip2chip_async_fifo_inst/xpm_fifo_async_inst/gnuram_async_fifo.xpm_fifo_base_inst/gen_cdc_pntr.wr_pntr_cdc_inst/dest_graysync_ff_reg[0][2]/D
                            (rising edge-triggered cell FDRE clocked by axi_periph_clk_design_1_CLK_COMMON_0)
  Path Type:              Bus Skew (Max at Slow Process Corner)
  Requirement:            10.000ns
  Endpoint Relative Delay:    1.537ns
  Reference Relative Delay:   1.922ns
  Relative CRPR:             -0.724ns
  Uncertainty:                0.357ns
  Actual Bus Skew:            0.696ns  (Endpoint Relative Delay - Reference Relative Delay - Relative CRPR + Uncertainty)

Endpoint path:
    Location             Delay type                Incr(ns)  Path(ns)    Netlist Resource(s)
  -------------------------------------------------------------------    -------------------
                         (clock clk_out rise edge)    0.000     0.000 r  
    F23                                               0.000     0.000 r  AXI_TX_CLK_IN (IN)
                         net (fo=0)                   0.000     0.000    design_1_i/AXI_Peripheral/AXI_C2C/inst/master_fpga_gen.axi_chip2chip_master_phy_inst/master_sio_phy.axi_chip2chip_sio_input_inst/axi_chip2chip_clk_gen_inst/axi_c2c_selio_rx_clk_in
    F23                  IBUF (Prop_ibuf_I_O)         1.568     1.568 r  design_1_i/AXI_Peripheral/AXI_C2C/inst/master_fpga_gen.axi_chip2chip_master_phy_inst/master_sio_phy.axi_chip2chip_sio_input_inst/axi_chip2chip_clk_gen_inst/single_end_clk_gen.ibufg_clk_inst/O
                         net (fo=1, routed)           2.536     4.104    design_1_i/AXI_Peripheral/AXI_C2C/inst/master_fpga_gen.axi_chip2chip_master_phy_inst/master_sio_phy.axi_chip2chip_sio_input_inst/axi_chip2chip_clk_gen_inst/clk_in_ibufg
    MMCME2_ADV_X0Y5      MMCME2_ADV (Prop_mmcme2_adv_CLKIN1_CLKOUT0)
                                                     -7.300    -3.196 r  design_1_i/AXI_Peripheral/AXI_C2C/inst/master_fpga_gen.axi_chip2chip_master_phy_inst/master_sio_phy.axi_chip2chip_sio_input_inst/axi_chip2chip_clk_gen_inst/gen_mmcme2.mmcm_adv_inst/CLKOUT0
                         net (fo=1, routed)           1.702    -1.494    design_1_i/AXI_Peripheral/AXI_C2C/inst/master_fpga_gen.axi_chip2chip_master_phy_inst/master_sio_phy.axi_chip2chip_sio_input_inst/axi_chip2chip_clk_gen_inst/clk_out
    BUFGCTRL_X0Y17       BUFG (Prop_bufg_I_O)         0.093    -1.401 r  design_1_i/AXI_Peripheral/AXI_C2C/inst/master_fpga_gen.axi_chip2chip_master_phy_inst/master_sio_phy.axi_chip2chip_sio_input_inst/axi_chip2chip_clk_gen_inst/bufg_inst/O
                         net (fo=854, routed)         1.473     0.072    design_1_i/AXI_Peripheral/AXI_C2C/inst/axi_lite_slave_gen.axi_chip2chip_lite_slave_inst/axi_chip2chip_lite_slave_rx_fifo/axi_chip2chip_async_fifo_inst/xpm_fifo_async_inst/gnuram_async_fifo.xpm_fifo_base_inst/gen_cdc_pntr.wr_pntr_cdc_inst/src_clk
    SLICE_X12Y143        FDRE                                         r  design_1_i/AXI_Peripheral/AXI_C2C/inst/axi_lite_slave_gen.axi_chip2chip_lite_slave_inst/axi_chip2chip_lite_slave_rx_fifo/axi_chip2chip_async_fifo_inst/xpm_fifo_async_inst/gnuram_async_fifo.xpm_fifo_base_inst/gen_cdc_pntr.wr_pntr_cdc_inst/src_gray_ff_reg[1]/C
  -------------------------------------------------------------------    -------------------
    SLICE_X12Y143        FDRE (Prop_fdre_C_Q)         0.236     0.308 r  design_1_i/AXI_Peripheral/AXI_C2C/inst/axi_lite_slave_gen.axi_chip2chip_lite_slave_inst/axi_chip2chip_lite_slave_rx_fifo/axi_chip2chip_async_fifo_inst/xpm_fifo_async_inst/gnuram_async_fifo.xpm_fifo_base_inst/gen_cdc_pntr.wr_pntr_cdc_inst/src_gray_ff_reg[1]/Q
                         net (fo=1, routed)           0.292     0.599    design_1_i/AXI_Peripheral/AXI_C2C/inst/axi_lite_slave_gen.axi_chip2chip_lite_slave_inst/axi_chip2chip_lite_slave_rx_fifo/axi_chip2chip_async_fifo_inst/xpm_fifo_async_inst/gnuram_async_fifo.xpm_fifo_base_inst/gen_cdc_pntr.wr_pntr_cdc_inst/async_path[1]
    SLICE_X13Y144        FDRE                                         r  design_1_i/AXI_Peripheral/AXI_C2C/inst/axi_lite_slave_gen.axi_chip2chip_lite_slave_inst/axi_chip2chip_lite_slave_rx_fifo/axi_chip2chip_async_fifo_inst/xpm_fifo_async_inst/gnuram_async_fifo.xpm_fifo_base_inst/gen_cdc_pntr.wr_pntr_cdc_inst/dest_graysync_ff_reg[0][1]/D
  -------------------------------------------------------------------    -------------------

                         (clock axi_periph_clk_design_1_CLK_COMMON_0 rise edge)
                                                      0.000     0.000 r  
    F22                                               0.000     0.000 r  FPGA_REF_40MHZ (IN)
                         net (fo=0)                   0.000     0.000    design_1_i/CLK_AXI/ibuf_0/inst/in_ref
    F22                  IBUF (Prop_ibuf_I_O)         1.436     1.436 r  design_1_i/CLK_AXI/ibuf_0/inst/IBUF_inst/O
                         net (fo=2, routed)           1.051     2.487    design_1_i/CLK_AXI/CLK_COMMON/inst/clk_in1
    MMCME2_ADV_X0Y1      MMCME2_ADV (Prop_mmcme2_adv_CLKIN1_CLKOUT1)
                                                     -6.771    -4.284 r  design_1_i/CLK_AXI/CLK_COMMON/inst/mmcm_adv_inst/CLKOUT1
                         net (fo=1, routed)           2.017    -2.267    design_1_i/CLK_AXI/CLK_COMMON/inst/axi_periph_clk_design_1_CLK_COMMON_0
    BUFGCTRL_X0Y1        BUFG (Prop_bufg_I_O)         0.083    -2.184 r  design_1_i/CLK_AXI/CLK_COMMON/inst/clkout2_buf/O
                         net (fo=13477, routed)       1.336    -0.848    design_1_i/AXI_Peripheral/AXI_C2C/inst/axi_lite_slave_gen.axi_chip2chip_lite_slave_inst/axi_chip2chip_lite_slave_rx_fifo/axi_chip2chip_async_fifo_inst/xpm_fifo_async_inst/gnuram_async_fifo.xpm_fifo_base_inst/gen_cdc_pntr.wr_pntr_cdc_inst/dest_clk
    SLICE_X13Y144        FDRE                                         r  design_1_i/AXI_Peripheral/AXI_C2C/inst/axi_lite_slave_gen.axi_chip2chip_lite_slave_inst/axi_chip2chip_lite_slave_rx_fifo/axi_chip2chip_async_fifo_inst/xpm_fifo_async_inst/gnuram_async_fifo.xpm_fifo_base_inst/gen_cdc_pntr.wr_pntr_cdc_inst/dest_graysync_ff_reg[0][1]/C
                         clock pessimism              0.000    -0.848    
    SLICE_X13Y144        FDRE (Setup_fdre_C_D)       -0.089    -0.937    design_1_i/AXI_Peripheral/AXI_C2C/inst/axi_lite_slave_gen.axi_chip2chip_lite_slave_inst/axi_chip2chip_lite_slave_rx_fifo/axi_chip2chip_async_fifo_inst/xpm_fifo_async_inst/gnuram_async_fifo.xpm_fifo_base_inst/gen_cdc_pntr.wr_pntr_cdc_inst/dest_graysync_ff_reg[0][1]
  -------------------------------------------------------------------
                         data arrival                           0.599    
                         clock arrival                         -0.937    
  -------------------------------------------------------------------
                         relative delay                         1.537    

Reference path:
    Location             Delay type                Incr(ns)  Path(ns)    Netlist Resource(s)
  -------------------------------------------------------------------    -------------------
                         (clock clk_out rise edge)    0.000     0.000 r  
    F23                                               0.000     0.000 r  AXI_TX_CLK_IN (IN)
                         net (fo=0)                   0.000     0.000    design_1_i/AXI_Peripheral/AXI_C2C/inst/master_fpga_gen.axi_chip2chip_master_phy_inst/master_sio_phy.axi_chip2chip_sio_input_inst/axi_chip2chip_clk_gen_inst/axi_c2c_selio_rx_clk_in
    F23                  IBUF (Prop_ibuf_I_O)         1.435     1.435 r  design_1_i/AXI_Peripheral/AXI_C2C/inst/master_fpga_gen.axi_chip2chip_master_phy_inst/master_sio_phy.axi_chip2chip_sio_input_inst/axi_chip2chip_clk_gen_inst/single_end_clk_gen.ibufg_clk_inst/O
                         net (fo=1, routed)           2.053     3.488    design_1_i/AXI_Peripheral/AXI_C2C/inst/master_fpga_gen.axi_chip2chip_master_phy_inst/master_sio_phy.axi_chip2chip_sio_input_inst/axi_chip2chip_clk_gen_inst/clk_in_ibufg
    MMCME2_ADV_X0Y5      MMCME2_ADV (Prop_mmcme2_adv_CLKIN1_CLKOUT0)
                                                     -6.225    -2.737 r  design_1_i/AXI_Peripheral/AXI_C2C/inst/master_fpga_gen.axi_chip2chip_master_phy_inst/master_sio_phy.axi_chip2chip_sio_input_inst/axi_chip2chip_clk_gen_inst/gen_mmcme2.mmcm_adv_inst/CLKOUT0
                         net (fo=1, routed)           1.570    -1.167    design_1_i/AXI_Peripheral/AXI_C2C/inst/master_fpga_gen.axi_chip2chip_master_phy_inst/master_sio_phy.axi_chip2chip_sio_input_inst/axi_chip2chip_clk_gen_inst/clk_out
    BUFGCTRL_X0Y17       BUFG (Prop_bufg_I_O)         0.083    -1.084 r  design_1_i/AXI_Peripheral/AXI_C2C/inst/master_fpga_gen.axi_chip2chip_master_phy_inst/master_sio_phy.axi_chip2chip_sio_input_inst/axi_chip2chip_clk_gen_inst/bufg_inst/O
                         net (fo=854, routed)         1.337     0.253    design_1_i/AXI_Peripheral/AXI_C2C/inst/axi_lite_slave_gen.axi_chip2chip_lite_slave_inst/axi_chip2chip_lite_slave_rx_fifo/axi_chip2chip_async_fifo_inst/xpm_fifo_async_inst/gnuram_async_fifo.xpm_fifo_base_inst/gen_cdc_pntr.wr_pntr_cdc_inst/src_clk
    SLICE_X12Y143        FDRE                                         r  design_1_i/AXI_Peripheral/AXI_C2C/inst/axi_lite_slave_gen.axi_chip2chip_lite_slave_inst/axi_chip2chip_lite_slave_rx_fifo/axi_chip2chip_async_fifo_inst/xpm_fifo_async_inst/gnuram_async_fifo.xpm_fifo_base_inst/gen_cdc_pntr.wr_pntr_cdc_inst/src_gray_ff_reg[2]/C
  -------------------------------------------------------------------    -------------------
    SLICE_X12Y143        FDRE (Prop_fdre_C_Q)         0.206     0.459 r  design_1_i/AXI_Peripheral/AXI_C2C/inst/axi_lite_slave_gen.axi_chip2chip_lite_slave_inst/axi_chip2chip_lite_slave_rx_fifo/axi_chip2chip_async_fifo_inst/xpm_fifo_async_inst/gnuram_async_fifo.xpm_fifo_base_inst/gen_cdc_pntr.wr_pntr_cdc_inst/src_gray_ff_reg[2]/Q
                         net (fo=1, routed)           0.249     0.708    design_1_i/AXI_Peripheral/AXI_C2C/inst/axi_lite_slave_gen.axi_chip2chip_lite_slave_inst/axi_chip2chip_lite_slave_rx_fifo/axi_chip2chip_async_fifo_inst/xpm_fifo_async_inst/gnuram_async_fifo.xpm_fifo_base_inst/gen_cdc_pntr.wr_pntr_cdc_inst/async_path[2]
    SLICE_X12Y142        FDRE                                         r  design_1_i/AXI_Peripheral/AXI_C2C/inst/axi_lite_slave_gen.axi_chip2chip_lite_slave_inst/axi_chip2chip_lite_slave_rx_fifo/axi_chip2chip_async_fifo_inst/xpm_fifo_async_inst/gnuram_async_fifo.xpm_fifo_base_inst/gen_cdc_pntr.wr_pntr_cdc_inst/dest_graysync_ff_reg[0][2]/D
  -------------------------------------------------------------------    -------------------

                         (clock axi_periph_clk_design_1_CLK_COMMON_0 rise edge)
                                                      0.000     0.000 r  
    F22                                               0.000     0.000 r  FPGA_REF_40MHZ (IN)
                         net (fo=0)                   0.000     0.000    design_1_i/CLK_AXI/ibuf_0/inst/in_ref
    F22                  IBUF (Prop_ibuf_I_O)         1.568     1.568 r  design_1_i/CLK_AXI/ibuf_0/inst/IBUF_inst/O
                         net (fo=2, routed)           1.157     2.725    design_1_i/CLK_AXI/CLK_COMMON/inst/clk_in1
    MMCME2_ADV_X0Y1      MMCME2_ADV (Prop_mmcme2_adv_CLKIN1_CLKOUT1)
                                                     -7.799    -5.074 r  design_1_i/CLK_AXI/CLK_COMMON/inst/mmcm_adv_inst/CLKOUT1
                         net (fo=1, routed)           2.143    -2.931    design_1_i/CLK_AXI/CLK_COMMON/inst/axi_periph_clk_design_1_CLK_COMMON_0
    BUFGCTRL_X0Y1        BUFG (Prop_bufg_I_O)         0.093    -2.838 r  design_1_i/CLK_AXI/CLK_COMMON/inst/clkout2_buf/O
                         net (fo=13477, routed)       1.471    -1.367    design_1_i/AXI_Peripheral/AXI_C2C/inst/axi_lite_slave_gen.axi_chip2chip_lite_slave_inst/axi_chip2chip_lite_slave_rx_fifo/axi_chip2chip_async_fifo_inst/xpm_fifo_async_inst/gnuram_async_fifo.xpm_fifo_base_inst/gen_cdc_pntr.wr_pntr_cdc_inst/dest_clk
    SLICE_X12Y142        FDRE                                         r  design_1_i/AXI_Peripheral/AXI_C2C/inst/axi_lite_slave_gen.axi_chip2chip_lite_slave_inst/axi_chip2chip_lite_slave_rx_fifo/axi_chip2chip_async_fifo_inst/xpm_fifo_async_inst/gnuram_async_fifo.xpm_fifo_base_inst/gen_cdc_pntr.wr_pntr_cdc_inst/dest_graysync_ff_reg[0][2]/C
                         clock pessimism              0.000    -1.367    
    SLICE_X12Y142        FDRE (Hold_fdre_C_D)         0.153    -1.214    design_1_i/AXI_Peripheral/AXI_C2C/inst/axi_lite_slave_gen.axi_chip2chip_lite_slave_inst/axi_chip2chip_lite_slave_rx_fifo/axi_chip2chip_async_fifo_inst/xpm_fifo_async_inst/gnuram_async_fifo.xpm_fifo_base_inst/gen_cdc_pntr.wr_pntr_cdc_inst/dest_graysync_ff_reg[0][2]
  -------------------------------------------------------------------
                         data arrival                           0.708    
                         clock arrival                         -1.214    
  -------------------------------------------------------------------
                         relative delay                         1.922    



Id: 17
set_bus_skew -from [get_cells [list {design_1_i/AXI_Peripheral/AXI_C2C/inst/axi_lite_slave_gen.axi_chip2chip_lite_slave_inst/axi_chip2chip_lite_slave_rx_fifo/axi_chip2chip_async_fifo_inst/xpm_fifo_async_inst/gnuram_async_fifo.xpm_fifo_base_inst/gen_cdc_pntr.rd_pntr_cdc_inst/src_gray_ff_reg[0]} {design_1_i/AXI_Peripheral/AXI_C2C/inst/axi_lite_slave_gen.axi_chip2chip_lite_slave_inst/axi_chip2chip_lite_slave_rx_fifo/axi_chip2chip_async_fifo_inst/xpm_fifo_async_inst/gnuram_async_fifo.xpm_fifo_base_inst/gen_cdc_pntr.rd_pntr_cdc_inst/src_gray_ff_reg[1]} {design_1_i/AXI_Peripheral/AXI_C2C/inst/axi_lite_slave_gen.axi_chip2chip_lite_slave_inst/axi_chip2chip_lite_slave_rx_fifo/axi_chip2chip_async_fifo_inst/xpm_fifo_async_inst/gnuram_async_fifo.xpm_fifo_base_inst/gen_cdc_pntr.rd_pntr_cdc_inst/src_gray_ff_reg[2]} {design_1_i/AXI_Peripheral/AXI_C2C/inst/axi_lite_slave_gen.axi_chip2chip_lite_slave_inst/axi_chip2chip_lite_slave_rx_fifo/axi_chip2chip_async_fifo_inst/xpm_fifo_async_inst/gnuram_async_fifo.xpm_fifo_base_inst/gen_cdc_pntr.rd_pntr_cdc_inst/src_gray_ff_reg[3]}]] -to [get_cells [list {design_1_i/AXI_Peripheral/AXI_C2C/inst/axi_lite_slave_gen.axi_chip2chip_lite_slave_inst/axi_chip2chip_lite_slave_rx_fifo/axi_chip2chip_async_fifo_inst/xpm_fifo_async_inst/gnuram_async_fifo.xpm_fifo_base_inst/gen_cdc_pntr.rd_pntr_cdc_inst/dest_graysync_ff_reg[0][0]} {design_1_i/AXI_Peripheral/AXI_C2C/inst/axi_lite_slave_gen.axi_chip2chip_lite_slave_inst/axi_chip2chip_lite_slave_rx_fifo/axi_chip2chip_async_fifo_inst/xpm_fifo_async_inst/gnuram_async_fifo.xpm_fifo_base_inst/gen_cdc_pntr.rd_pntr_cdc_inst/dest_graysync_ff_reg[0][1]} {design_1_i/AXI_Peripheral/AXI_C2C/inst/axi_lite_slave_gen.axi_chip2chip_lite_slave_inst/axi_chip2chip_lite_slave_rx_fifo/axi_chip2chip_async_fifo_inst/xpm_fifo_async_inst/gnuram_async_fifo.xpm_fifo_base_inst/gen_cdc_pntr.rd_pntr_cdc_inst/dest_graysync_ff_reg[0][2]} {design_1_i/AXI_Peripheral/AXI_C2C/inst/axi_lite_slave_gen.axi_chip2chip_lite_slave_inst/axi_chip2chip_lite_slave_rx_fifo/axi_chip2chip_async_fifo_inst/xpm_fifo_async_inst/gnuram_async_fifo.xpm_fifo_base_inst/gen_cdc_pntr.rd_pntr_cdc_inst/dest_graysync_ff_reg[0][3]}]] 10.000
Requirement: 10.000ns
Endpoints: 4

From Clock            To Clock              Endpoint Pin                    Reference Pin                   Corner  Actual(ns)  Slack(ns)
--------------------  --------------------  ------------------------------  ------------------------------  ------  ----------  ---------
axi_periph_clk_design_1_CLK_COMMON_0
                      clk_out               design_1_i/AXI_Peripheral/AXI_C2C/inst/axi_lite_slave_gen.axi_chip2chip_lite_slave_inst/axi_chip2chip_lite_slave_rx_fifo/axi_chip2chip_async_fifo_inst/xpm_fifo_async_inst/gnuram_async_fifo.xpm_fifo_base_inst/gen_cdc_pntr.rd_pntr_cdc_inst/dest_graysync_ff_reg[0][3]/D
                                                                            design_1_i/AXI_Peripheral/AXI_C2C/inst/axi_lite_slave_gen.axi_chip2chip_lite_slave_inst/axi_chip2chip_lite_slave_rx_fifo/axi_chip2chip_async_fifo_inst/xpm_fifo_async_inst/gnuram_async_fifo.xpm_fifo_base_inst/gen_cdc_pntr.rd_pntr_cdc_inst/dest_graysync_ff_reg[0][0]/D
                                                                                                            Slow         0.829      9.171


Slack (MET) :             9.171ns  (requirement - actual skew)
  Endpoint Source:        design_1_i/AXI_Peripheral/AXI_C2C/inst/axi_lite_slave_gen.axi_chip2chip_lite_slave_inst/axi_chip2chip_lite_slave_rx_fifo/axi_chip2chip_async_fifo_inst/xpm_fifo_async_inst/gnuram_async_fifo.xpm_fifo_base_inst/gen_cdc_pntr.rd_pntr_cdc_inst/src_gray_ff_reg[3]/C
                            (rising edge-triggered cell FDRE clocked by axi_periph_clk_design_1_CLK_COMMON_0)
  Endpoint Destination:   design_1_i/AXI_Peripheral/AXI_C2C/inst/axi_lite_slave_gen.axi_chip2chip_lite_slave_inst/axi_chip2chip_lite_slave_rx_fifo/axi_chip2chip_async_fifo_inst/xpm_fifo_async_inst/gnuram_async_fifo.xpm_fifo_base_inst/gen_cdc_pntr.rd_pntr_cdc_inst/dest_graysync_ff_reg[0][3]/D
                            (rising edge-triggered cell FDRE clocked by clk_out)
  Reference Source:       design_1_i/AXI_Peripheral/AXI_C2C/inst/axi_lite_slave_gen.axi_chip2chip_lite_slave_inst/axi_chip2chip_lite_slave_rx_fifo/axi_chip2chip_async_fifo_inst/xpm_fifo_async_inst/gnuram_async_fifo.xpm_fifo_base_inst/gen_cdc_pntr.rd_pntr_cdc_inst/src_gray_ff_reg[0]/C
                            (rising edge-triggered cell FDRE clocked by axi_periph_clk_design_1_CLK_COMMON_0)
  Reference Destination:  design_1_i/AXI_Peripheral/AXI_C2C/inst/axi_lite_slave_gen.axi_chip2chip_lite_slave_inst/axi_chip2chip_lite_slave_rx_fifo/axi_chip2chip_async_fifo_inst/xpm_fifo_async_inst/gnuram_async_fifo.xpm_fifo_base_inst/gen_cdc_pntr.rd_pntr_cdc_inst/dest_graysync_ff_reg[0][0]/D
                            (rising edge-triggered cell FDRE clocked by clk_out)
  Path Type:              Bus Skew (Max at Slow Process Corner)
  Requirement:            10.000ns
  Endpoint Relative Delay:   -0.964ns
  Reference Relative Delay:  -0.641ns
  Relative CRPR:             -0.795ns
  Uncertainty:                0.357ns
  Actual Bus Skew:            0.829ns  (Endpoint Relative Delay - Reference Relative Delay - Relative CRPR + Uncertainty)

Endpoint path:
    Location             Delay type                Incr(ns)  Path(ns)    Netlist Resource(s)
  -------------------------------------------------------------------    -------------------
                         (clock axi_periph_clk_design_1_CLK_COMMON_0 rise edge)
                                                      0.000     0.000 r  
    F22                                               0.000     0.000 r  FPGA_REF_40MHZ (IN)
                         net (fo=0)                   0.000     0.000    design_1_i/CLK_AXI/ibuf_0/inst/in_ref
    F22                  IBUF (Prop_ibuf_I_O)         1.568     1.568 r  design_1_i/CLK_AXI/ibuf_0/inst/IBUF_inst/O
                         net (fo=2, routed)           1.157     2.725    design_1_i/CLK_AXI/CLK_COMMON/inst/clk_in1
    MMCME2_ADV_X0Y1      MMCME2_ADV (Prop_mmcme2_adv_CLKIN1_CLKOUT1)
                                                     -7.799    -5.074 r  design_1_i/CLK_AXI/CLK_COMMON/inst/mmcm_adv_inst/CLKOUT1
                         net (fo=1, routed)           2.143    -2.931    design_1_i/CLK_AXI/CLK_COMMON/inst/axi_periph_clk_design_1_CLK_COMMON_0
    BUFGCTRL_X0Y1        BUFG (Prop_bufg_I_O)         0.093    -2.838 r  design_1_i/CLK_AXI/CLK_COMMON/inst/clkout2_buf/O
                         net (fo=13477, routed)       1.470    -1.368    design_1_i/AXI_Peripheral/AXI_C2C/inst/axi_lite_slave_gen.axi_chip2chip_lite_slave_inst/axi_chip2chip_lite_slave_rx_fifo/axi_chip2chip_async_fifo_inst/xpm_fifo_async_inst/gnuram_async_fifo.xpm_fifo_base_inst/gen_cdc_pntr.rd_pntr_cdc_inst/src_clk
    SLICE_X18Y142        FDRE                                         r  design_1_i/AXI_Peripheral/AXI_C2C/inst/axi_lite_slave_gen.axi_chip2chip_lite_slave_inst/axi_chip2chip_lite_slave_rx_fifo/axi_chip2chip_async_fifo_inst/xpm_fifo_async_inst/gnuram_async_fifo.xpm_fifo_base_inst/gen_cdc_pntr.rd_pntr_cdc_inst/src_gray_ff_reg[3]/C
  -------------------------------------------------------------------    -------------------
    SLICE_X18Y142        FDRE (Prop_fdre_C_Q)         0.259    -1.109 r  design_1_i/AXI_Peripheral/AXI_C2C/inst/axi_lite_slave_gen.axi_chip2chip_lite_slave_inst/axi_chip2chip_lite_slave_rx_fifo/axi_chip2chip_async_fifo_inst/xpm_fifo_async_inst/gnuram_async_fifo.xpm_fifo_base_inst/gen_cdc_pntr.rd_pntr_cdc_inst/src_gray_ff_reg[3]/Q
                         net (fo=1, routed)           0.394    -0.714    design_1_i/AXI_Peripheral/AXI_C2C/inst/axi_lite_slave_gen.axi_chip2chip_lite_slave_inst/axi_chip2chip_lite_slave_rx_fifo/axi_chip2chip_async_fifo_inst/xpm_fifo_async_inst/gnuram_async_fifo.xpm_fifo_base_inst/gen_cdc_pntr.rd_pntr_cdc_inst/async_path[3]
    SLICE_X18Y141        FDRE                                         r  design_1_i/AXI_Peripheral/AXI_C2C/inst/axi_lite_slave_gen.axi_chip2chip_lite_slave_inst/axi_chip2chip_lite_slave_rx_fifo/axi_chip2chip_async_fifo_inst/xpm_fifo_async_inst/gnuram_async_fifo.xpm_fifo_base_inst/gen_cdc_pntr.rd_pntr_cdc_inst/dest_graysync_ff_reg[0][3]/D
  -------------------------------------------------------------------    -------------------

                         (clock clk_out rise edge)    0.000     0.000 r  
    F23                                               0.000     0.000 r  AXI_TX_CLK_IN (IN)
                         net (fo=0)                   0.000     0.000    design_1_i/AXI_Peripheral/AXI_C2C/inst/master_fpga_gen.axi_chip2chip_master_phy_inst/master_sio_phy.axi_chip2chip_sio_input_inst/axi_chip2chip_clk_gen_inst/axi_c2c_selio_rx_clk_in
    F23                  IBUF (Prop_ibuf_I_O)         1.435     1.435 r  design_1_i/AXI_Peripheral/AXI_C2C/inst/master_fpga_gen.axi_chip2chip_master_phy_inst/master_sio_phy.axi_chip2chip_sio_input_inst/axi_chip2chip_clk_gen_inst/single_end_clk_gen.ibufg_clk_inst/O
                         net (fo=1, routed)           2.053     3.488    design_1_i/AXI_Peripheral/AXI_C2C/inst/master_fpga_gen.axi_chip2chip_master_phy_inst/master_sio_phy.axi_chip2chip_sio_input_inst/axi_chip2chip_clk_gen_inst/clk_in_ibufg
    MMCME2_ADV_X0Y5      MMCME2_ADV (Prop_mmcme2_adv_CLKIN1_CLKOUT0)
                                                     -6.225    -2.737 r  design_1_i/AXI_Peripheral/AXI_C2C/inst/master_fpga_gen.axi_chip2chip_master_phy_inst/master_sio_phy.axi_chip2chip_sio_input_inst/axi_chip2chip_clk_gen_inst/gen_mmcme2.mmcm_adv_inst/CLKOUT0
                         net (fo=1, routed)           1.570    -1.167    design_1_i/AXI_Peripheral/AXI_C2C/inst/master_fpga_gen.axi_chip2chip_master_phy_inst/master_sio_phy.axi_chip2chip_sio_input_inst/axi_chip2chip_clk_gen_inst/clk_out
    BUFGCTRL_X0Y17       BUFG (Prop_bufg_I_O)         0.083    -1.084 r  design_1_i/AXI_Peripheral/AXI_C2C/inst/master_fpga_gen.axi_chip2chip_master_phy_inst/master_sio_phy.axi_chip2chip_sio_input_inst/axi_chip2chip_clk_gen_inst/bufg_inst/O
                         net (fo=854, routed)         1.336     0.252    design_1_i/AXI_Peripheral/AXI_C2C/inst/axi_lite_slave_gen.axi_chip2chip_lite_slave_inst/axi_chip2chip_lite_slave_rx_fifo/axi_chip2chip_async_fifo_inst/xpm_fifo_async_inst/gnuram_async_fifo.xpm_fifo_base_inst/gen_cdc_pntr.rd_pntr_cdc_inst/dest_clk
    SLICE_X18Y141        FDRE                                         r  design_1_i/AXI_Peripheral/AXI_C2C/inst/axi_lite_slave_gen.axi_chip2chip_lite_slave_inst/axi_chip2chip_lite_slave_rx_fifo/axi_chip2chip_async_fifo_inst/xpm_fifo_async_inst/gnuram_async_fifo.xpm_fifo_base_inst/gen_cdc_pntr.rd_pntr_cdc_inst/dest_graysync_ff_reg[0][3]/C
                         clock pessimism              0.000     0.252    
    SLICE_X18Y141        FDRE (Setup_fdre_C_D)       -0.002     0.250    design_1_i/AXI_Peripheral/AXI_C2C/inst/axi_lite_slave_gen.axi_chip2chip_lite_slave_inst/axi_chip2chip_lite_slave_rx_fifo/axi_chip2chip_async_fifo_inst/xpm_fifo_async_inst/gnuram_async_fifo.xpm_fifo_base_inst/gen_cdc_pntr.rd_pntr_cdc_inst/dest_graysync_ff_reg[0][3]
  -------------------------------------------------------------------
                         data arrival                          -0.714    
                         clock arrival                          0.250    
  -------------------------------------------------------------------
                         relative delay                        -0.964    

Reference path:
    Location             Delay type                Incr(ns)  Path(ns)    Netlist Resource(s)
  -------------------------------------------------------------------    -------------------
                         (clock axi_periph_clk_design_1_CLK_COMMON_0 rise edge)
                                                      0.000     0.000 r  
    F22                                               0.000     0.000 r  FPGA_REF_40MHZ (IN)
                         net (fo=0)                   0.000     0.000    design_1_i/CLK_AXI/ibuf_0/inst/in_ref
    F22                  IBUF (Prop_ibuf_I_O)         1.436     1.436 r  design_1_i/CLK_AXI/ibuf_0/inst/IBUF_inst/O
                         net (fo=2, routed)           1.051     2.487    design_1_i/CLK_AXI/CLK_COMMON/inst/clk_in1
    MMCME2_ADV_X0Y1      MMCME2_ADV (Prop_mmcme2_adv_CLKIN1_CLKOUT1)
                                                     -6.771    -4.284 r  design_1_i/CLK_AXI/CLK_COMMON/inst/mmcm_adv_inst/CLKOUT1
                         net (fo=1, routed)           2.017    -2.267    design_1_i/CLK_AXI/CLK_COMMON/inst/axi_periph_clk_design_1_CLK_COMMON_0
    BUFGCTRL_X0Y1        BUFG (Prop_bufg_I_O)         0.083    -2.184 r  design_1_i/CLK_AXI/CLK_COMMON/inst/clkout2_buf/O
                         net (fo=13477, routed)       1.334    -0.850    design_1_i/AXI_Peripheral/AXI_C2C/inst/axi_lite_slave_gen.axi_chip2chip_lite_slave_inst/axi_chip2chip_lite_slave_rx_fifo/axi_chip2chip_async_fifo_inst/xpm_fifo_async_inst/gnuram_async_fifo.xpm_fifo_base_inst/gen_cdc_pntr.rd_pntr_cdc_inst/src_clk
    SLICE_X13Y140        FDRE                                         r  design_1_i/AXI_Peripheral/AXI_C2C/inst/axi_lite_slave_gen.axi_chip2chip_lite_slave_inst/axi_chip2chip_lite_slave_rx_fifo/axi_chip2chip_async_fifo_inst/xpm_fifo_async_inst/gnuram_async_fifo.xpm_fifo_base_inst/gen_cdc_pntr.rd_pntr_cdc_inst/src_gray_ff_reg[0]/C
  -------------------------------------------------------------------    -------------------
    SLICE_X13Y140        FDRE (Prop_fdre_C_Q)         0.178    -0.672 r  design_1_i/AXI_Peripheral/AXI_C2C/inst/axi_lite_slave_gen.axi_chip2chip_lite_slave_inst/axi_chip2chip_lite_slave_rx_fifo/axi_chip2chip_async_fifo_inst/xpm_fifo_async_inst/gnuram_async_fifo.xpm_fifo_base_inst/gen_cdc_pntr.rd_pntr_cdc_inst/src_gray_ff_reg[0]/Q
                         net (fo=1, routed)           0.220    -0.453    design_1_i/AXI_Peripheral/AXI_C2C/inst/axi_lite_slave_gen.axi_chip2chip_lite_slave_inst/axi_chip2chip_lite_slave_rx_fifo/axi_chip2chip_async_fifo_inst/xpm_fifo_async_inst/gnuram_async_fifo.xpm_fifo_base_inst/gen_cdc_pntr.rd_pntr_cdc_inst/async_path[0]
    SLICE_X15Y140        FDRE                                         r  design_1_i/AXI_Peripheral/AXI_C2C/inst/axi_lite_slave_gen.axi_chip2chip_lite_slave_inst/axi_chip2chip_lite_slave_rx_fifo/axi_chip2chip_async_fifo_inst/xpm_fifo_async_inst/gnuram_async_fifo.xpm_fifo_base_inst/gen_cdc_pntr.rd_pntr_cdc_inst/dest_graysync_ff_reg[0][0]/D
  -------------------------------------------------------------------    -------------------

                         (clock clk_out rise edge)    0.000     0.000 r  
    F23                                               0.000     0.000 r  AXI_TX_CLK_IN (IN)
                         net (fo=0)                   0.000     0.000    design_1_i/AXI_Peripheral/AXI_C2C/inst/master_fpga_gen.axi_chip2chip_master_phy_inst/master_sio_phy.axi_chip2chip_sio_input_inst/axi_chip2chip_clk_gen_inst/axi_c2c_selio_rx_clk_in
    F23                  IBUF (Prop_ibuf_I_O)         1.568     1.568 r  design_1_i/AXI_Peripheral/AXI_C2C/inst/master_fpga_gen.axi_chip2chip_master_phy_inst/master_sio_phy.axi_chip2chip_sio_input_inst/axi_chip2chip_clk_gen_inst/single_end_clk_gen.ibufg_clk_inst/O
                         net (fo=1, routed)           2.536     4.104    design_1_i/AXI_Peripheral/AXI_C2C/inst/master_fpga_gen.axi_chip2chip_master_phy_inst/master_sio_phy.axi_chip2chip_sio_input_inst/axi_chip2chip_clk_gen_inst/clk_in_ibufg
    MMCME2_ADV_X0Y5      MMCME2_ADV (Prop_mmcme2_adv_CLKIN1_CLKOUT0)
                                                     -7.300    -3.196 r  design_1_i/AXI_Peripheral/AXI_C2C/inst/master_fpga_gen.axi_chip2chip_master_phy_inst/master_sio_phy.axi_chip2chip_sio_input_inst/axi_chip2chip_clk_gen_inst/gen_mmcme2.mmcm_adv_inst/CLKOUT0
                         net (fo=1, routed)           1.702    -1.494    design_1_i/AXI_Peripheral/AXI_C2C/inst/master_fpga_gen.axi_chip2chip_master_phy_inst/master_sio_phy.axi_chip2chip_sio_input_inst/axi_chip2chip_clk_gen_inst/clk_out
    BUFGCTRL_X0Y17       BUFG (Prop_bufg_I_O)         0.093    -1.401 r  design_1_i/AXI_Peripheral/AXI_C2C/inst/master_fpga_gen.axi_chip2chip_master_phy_inst/master_sio_phy.axi_chip2chip_sio_input_inst/axi_chip2chip_clk_gen_inst/bufg_inst/O
                         net (fo=854, routed)         1.472     0.071    design_1_i/AXI_Peripheral/AXI_C2C/inst/axi_lite_slave_gen.axi_chip2chip_lite_slave_inst/axi_chip2chip_lite_slave_rx_fifo/axi_chip2chip_async_fifo_inst/xpm_fifo_async_inst/gnuram_async_fifo.xpm_fifo_base_inst/gen_cdc_pntr.rd_pntr_cdc_inst/dest_clk
    SLICE_X15Y140        FDRE                                         r  design_1_i/AXI_Peripheral/AXI_C2C/inst/axi_lite_slave_gen.axi_chip2chip_lite_slave_inst/axi_chip2chip_lite_slave_rx_fifo/axi_chip2chip_async_fifo_inst/xpm_fifo_async_inst/gnuram_async_fifo.xpm_fifo_base_inst/gen_cdc_pntr.rd_pntr_cdc_inst/dest_graysync_ff_reg[0][0]/C
                         clock pessimism              0.000     0.071    
    SLICE_X15Y140        FDRE (Hold_fdre_C_D)         0.118     0.189    design_1_i/AXI_Peripheral/AXI_C2C/inst/axi_lite_slave_gen.axi_chip2chip_lite_slave_inst/axi_chip2chip_lite_slave_rx_fifo/axi_chip2chip_async_fifo_inst/xpm_fifo_async_inst/gnuram_async_fifo.xpm_fifo_base_inst/gen_cdc_pntr.rd_pntr_cdc_inst/dest_graysync_ff_reg[0][0]
  -------------------------------------------------------------------
                         data arrival                          -0.453    
                         clock arrival                          0.189    
  -------------------------------------------------------------------
                         relative delay                        -0.641    



Id: 18
set_bus_skew -from [get_cells [list {design_1_i/modem_0/inst/modem_rx/axis_data_fifo_fhy_defec_sub/inst/gen_fifo.xpm_fifo_axis_inst/xpm_fifo_base_inst/gen_cdc_pntr.wr_pntr_cdc_inst/src_gray_ff_reg[0]} {design_1_i/modem_0/inst/modem_rx/axis_data_fifo_fhy_defec_sub/inst/gen_fifo.xpm_fifo_axis_inst/xpm_fifo_base_inst/gen_cdc_pntr.wr_pntr_cdc_inst/src_gray_ff_reg[1]} {design_1_i/modem_0/inst/modem_rx/axis_data_fifo_fhy_defec_sub/inst/gen_fifo.xpm_fifo_axis_inst/xpm_fifo_base_inst/gen_cdc_pntr.wr_pntr_cdc_inst/src_gray_ff_reg[2]} {design_1_i/modem_0/inst/modem_rx/axis_data_fifo_fhy_defec_sub/inst/gen_fifo.xpm_fifo_axis_inst/xpm_fifo_base_inst/gen_cdc_pntr.wr_pntr_cdc_inst/src_gray_ff_reg[3]}]] -to [get_cells [list {design_1_i/modem_0/inst/modem_rx/axis_data_fifo_fhy_defec_sub/inst/gen_fifo.xpm_fifo_axis_inst/xpm_fifo_base_inst/gen_cdc_pntr.wr_pntr_cdc_inst/dest_graysync_ff_reg[0][0]} {design_1_i/modem_0/inst/modem_rx/axis_data_fifo_fhy_defec_sub/inst/gen_fifo.xpm_fifo_axis_inst/xpm_fifo_base_inst/gen_cdc_pntr.wr_pntr_cdc_inst/dest_graysync_ff_reg[0][1]} {design_1_i/modem_0/inst/modem_rx/axis_data_fifo_fhy_defec_sub/inst/gen_fifo.xpm_fifo_axis_inst/xpm_fifo_base_inst/gen_cdc_pntr.wr_pntr_cdc_inst/dest_graysync_ff_reg[0][2]} {design_1_i/modem_0/inst/modem_rx/axis_data_fifo_fhy_defec_sub/inst/gen_fifo.xpm_fifo_axis_inst/xpm_fifo_base_inst/gen_cdc_pntr.wr_pntr_cdc_inst/dest_graysync_ff_reg[0][3]}]] 3.617
Requirement: 3.617ns
Endpoints: 4

From Clock            To Clock              Endpoint Pin                    Reference Pin                   Corner  Actual(ns)  Slack(ns)
--------------------  --------------------  ------------------------------  ------------------------------  ------  ----------  ---------
clk_out1_design_1_clk_wiz_0_0
                      clk_out2_design_1_clk_wiz_0_0
                                            design_1_i/modem_0/inst/modem_rx/axis_data_fifo_fhy_defec_sub/inst/gen_fifo.xpm_fifo_axis_inst/xpm_fifo_base_inst/gen_cdc_pntr.wr_pntr_cdc_inst/dest_graysync_ff_reg[0][1]/D
                                                                            design_1_i/modem_0/inst/modem_rx/axis_data_fifo_fhy_defec_sub/inst/gen_fifo.xpm_fifo_axis_inst/xpm_fifo_base_inst/gen_cdc_pntr.wr_pntr_cdc_inst/dest_graysync_ff_reg[0][2]/D
                                                                                                            Slow         0.560      3.057


Slack (MET) :             3.057ns  (requirement - actual skew)
  Endpoint Source:        design_1_i/modem_0/inst/modem_rx/axis_data_fifo_fhy_defec_sub/inst/gen_fifo.xpm_fifo_axis_inst/xpm_fifo_base_inst/gen_cdc_pntr.wr_pntr_cdc_inst/src_gray_ff_reg[1]/C
                            (rising edge-triggered cell FDRE clocked by clk_out1_design_1_clk_wiz_0_0)
  Endpoint Destination:   design_1_i/modem_0/inst/modem_rx/axis_data_fifo_fhy_defec_sub/inst/gen_fifo.xpm_fifo_axis_inst/xpm_fifo_base_inst/gen_cdc_pntr.wr_pntr_cdc_inst/dest_graysync_ff_reg[0][1]/D
                            (rising edge-triggered cell FDRE clocked by clk_out2_design_1_clk_wiz_0_0)
  Reference Source:       design_1_i/modem_0/inst/modem_rx/axis_data_fifo_fhy_defec_sub/inst/gen_fifo.xpm_fifo_axis_inst/xpm_fifo_base_inst/gen_cdc_pntr.wr_pntr_cdc_inst/src_gray_ff_reg[2]/C
                            (rising edge-triggered cell FDRE clocked by clk_out1_design_1_clk_wiz_0_0)
  Reference Destination:  design_1_i/modem_0/inst/modem_rx/axis_data_fifo_fhy_defec_sub/inst/gen_fifo.xpm_fifo_axis_inst/xpm_fifo_base_inst/gen_cdc_pntr.wr_pntr_cdc_inst/dest_graysync_ff_reg[0][2]/D
                            (rising edge-triggered cell FDRE clocked by clk_out2_design_1_clk_wiz_0_0)
  Path Type:              Bus Skew (Max at Slow Process Corner)
  Requirement:            3.617ns
  Endpoint Relative Delay:    0.871ns
  Reference Relative Delay:  -0.007ns
  Relative CRPR:              0.524ns
  Uncertainty:                0.207ns
  Actual Bus Skew:            0.560ns  (Endpoint Relative Delay - Reference Relative Delay - Relative CRPR + Uncertainty)

Endpoint path:
    Location             Delay type                Incr(ns)  Path(ns)    Netlist Resource(s)
  -------------------------------------------------------------------    -------------------
                         (clock clk_out1_design_1_clk_wiz_0_0 rise edge)
                                                      0.000     0.000 r  
    F22                                               0.000     0.000 r  FPGA_REF_40MHZ (IN)
                         net (fo=0)                   0.000     0.000    design_1_i/CLK_AXI/ibuf_0/inst/in_ref
    F22                  IBUF (Prop_ibuf_I_O)         1.568     1.568 r  design_1_i/CLK_AXI/ibuf_0/inst/IBUF_inst/O
                         net (fo=2, routed)           1.081     2.649    design_1_i/AD9361_CTRL/ad9361_clk/clk_DSP/inst/clk_in1
    MMCME2_ADV_X0Y2      MMCME2_ADV (Prop_mmcme2_adv_CLKIN1_CLKOUT0)
                                                     -7.424    -4.775 r  design_1_i/AD9361_CTRL/ad9361_clk/clk_DSP/inst/mmcm_adv_inst/CLKOUT0
                         net (fo=1, routed)           1.804    -2.971    design_1_i/AD9361_CTRL/ad9361_clk/clk_DSP/inst/sample_rate_30_72_design_1_clk_DSP_0
    BUFGCTRL_X0Y0        BUFG (Prop_bufg_I_O)         0.093    -2.878 r  design_1_i/AD9361_CTRL/ad9361_clk/clk_DSP/inst/clkout1_buf/O
                         net (fo=29668, routed)       1.754    -1.124    design_1_i/clk_wiz_0/inst/clk_in1
    PLLE2_ADV_X0Y6       PLLE2_ADV (Prop_plle2_adv_CLKIN1_CLKOUT0)
                                                     -3.782    -4.906 r  design_1_i/clk_wiz_0/inst/plle2_adv_inst/CLKOUT0
                         net (fo=1, routed)           1.937    -2.969    design_1_i/clk_wiz_0/inst/clk_out1_design_1_clk_wiz_0_0
    BUFGCTRL_X0Y19       BUFG (Prop_bufg_I_O)         0.093    -2.876 r  design_1_i/clk_wiz_0/inst/clkout1_buf/O
                         net (fo=1750, routed)        1.385    -1.491    design_1_i/modem_0/inst/modem_rx/axis_data_fifo_fhy_defec_sub/inst/gen_fifo.xpm_fifo_axis_inst/xpm_fifo_base_inst/gen_cdc_pntr.wr_pntr_cdc_inst/src_clk
    SLICE_X76Y115        FDRE                                         r  design_1_i/modem_0/inst/modem_rx/axis_data_fifo_fhy_defec_sub/inst/gen_fifo.xpm_fifo_axis_inst/xpm_fifo_base_inst/gen_cdc_pntr.wr_pntr_cdc_inst/src_gray_ff_reg[1]/C
  -------------------------------------------------------------------    -------------------
    SLICE_X76Y115        FDRE (Prop_fdre_C_Q)         0.204    -1.287 r  design_1_i/modem_0/inst/modem_rx/axis_data_fifo_fhy_defec_sub/inst/gen_fifo.xpm_fifo_axis_inst/xpm_fifo_base_inst/gen_cdc_pntr.wr_pntr_cdc_inst/src_gray_ff_reg[1]/Q
                         net (fo=1, routed)           0.279    -1.008    design_1_i/modem_0/inst/modem_rx/axis_data_fifo_fhy_defec_sub/inst/gen_fifo.xpm_fifo_axis_inst/xpm_fifo_base_inst/gen_cdc_pntr.wr_pntr_cdc_inst/async_path[1]
    SLICE_X72Y116        FDRE                                         r  design_1_i/modem_0/inst/modem_rx/axis_data_fifo_fhy_defec_sub/inst/gen_fifo.xpm_fifo_axis_inst/xpm_fifo_base_inst/gen_cdc_pntr.wr_pntr_cdc_inst/dest_graysync_ff_reg[0][1]/D
  -------------------------------------------------------------------    -------------------

                         (clock clk_out2_design_1_clk_wiz_0_0 rise edge)
                                                      0.000     0.000 r  
    F22                                               0.000     0.000 r  FPGA_REF_40MHZ (IN)
                         net (fo=0)                   0.000     0.000    design_1_i/CLK_AXI/ibuf_0/inst/in_ref
    F22                  IBUF (Prop_ibuf_I_O)         1.436     1.436 r  design_1_i/CLK_AXI/ibuf_0/inst/IBUF_inst/O
                         net (fo=2, routed)           0.986     2.422    design_1_i/AD9361_CTRL/ad9361_clk/clk_DSP/inst/clk_in1
    MMCME2_ADV_X0Y2      MMCME2_ADV (Prop_mmcme2_adv_CLKIN1_CLKOUT0)
                                                     -6.398    -3.976 r  design_1_i/AD9361_CTRL/ad9361_clk/clk_DSP/inst/mmcm_adv_inst/CLKOUT0
                         net (fo=1, routed)           1.686    -2.290    design_1_i/AD9361_CTRL/ad9361_clk/clk_DSP/inst/sample_rate_30_72_design_1_clk_DSP_0
    BUFGCTRL_X0Y0        BUFG (Prop_bufg_I_O)         0.083    -2.207 r  design_1_i/AD9361_CTRL/ad9361_clk/clk_DSP/inst/clkout1_buf/O
                         net (fo=29668, routed)       1.530    -0.677    design_1_i/clk_wiz_0/inst/clk_in1
    PLLE2_ADV_X0Y6       PLLE2_ADV (Prop_plle2_adv_CLKIN1_CLKOUT1)
                                                     -3.394    -4.071 r  design_1_i/clk_wiz_0/inst/plle2_adv_inst/CLKOUT1
                         net (fo=1, routed)           1.783    -2.288    design_1_i/clk_wiz_0/inst/clk_out2_design_1_clk_wiz_0_0
    BUFGCTRL_X0Y18       BUFG (Prop_bufg_I_O)         0.083    -2.205 r  design_1_i/clk_wiz_0/inst/clkout2_buf/O
                         net (fo=17714, routed)       1.254    -0.951    design_1_i/modem_0/inst/modem_rx/axis_data_fifo_fhy_defec_sub/inst/gen_fifo.xpm_fifo_axis_inst/xpm_fifo_base_inst/gen_cdc_pntr.wr_pntr_cdc_inst/dest_clk
    SLICE_X72Y116        FDRE                                         r  design_1_i/modem_0/inst/modem_rx/axis_data_fifo_fhy_defec_sub/inst/gen_fifo.xpm_fifo_axis_inst/xpm_fifo_base_inst/gen_cdc_pntr.wr_pntr_cdc_inst/dest_graysync_ff_reg[0][1]/C
                         clock pessimism             -0.834    -1.786    
    SLICE_X72Y116        FDRE (Setup_fdre_C_D)       -0.093    -1.879    design_1_i/modem_0/inst/modem_rx/axis_data_fifo_fhy_defec_sub/inst/gen_fifo.xpm_fifo_axis_inst/xpm_fifo_base_inst/gen_cdc_pntr.wr_pntr_cdc_inst/dest_graysync_ff_reg[0][1]
  -------------------------------------------------------------------
                         data arrival                          -1.008    
                         clock arrival                         -1.879    
  -------------------------------------------------------------------
                         relative delay                         0.871    

Reference path:
    Location             Delay type                Incr(ns)  Path(ns)    Netlist Resource(s)
  -------------------------------------------------------------------    -------------------
                         (clock clk_out1_design_1_clk_wiz_0_0 rise edge)
                                                      0.000     0.000 r  
    F22                                               0.000     0.000 r  FPGA_REF_40MHZ (IN)
                         net (fo=0)                   0.000     0.000    design_1_i/CLK_AXI/ibuf_0/inst/in_ref
    F22                  IBUF (Prop_ibuf_I_O)         1.436     1.436 r  design_1_i/CLK_AXI/ibuf_0/inst/IBUF_inst/O
                         net (fo=2, routed)           0.986     2.422    design_1_i/AD9361_CTRL/ad9361_clk/clk_DSP/inst/clk_in1
    MMCME2_ADV_X0Y2      MMCME2_ADV (Prop_mmcme2_adv_CLKIN1_CLKOUT0)
                                                     -6.398    -3.976 r  design_1_i/AD9361_CTRL/ad9361_clk/clk_DSP/inst/mmcm_adv_inst/CLKOUT0
                         net (fo=1, routed)           1.686    -2.290    design_1_i/AD9361_CTRL/ad9361_clk/clk_DSP/inst/sample_rate_30_72_design_1_clk_DSP_0
    BUFGCTRL_X0Y0        BUFG (Prop_bufg_I_O)         0.083    -2.207 r  design_1_i/AD9361_CTRL/ad9361_clk/clk_DSP/inst/clkout1_buf/O
                         net (fo=29668, routed)       1.530    -0.677    design_1_i/clk_wiz_0/inst/clk_in1
    PLLE2_ADV_X0Y6       PLLE2_ADV (Prop_plle2_adv_CLKIN1_CLKOUT0)
                                                     -3.394    -4.071 r  design_1_i/clk_wiz_0/inst/plle2_adv_inst/CLKOUT0
                         net (fo=1, routed)           1.783    -2.288    design_1_i/clk_wiz_0/inst/clk_out1_design_1_clk_wiz_0_0
    BUFGCTRL_X0Y19       BUFG (Prop_bufg_I_O)         0.083    -2.205 r  design_1_i/clk_wiz_0/inst/clkout1_buf/O
                         net (fo=1750, routed)        1.254    -0.951    design_1_i/modem_0/inst/modem_rx/axis_data_fifo_fhy_defec_sub/inst/gen_fifo.xpm_fifo_axis_inst/xpm_fifo_base_inst/gen_cdc_pntr.wr_pntr_cdc_inst/src_clk
    SLICE_X73Y116        FDRE                                         r  design_1_i/modem_0/inst/modem_rx/axis_data_fifo_fhy_defec_sub/inst/gen_fifo.xpm_fifo_axis_inst/xpm_fifo_base_inst/gen_cdc_pntr.wr_pntr_cdc_inst/src_gray_ff_reg[2]/C
  -------------------------------------------------------------------    -------------------
    SLICE_X73Y116        FDRE (Prop_fdre_C_Q)         0.178    -0.773 r  design_1_i/modem_0/inst/modem_rx/axis_data_fifo_fhy_defec_sub/inst/gen_fifo.xpm_fifo_axis_inst/xpm_fifo_base_inst/gen_cdc_pntr.wr_pntr_cdc_inst/src_gray_ff_reg[2]/Q
                         net (fo=1, routed)           0.229    -0.544    design_1_i/modem_0/inst/modem_rx/axis_data_fifo_fhy_defec_sub/inst/gen_fifo.xpm_fifo_axis_inst/xpm_fifo_base_inst/gen_cdc_pntr.wr_pntr_cdc_inst/async_path[2]
    SLICE_X73Y115        FDRE                                         r  design_1_i/modem_0/inst/modem_rx/axis_data_fifo_fhy_defec_sub/inst/gen_fifo.xpm_fifo_axis_inst/xpm_fifo_base_inst/gen_cdc_pntr.wr_pntr_cdc_inst/dest_graysync_ff_reg[0][2]/D
  -------------------------------------------------------------------    -------------------

                         (clock clk_out2_design_1_clk_wiz_0_0 rise edge)
                                                      0.000     0.000 r  
    F22                                               0.000     0.000 r  FPGA_REF_40MHZ (IN)
                         net (fo=0)                   0.000     0.000    design_1_i/CLK_AXI/ibuf_0/inst/in_ref
    F22                  IBUF (Prop_ibuf_I_O)         1.568     1.568 r  design_1_i/CLK_AXI/ibuf_0/inst/IBUF_inst/O
                         net (fo=2, routed)           1.081     2.649    design_1_i/AD9361_CTRL/ad9361_clk/clk_DSP/inst/clk_in1
    MMCME2_ADV_X0Y2      MMCME2_ADV (Prop_mmcme2_adv_CLKIN1_CLKOUT0)
                                                     -7.424    -4.775 r  design_1_i/AD9361_CTRL/ad9361_clk/clk_DSP/inst/mmcm_adv_inst/CLKOUT0
                         net (fo=1, routed)           1.804    -2.971    design_1_i/AD9361_CTRL/ad9361_clk/clk_DSP/inst/sample_rate_30_72_design_1_clk_DSP_0
    BUFGCTRL_X0Y0        BUFG (Prop_bufg_I_O)         0.093    -2.878 r  design_1_i/AD9361_CTRL/ad9361_clk/clk_DSP/inst/clkout1_buf/O
                         net (fo=29668, routed)       1.754    -1.124    design_1_i/clk_wiz_0/inst/clk_in1
    PLLE2_ADV_X0Y6       PLLE2_ADV (Prop_plle2_adv_CLKIN1_CLKOUT1)
                                                     -3.782    -4.906 r  design_1_i/clk_wiz_0/inst/plle2_adv_inst/CLKOUT1
                         net (fo=1, routed)           1.937    -2.969    design_1_i/clk_wiz_0/inst/clk_out2_design_1_clk_wiz_0_0
    BUFGCTRL_X0Y18       BUFG (Prop_bufg_I_O)         0.093    -2.876 r  design_1_i/clk_wiz_0/inst/clkout2_buf/O
                         net (fo=17714, routed)       1.386    -1.490    design_1_i/modem_0/inst/modem_rx/axis_data_fifo_fhy_defec_sub/inst/gen_fifo.xpm_fifo_axis_inst/xpm_fifo_base_inst/gen_cdc_pntr.wr_pntr_cdc_inst/dest_clk
    SLICE_X73Y115        FDRE                                         r  design_1_i/modem_0/inst/modem_rx/axis_data_fifo_fhy_defec_sub/inst/gen_fifo.xpm_fifo_axis_inst/xpm_fifo_base_inst/gen_cdc_pntr.wr_pntr_cdc_inst/dest_graysync_ff_reg[0][2]/C
                         clock pessimism              0.834    -0.655    
    SLICE_X73Y115        FDRE (Hold_fdre_C_D)         0.118    -0.537    design_1_i/modem_0/inst/modem_rx/axis_data_fifo_fhy_defec_sub/inst/gen_fifo.xpm_fifo_axis_inst/xpm_fifo_base_inst/gen_cdc_pntr.wr_pntr_cdc_inst/dest_graysync_ff_reg[0][2]
  -------------------------------------------------------------------
                         data arrival                          -0.544    
                         clock arrival                         -0.537    
  -------------------------------------------------------------------
                         relative delay                        -0.007    



Id: 19
set_bus_skew -from [get_cells [list {dbg_hub/inst/BSCANID.u_xsdbm_id/CORE_XSDB.UUT_MASTER/U_ICON_INTERFACE/U_CMD6_RD/U_RD_FIFO/SUBCORE_FIFO.xsdbm_v3_0_0_rdfifo_inst/inst_fifo_gen/gconvfifo.rf/grf.rf/gntv_or_sync_fifo.gcx.clkx/gnxpm_cdc.rd_pntr_gc_reg[0]} {dbg_hub/inst/BSCANID.u_xsdbm_id/CORE_XSDB.UUT_MASTER/U_ICON_INTERFACE/U_CMD6_RD/U_RD_FIFO/SUBCORE_FIFO.xsdbm_v3_0_0_rdfifo_inst/inst_fifo_gen/gconvfifo.rf/grf.rf/gntv_or_sync_fifo.gcx.clkx/gnxpm_cdc.rd_pntr_gc_reg[1]} {dbg_hub/inst/BSCANID.u_xsdbm_id/CORE_XSDB.UUT_MASTER/U_ICON_INTERFACE/U_CMD6_RD/U_RD_FIFO/SUBCORE_FIFO.xsdbm_v3_0_0_rdfifo_inst/inst_fifo_gen/gconvfifo.rf/grf.rf/gntv_or_sync_fifo.gcx.clkx/gnxpm_cdc.rd_pntr_gc_reg[2]} {dbg_hub/inst/BSCANID.u_xsdbm_id/CORE_XSDB.UUT_MASTER/U_ICON_INTERFACE/U_CMD6_RD/U_RD_FIFO/SUBCORE_FIFO.xsdbm_v3_0_0_rdfifo_inst/inst_fifo_gen/gconvfifo.rf/grf.rf/gntv_or_sync_fifo.gcx.clkx/gnxpm_cdc.rd_pntr_gc_reg[3]}]] -to [get_cells [list {dbg_hub/inst/BSCANID.u_xsdbm_id/CORE_XSDB.UUT_MASTER/U_ICON_INTERFACE/U_CMD6_RD/U_RD_FIFO/SUBCORE_FIFO.xsdbm_v3_0_0_rdfifo_inst/inst_fifo_gen/gconvfifo.rf/grf.rf/gntv_or_sync_fifo.gcx.clkx/gnxpm_cdc.gsync_stage[1].wr_stg_inst/Q_reg_reg[0]} {dbg_hub/inst/BSCANID.u_xsdbm_id/CORE_XSDB.UUT_MASTER/U_ICON_INTERFACE/U_CMD6_RD/U_RD_FIFO/SUBCORE_FIFO.xsdbm_v3_0_0_rdfifo_inst/inst_fifo_gen/gconvfifo.rf/grf.rf/gntv_or_sync_fifo.gcx.clkx/gnxpm_cdc.gsync_stage[1].wr_stg_inst/Q_reg_reg[1]} {dbg_hub/inst/BSCANID.u_xsdbm_id/CORE_XSDB.UUT_MASTER/U_ICON_INTERFACE/U_CMD6_RD/U_RD_FIFO/SUBCORE_FIFO.xsdbm_v3_0_0_rdfifo_inst/inst_fifo_gen/gconvfifo.rf/grf.rf/gntv_or_sync_fifo.gcx.clkx/gnxpm_cdc.gsync_stage[1].wr_stg_inst/Q_reg_reg[2]} {dbg_hub/inst/BSCANID.u_xsdbm_id/CORE_XSDB.UUT_MASTER/U_ICON_INTERFACE/U_CMD6_RD/U_RD_FIFO/SUBCORE_FIFO.xsdbm_v3_0_0_rdfifo_inst/inst_fifo_gen/gconvfifo.rf/grf.rf/gntv_or_sync_fifo.gcx.clkx/gnxpm_cdc.gsync_stage[1].wr_stg_inst/Q_reg_reg[3]}]] 32.552
Requirement: 32.552ns
Endpoints: 4

From Clock            To Clock              Endpoint Pin                    Reference Pin                   Corner  Actual(ns)  Slack(ns)
--------------------  --------------------  ------------------------------  ------------------------------  ------  ----------  ---------
dbg_hub/inst/BSCANID.u_xsdbm_id/SWITCH_N_EXT_BSCAN.bscan_inst/SERIES7_BSCAN.bscan_inst/TCK
                      sample_rate_30_72_design_1_clk_DSP_0
                                            dbg_hub/inst/BSCANID.u_xsdbm_id/CORE_XSDB.UUT_MASTER/U_ICON_INTERFACE/U_CMD6_RD/U_RD_FIFO/SUBCORE_FIFO.xsdbm_v3_0_0_rdfifo_inst/inst_fifo_gen/gconvfifo.rf/grf.rf/gntv_or_sync_fifo.gcx.clkx/gnxpm_cdc.gsync_stage[1].wr_stg_inst/Q_reg_reg[3]/D
                                                                            dbg_hub/inst/BSCANID.u_xsdbm_id/CORE_XSDB.UUT_MASTER/U_ICON_INTERFACE/U_CMD6_RD/U_RD_FIFO/SUBCORE_FIFO.xsdbm_v3_0_0_rdfifo_inst/inst_fifo_gen/gconvfifo.rf/grf.rf/gntv_or_sync_fifo.gcx.clkx/gnxpm_cdc.gsync_stage[1].wr_stg_inst/Q_reg_reg[1]/D
                                                                                                            Slow         0.693     31.859


Slack (MET) :             31.859ns  (requirement - actual skew)
  Endpoint Source:        dbg_hub/inst/BSCANID.u_xsdbm_id/CORE_XSDB.UUT_MASTER/U_ICON_INTERFACE/U_CMD6_RD/U_RD_FIFO/SUBCORE_FIFO.xsdbm_v3_0_0_rdfifo_inst/inst_fifo_gen/gconvfifo.rf/grf.rf/gntv_or_sync_fifo.gcx.clkx/gnxpm_cdc.rd_pntr_gc_reg[3]/C
                            (rising edge-triggered cell FDCE clocked by dbg_hub/inst/BSCANID.u_xsdbm_id/SWITCH_N_EXT_BSCAN.bscan_inst/SERIES7_BSCAN.bscan_inst/TCK)
  Endpoint Destination:   dbg_hub/inst/BSCANID.u_xsdbm_id/CORE_XSDB.UUT_MASTER/U_ICON_INTERFACE/U_CMD6_RD/U_RD_FIFO/SUBCORE_FIFO.xsdbm_v3_0_0_rdfifo_inst/inst_fifo_gen/gconvfifo.rf/grf.rf/gntv_or_sync_fifo.gcx.clkx/gnxpm_cdc.gsync_stage[1].wr_stg_inst/Q_reg_reg[3]/D
                            (rising edge-triggered cell FDCE clocked by sample_rate_30_72_design_1_clk_DSP_0)
  Reference Source:       dbg_hub/inst/BSCANID.u_xsdbm_id/CORE_XSDB.UUT_MASTER/U_ICON_INTERFACE/U_CMD6_RD/U_RD_FIFO/SUBCORE_FIFO.xsdbm_v3_0_0_rdfifo_inst/inst_fifo_gen/gconvfifo.rf/grf.rf/gntv_or_sync_fifo.gcx.clkx/gnxpm_cdc.rd_pntr_gc_reg[1]/C
                            (rising edge-triggered cell FDCE clocked by dbg_hub/inst/BSCANID.u_xsdbm_id/SWITCH_N_EXT_BSCAN.bscan_inst/SERIES7_BSCAN.bscan_inst/TCK)
  Reference Destination:  dbg_hub/inst/BSCANID.u_xsdbm_id/CORE_XSDB.UUT_MASTER/U_ICON_INTERFACE/U_CMD6_RD/U_RD_FIFO/SUBCORE_FIFO.xsdbm_v3_0_0_rdfifo_inst/inst_fifo_gen/gconvfifo.rf/grf.rf/gntv_or_sync_fifo.gcx.clkx/gnxpm_cdc.gsync_stage[1].wr_stg_inst/Q_reg_reg[1]/D
                            (rising edge-triggered cell FDCE clocked by sample_rate_30_72_design_1_clk_DSP_0)
  Path Type:              Bus Skew (Max at Slow Process Corner)
  Requirement:            32.552ns
  Endpoint Relative Delay:    5.936ns
  Reference Relative Delay:   5.526ns
  Relative CRPR:              0.027ns
  Uncertainty:                0.310ns
  Actual Bus Skew:            0.693ns  (Endpoint Relative Delay - Reference Relative Delay - Relative CRPR + Uncertainty)

Endpoint path:
    Location             Delay type                Incr(ns)  Path(ns)    Netlist Resource(s)
  -------------------------------------------------------------------    -------------------
                         (clock dbg_hub/inst/BSCANID.u_xsdbm_id/SWITCH_N_EXT_BSCAN.bscan_inst/SERIES7_BSCAN.bscan_inst/TCK rise edge)
                                                      0.000     0.000 r  
    BSCAN_X0Y0           BSCANE2                      0.000     0.000 r  dbg_hub/inst/BSCANID.u_xsdbm_id/SWITCH_N_EXT_BSCAN.bscan_inst/SERIES7_BSCAN.bscan_inst/TCK
                         net (fo=1, routed)           2.846     2.846    dbg_hub/inst/BSCANID.u_xsdbm_id/tck_bs
    BUFGCTRL_X0Y6        BUFG (Prop_bufg_I_O)         0.093     2.939 r  dbg_hub/inst/BSCANID.u_xsdbm_id/SWITCH_N_EXT_BSCAN.u_bufg_icon_tck/O
                         net (fo=482, routed)         1.732     4.671    dbg_hub/inst/BSCANID.u_xsdbm_id/CORE_XSDB.UUT_MASTER/U_ICON_INTERFACE/U_CMD6_RD/U_RD_FIFO/SUBCORE_FIFO.xsdbm_v3_0_0_rdfifo_inst/inst_fifo_gen/gconvfifo.rf/grf.rf/gntv_or_sync_fifo.gcx.clkx/rd_clk
    SLICE_X69Y36         FDCE                                         r  dbg_hub/inst/BSCANID.u_xsdbm_id/CORE_XSDB.UUT_MASTER/U_ICON_INTERFACE/U_CMD6_RD/U_RD_FIFO/SUBCORE_FIFO.xsdbm_v3_0_0_rdfifo_inst/inst_fifo_gen/gconvfifo.rf/grf.rf/gntv_or_sync_fifo.gcx.clkx/gnxpm_cdc.rd_pntr_gc_reg[3]/C
  -------------------------------------------------------------------    -------------------
    SLICE_X69Y36         FDCE (Prop_fdce_C_Q)         0.204     4.875 r  dbg_hub/inst/BSCANID.u_xsdbm_id/CORE_XSDB.UUT_MASTER/U_ICON_INTERFACE/U_CMD6_RD/U_RD_FIFO/SUBCORE_FIFO.xsdbm_v3_0_0_rdfifo_inst/inst_fifo_gen/gconvfifo.rf/grf.rf/gntv_or_sync_fifo.gcx.clkx/gnxpm_cdc.rd_pntr_gc_reg[3]/Q
                         net (fo=1, routed)           0.359     5.234    dbg_hub/inst/BSCANID.u_xsdbm_id/CORE_XSDB.UUT_MASTER/U_ICON_INTERFACE/U_CMD6_RD/U_RD_FIFO/SUBCORE_FIFO.xsdbm_v3_0_0_rdfifo_inst/inst_fifo_gen/gconvfifo.rf/grf.rf/gntv_or_sync_fifo.gcx.clkx/gnxpm_cdc.gsync_stage[1].wr_stg_inst/Q[3]
    SLICE_X68Y36         FDCE                                         r  dbg_hub/inst/BSCANID.u_xsdbm_id/CORE_XSDB.UUT_MASTER/U_ICON_INTERFACE/U_CMD6_RD/U_RD_FIFO/SUBCORE_FIFO.xsdbm_v3_0_0_rdfifo_inst/inst_fifo_gen/gconvfifo.rf/grf.rf/gntv_or_sync_fifo.gcx.clkx/gnxpm_cdc.gsync_stage[1].wr_stg_inst/Q_reg_reg[3]/D
  -------------------------------------------------------------------    -------------------

                         (clock sample_rate_30_72_design_1_clk_DSP_0 rise edge)
                                                      0.000     0.000 r  
    F22                                               0.000     0.000 r  FPGA_REF_40MHZ (IN)
                         net (fo=0)                   0.000     0.000    design_1_i/CLK_AXI/ibuf_0/inst/in_ref
    F22                  IBUF (Prop_ibuf_I_O)         1.436     1.436 r  design_1_i/CLK_AXI/ibuf_0/inst/IBUF_inst/O
                         net (fo=2, routed)           0.986     2.422    design_1_i/AD9361_CTRL/ad9361_clk/clk_DSP/inst/clk_in1
    MMCME2_ADV_X0Y2      MMCME2_ADV (Prop_mmcme2_adv_CLKIN1_CLKOUT0)
                                                     -6.398    -3.976 r  design_1_i/AD9361_CTRL/ad9361_clk/clk_DSP/inst/mmcm_adv_inst/CLKOUT0
                         net (fo=1, routed)           1.686    -2.290    design_1_i/AD9361_CTRL/ad9361_clk/clk_DSP/inst/sample_rate_30_72_design_1_clk_DSP_0
    BUFGCTRL_X0Y0        BUFG (Prop_bufg_I_O)         0.083    -2.207 r  design_1_i/AD9361_CTRL/ad9361_clk/clk_DSP/inst/clkout1_buf/O
                         net (fo=29668, routed)       1.595    -0.612    dbg_hub/inst/BSCANID.u_xsdbm_id/CORE_XSDB.UUT_MASTER/U_ICON_INTERFACE/U_CMD6_RD/U_RD_FIFO/SUBCORE_FIFO.xsdbm_v3_0_0_rdfifo_inst/inst_fifo_gen/gconvfifo.rf/grf.rf/gntv_or_sync_fifo.gcx.clkx/gnxpm_cdc.gsync_stage[1].wr_stg_inst/wr_clk
    SLICE_X68Y36         FDCE                                         r  dbg_hub/inst/BSCANID.u_xsdbm_id/CORE_XSDB.UUT_MASTER/U_ICON_INTERFACE/U_CMD6_RD/U_RD_FIFO/SUBCORE_FIFO.xsdbm_v3_0_0_rdfifo_inst/inst_fifo_gen/gconvfifo.rf/grf.rf/gntv_or_sync_fifo.gcx.clkx/gnxpm_cdc.gsync_stage[1].wr_stg_inst/Q_reg_reg[3]/C
                         clock pessimism              0.000    -0.612    
    SLICE_X68Y36         FDCE (Setup_fdce_C_D)       -0.090    -0.702    dbg_hub/inst/BSCANID.u_xsdbm_id/CORE_XSDB.UUT_MASTER/U_ICON_INTERFACE/U_CMD6_RD/U_RD_FIFO/SUBCORE_FIFO.xsdbm_v3_0_0_rdfifo_inst/inst_fifo_gen/gconvfifo.rf/grf.rf/gntv_or_sync_fifo.gcx.clkx/gnxpm_cdc.gsync_stage[1].wr_stg_inst/Q_reg_reg[3]
  -------------------------------------------------------------------
                         data arrival                           5.234    
                         clock arrival                         -0.702    
  -------------------------------------------------------------------
                         relative delay                         5.936    

Reference path:
    Location             Delay type                Incr(ns)  Path(ns)    Netlist Resource(s)
  -------------------------------------------------------------------    -------------------
                         (clock dbg_hub/inst/BSCANID.u_xsdbm_id/SWITCH_N_EXT_BSCAN.bscan_inst/SERIES7_BSCAN.bscan_inst/TCK rise edge)
                                                      0.000     0.000 r  
    BSCAN_X0Y0           BSCANE2                      0.000     0.000 r  dbg_hub/inst/BSCANID.u_xsdbm_id/SWITCH_N_EXT_BSCAN.bscan_inst/SERIES7_BSCAN.bscan_inst/TCK
                         net (fo=1, routed)           2.409     2.409    dbg_hub/inst/BSCANID.u_xsdbm_id/tck_bs
    BUFGCTRL_X0Y6        BUFG (Prop_bufg_I_O)         0.083     2.492 r  dbg_hub/inst/BSCANID.u_xsdbm_id/SWITCH_N_EXT_BSCAN.u_bufg_icon_tck/O
                         net (fo=482, routed)         1.595     4.087    dbg_hub/inst/BSCANID.u_xsdbm_id/CORE_XSDB.UUT_MASTER/U_ICON_INTERFACE/U_CMD6_RD/U_RD_FIFO/SUBCORE_FIFO.xsdbm_v3_0_0_rdfifo_inst/inst_fifo_gen/gconvfifo.rf/grf.rf/gntv_or_sync_fifo.gcx.clkx/rd_clk
    SLICE_X69Y36         FDCE                                         r  dbg_hub/inst/BSCANID.u_xsdbm_id/CORE_XSDB.UUT_MASTER/U_ICON_INTERFACE/U_CMD6_RD/U_RD_FIFO/SUBCORE_FIFO.xsdbm_v3_0_0_rdfifo_inst/inst_fifo_gen/gconvfifo.rf/grf.rf/gntv_or_sync_fifo.gcx.clkx/gnxpm_cdc.rd_pntr_gc_reg[1]/C
  -------------------------------------------------------------------    -------------------
    SLICE_X69Y36         FDCE (Prop_fdce_C_Q)         0.178     4.265 r  dbg_hub/inst/BSCANID.u_xsdbm_id/CORE_XSDB.UUT_MASTER/U_ICON_INTERFACE/U_CMD6_RD/U_RD_FIFO/SUBCORE_FIFO.xsdbm_v3_0_0_rdfifo_inst/inst_fifo_gen/gconvfifo.rf/grf.rf/gntv_or_sync_fifo.gcx.clkx/gnxpm_cdc.rd_pntr_gc_reg[1]/Q
                         net (fo=1, routed)           0.230     4.495    dbg_hub/inst/BSCANID.u_xsdbm_id/CORE_XSDB.UUT_MASTER/U_ICON_INTERFACE/U_CMD6_RD/U_RD_FIFO/SUBCORE_FIFO.xsdbm_v3_0_0_rdfifo_inst/inst_fifo_gen/gconvfifo.rf/grf.rf/gntv_or_sync_fifo.gcx.clkx/gnxpm_cdc.gsync_stage[1].wr_stg_inst/Q[1]
    SLICE_X69Y35         FDCE                                         r  dbg_hub/inst/BSCANID.u_xsdbm_id/CORE_XSDB.UUT_MASTER/U_ICON_INTERFACE/U_CMD6_RD/U_RD_FIFO/SUBCORE_FIFO.xsdbm_v3_0_0_rdfifo_inst/inst_fifo_gen/gconvfifo.rf/grf.rf/gntv_or_sync_fifo.gcx.clkx/gnxpm_cdc.gsync_stage[1].wr_stg_inst/Q_reg_reg[1]/D
  -------------------------------------------------------------------    -------------------

                         (clock sample_rate_30_72_design_1_clk_DSP_0 rise edge)
                                                      0.000     0.000 r  
    F22                                               0.000     0.000 r  FPGA_REF_40MHZ (IN)
                         net (fo=0)                   0.000     0.000    design_1_i/CLK_AXI/ibuf_0/inst/in_ref
    F22                  IBUF (Prop_ibuf_I_O)         1.568     1.568 r  design_1_i/CLK_AXI/ibuf_0/inst/IBUF_inst/O
                         net (fo=2, routed)           1.081     2.649    design_1_i/AD9361_CTRL/ad9361_clk/clk_DSP/inst/clk_in1
    MMCME2_ADV_X0Y2      MMCME2_ADV (Prop_mmcme2_adv_CLKIN1_CLKOUT0)
                                                     -7.424    -4.775 r  design_1_i/AD9361_CTRL/ad9361_clk/clk_DSP/inst/mmcm_adv_inst/CLKOUT0
                         net (fo=1, routed)           1.804    -2.971    design_1_i/AD9361_CTRL/ad9361_clk/clk_DSP/inst/sample_rate_30_72_design_1_clk_DSP_0
    BUFGCTRL_X0Y0        BUFG (Prop_bufg_I_O)         0.093    -2.878 r  design_1_i/AD9361_CTRL/ad9361_clk/clk_DSP/inst/clkout1_buf/O
                         net (fo=29668, routed)       1.730    -1.148    dbg_hub/inst/BSCANID.u_xsdbm_id/CORE_XSDB.UUT_MASTER/U_ICON_INTERFACE/U_CMD6_RD/U_RD_FIFO/SUBCORE_FIFO.xsdbm_v3_0_0_rdfifo_inst/inst_fifo_gen/gconvfifo.rf/grf.rf/gntv_or_sync_fifo.gcx.clkx/gnxpm_cdc.gsync_stage[1].wr_stg_inst/wr_clk
    SLICE_X69Y35         FDCE                                         r  dbg_hub/inst/BSCANID.u_xsdbm_id/CORE_XSDB.UUT_MASTER/U_ICON_INTERFACE/U_CMD6_RD/U_RD_FIFO/SUBCORE_FIFO.xsdbm_v3_0_0_rdfifo_inst/inst_fifo_gen/gconvfifo.rf/grf.rf/gntv_or_sync_fifo.gcx.clkx/gnxpm_cdc.gsync_stage[1].wr_stg_inst/Q_reg_reg[1]/C
                         clock pessimism              0.000    -1.148    
    SLICE_X69Y35         FDCE (Hold_fdce_C_D)         0.117    -1.031    dbg_hub/inst/BSCANID.u_xsdbm_id/CORE_XSDB.UUT_MASTER/U_ICON_INTERFACE/U_CMD6_RD/U_RD_FIFO/SUBCORE_FIFO.xsdbm_v3_0_0_rdfifo_inst/inst_fifo_gen/gconvfifo.rf/grf.rf/gntv_or_sync_fifo.gcx.clkx/gnxpm_cdc.gsync_stage[1].wr_stg_inst/Q_reg_reg[1]
  -------------------------------------------------------------------
                         data arrival                           4.495    
                         clock arrival                         -1.031    
  -------------------------------------------------------------------
                         relative delay                         5.526    



Id: 20
set_bus_skew -from [get_cells [list {dbg_hub/inst/BSCANID.u_xsdbm_id/CORE_XSDB.UUT_MASTER/U_ICON_INTERFACE/U_CMD6_RD/U_RD_FIFO/SUBCORE_FIFO.xsdbm_v3_0_0_rdfifo_inst/inst_fifo_gen/gconvfifo.rf/grf.rf/gntv_or_sync_fifo.gcx.clkx/gnxpm_cdc.wr_pntr_gc_reg[0]} {dbg_hub/inst/BSCANID.u_xsdbm_id/CORE_XSDB.UUT_MASTER/U_ICON_INTERFACE/U_CMD6_RD/U_RD_FIFO/SUBCORE_FIFO.xsdbm_v3_0_0_rdfifo_inst/inst_fifo_gen/gconvfifo.rf/grf.rf/gntv_or_sync_fifo.gcx.clkx/gnxpm_cdc.wr_pntr_gc_reg[1]} {dbg_hub/inst/BSCANID.u_xsdbm_id/CORE_XSDB.UUT_MASTER/U_ICON_INTERFACE/U_CMD6_RD/U_RD_FIFO/SUBCORE_FIFO.xsdbm_v3_0_0_rdfifo_inst/inst_fifo_gen/gconvfifo.rf/grf.rf/gntv_or_sync_fifo.gcx.clkx/gnxpm_cdc.wr_pntr_gc_reg[2]} {dbg_hub/inst/BSCANID.u_xsdbm_id/CORE_XSDB.UUT_MASTER/U_ICON_INTERFACE/U_CMD6_RD/U_RD_FIFO/SUBCORE_FIFO.xsdbm_v3_0_0_rdfifo_inst/inst_fifo_gen/gconvfifo.rf/grf.rf/gntv_or_sync_fifo.gcx.clkx/gnxpm_cdc.wr_pntr_gc_reg[3]}]] -to [get_cells [list {dbg_hub/inst/BSCANID.u_xsdbm_id/CORE_XSDB.UUT_MASTER/U_ICON_INTERFACE/U_CMD6_RD/U_RD_FIFO/SUBCORE_FIFO.xsdbm_v3_0_0_rdfifo_inst/inst_fifo_gen/gconvfifo.rf/grf.rf/gntv_or_sync_fifo.gcx.clkx/gnxpm_cdc.gsync_stage[1].rd_stg_inst/Q_reg_reg[0]} {dbg_hub/inst/BSCANID.u_xsdbm_id/CORE_XSDB.UUT_MASTER/U_ICON_INTERFACE/U_CMD6_RD/U_RD_FIFO/SUBCORE_FIFO.xsdbm_v3_0_0_rdfifo_inst/inst_fifo_gen/gconvfifo.rf/grf.rf/gntv_or_sync_fifo.gcx.clkx/gnxpm_cdc.gsync_stage[1].rd_stg_inst/Q_reg_reg[1]} {dbg_hub/inst/BSCANID.u_xsdbm_id/CORE_XSDB.UUT_MASTER/U_ICON_INTERFACE/U_CMD6_RD/U_RD_FIFO/SUBCORE_FIFO.xsdbm_v3_0_0_rdfifo_inst/inst_fifo_gen/gconvfifo.rf/grf.rf/gntv_or_sync_fifo.gcx.clkx/gnxpm_cdc.gsync_stage[1].rd_stg_inst/Q_reg_reg[2]} {dbg_hub/inst/BSCANID.u_xsdbm_id/CORE_XSDB.UUT_MASTER/U_ICON_INTERFACE/U_CMD6_RD/U_RD_FIFO/SUBCORE_FIFO.xsdbm_v3_0_0_rdfifo_inst/inst_fifo_gen/gconvfifo.rf/grf.rf/gntv_or_sync_fifo.gcx.clkx/gnxpm_cdc.gsync_stage[1].rd_stg_inst/Q_reg_reg[3]}]] 32.552
Requirement: 32.552ns
Endpoints: 4

From Clock            To Clock              Endpoint Pin                    Reference Pin                   Corner  Actual(ns)  Slack(ns)
--------------------  --------------------  ------------------------------  ------------------------------  ------  ----------  ---------
sample_rate_30_72_design_1_clk_DSP_0
                      dbg_hub/inst/BSCANID.u_xsdbm_id/SWITCH_N_EXT_BSCAN.bscan_inst/SERIES7_BSCAN.bscan_inst/TCK
                                            dbg_hub/inst/BSCANID.u_xsdbm_id/CORE_XSDB.UUT_MASTER/U_ICON_INTERFACE/U_CMD6_RD/U_RD_FIFO/SUBCORE_FIFO.xsdbm_v3_0_0_rdfifo_inst/inst_fifo_gen/gconvfifo.rf/grf.rf/gntv_or_sync_fifo.gcx.clkx/gnxpm_cdc.gsync_stage[1].rd_stg_inst/Q_reg_reg[2]/D
                                                                            dbg_hub/inst/BSCANID.u_xsdbm_id/CORE_XSDB.UUT_MASTER/U_ICON_INTERFACE/U_CMD6_RD/U_RD_FIFO/SUBCORE_FIFO.xsdbm_v3_0_0_rdfifo_inst/inst_fifo_gen/gconvfifo.rf/grf.rf/gntv_or_sync_fifo.gcx.clkx/gnxpm_cdc.gsync_stage[1].rd_stg_inst/Q_reg_reg[3]/D
                                                                                                            Slow         0.790     31.762


Slack (MET) :             31.762ns  (requirement - actual skew)
  Endpoint Source:        dbg_hub/inst/BSCANID.u_xsdbm_id/CORE_XSDB.UUT_MASTER/U_ICON_INTERFACE/U_CMD6_RD/U_RD_FIFO/SUBCORE_FIFO.xsdbm_v3_0_0_rdfifo_inst/inst_fifo_gen/gconvfifo.rf/grf.rf/gntv_or_sync_fifo.gcx.clkx/gnxpm_cdc.wr_pntr_gc_reg[2]/C
                            (rising edge-triggered cell FDCE clocked by sample_rate_30_72_design_1_clk_DSP_0)
  Endpoint Destination:   dbg_hub/inst/BSCANID.u_xsdbm_id/CORE_XSDB.UUT_MASTER/U_ICON_INTERFACE/U_CMD6_RD/U_RD_FIFO/SUBCORE_FIFO.xsdbm_v3_0_0_rdfifo_inst/inst_fifo_gen/gconvfifo.rf/grf.rf/gntv_or_sync_fifo.gcx.clkx/gnxpm_cdc.gsync_stage[1].rd_stg_inst/Q_reg_reg[2]/D
                            (rising edge-triggered cell FDCE clocked by dbg_hub/inst/BSCANID.u_xsdbm_id/SWITCH_N_EXT_BSCAN.bscan_inst/SERIES7_BSCAN.bscan_inst/TCK)
  Reference Source:       dbg_hub/inst/BSCANID.u_xsdbm_id/CORE_XSDB.UUT_MASTER/U_ICON_INTERFACE/U_CMD6_RD/U_RD_FIFO/SUBCORE_FIFO.xsdbm_v3_0_0_rdfifo_inst/inst_fifo_gen/gconvfifo.rf/grf.rf/gntv_or_sync_fifo.gcx.clkx/gnxpm_cdc.wr_pntr_gc_reg[3]/C
                            (rising edge-triggered cell FDCE clocked by sample_rate_30_72_design_1_clk_DSP_0)
  Reference Destination:  dbg_hub/inst/BSCANID.u_xsdbm_id/CORE_XSDB.UUT_MASTER/U_ICON_INTERFACE/U_CMD6_RD/U_RD_FIFO/SUBCORE_FIFO.xsdbm_v3_0_0_rdfifo_inst/inst_fifo_gen/gconvfifo.rf/grf.rf/gntv_or_sync_fifo.gcx.clkx/gnxpm_cdc.gsync_stage[1].rd_stg_inst/Q_reg_reg[3]/D
                            (rising edge-triggered cell FDCE clocked by dbg_hub/inst/BSCANID.u_xsdbm_id/SWITCH_N_EXT_BSCAN.bscan_inst/SERIES7_BSCAN.bscan_inst/TCK)
  Path Type:              Bus Skew (Max at Slow Process Corner)
  Requirement:            32.552ns
  Endpoint Relative Delay:   -4.534ns
  Reference Relative Delay:  -4.996ns
  Relative CRPR:             -0.018ns
  Uncertainty:                0.310ns
  Actual Bus Skew:            0.790ns  (Endpoint Relative Delay - Reference Relative Delay - Relative CRPR + Uncertainty)

Endpoint path:
    Location             Delay type                Incr(ns)  Path(ns)    Netlist Resource(s)
  -------------------------------------------------------------------    -------------------
                         (clock sample_rate_30_72_design_1_clk_DSP_0 rise edge)
                                                      0.000     0.000 r  
    F22                                               0.000     0.000 r  FPGA_REF_40MHZ (IN)
                         net (fo=0)                   0.000     0.000    design_1_i/CLK_AXI/ibuf_0/inst/in_ref
    F22                  IBUF (Prop_ibuf_I_O)         1.568     1.568 r  design_1_i/CLK_AXI/ibuf_0/inst/IBUF_inst/O
                         net (fo=2, routed)           1.081     2.649    design_1_i/AD9361_CTRL/ad9361_clk/clk_DSP/inst/clk_in1
    MMCME2_ADV_X0Y2      MMCME2_ADV (Prop_mmcme2_adv_CLKIN1_CLKOUT0)
                                                     -7.424    -4.775 r  design_1_i/AD9361_CTRL/ad9361_clk/clk_DSP/inst/mmcm_adv_inst/CLKOUT0
                         net (fo=1, routed)           1.804    -2.971    design_1_i/AD9361_CTRL/ad9361_clk/clk_DSP/inst/sample_rate_30_72_design_1_clk_DSP_0
    BUFGCTRL_X0Y0        BUFG (Prop_bufg_I_O)         0.093    -2.878 r  design_1_i/AD9361_CTRL/ad9361_clk/clk_DSP/inst/clkout1_buf/O
                         net (fo=29668, routed)       1.731    -1.147    dbg_hub/inst/BSCANID.u_xsdbm_id/CORE_XSDB.UUT_MASTER/U_ICON_INTERFACE/U_CMD6_RD/U_RD_FIFO/SUBCORE_FIFO.xsdbm_v3_0_0_rdfifo_inst/inst_fifo_gen/gconvfifo.rf/grf.rf/gntv_or_sync_fifo.gcx.clkx/wr_clk
    SLICE_X70Y36         FDCE                                         r  dbg_hub/inst/BSCANID.u_xsdbm_id/CORE_XSDB.UUT_MASTER/U_ICON_INTERFACE/U_CMD6_RD/U_RD_FIFO/SUBCORE_FIFO.xsdbm_v3_0_0_rdfifo_inst/inst_fifo_gen/gconvfifo.rf/grf.rf/gntv_or_sync_fifo.gcx.clkx/gnxpm_cdc.wr_pntr_gc_reg[2]/C
  -------------------------------------------------------------------    -------------------
    SLICE_X70Y36         FDCE (Prop_fdce_C_Q)         0.236    -0.911 r  dbg_hub/inst/BSCANID.u_xsdbm_id/CORE_XSDB.UUT_MASTER/U_ICON_INTERFACE/U_CMD6_RD/U_RD_FIFO/SUBCORE_FIFO.xsdbm_v3_0_0_rdfifo_inst/inst_fifo_gen/gconvfifo.rf/grf.rf/gntv_or_sync_fifo.gcx.clkx/gnxpm_cdc.wr_pntr_gc_reg[2]/Q
                         net (fo=1, routed)           0.370    -0.541    dbg_hub/inst/BSCANID.u_xsdbm_id/CORE_XSDB.UUT_MASTER/U_ICON_INTERFACE/U_CMD6_RD/U_RD_FIFO/SUBCORE_FIFO.xsdbm_v3_0_0_rdfifo_inst/inst_fifo_gen/gconvfifo.rf/grf.rf/gntv_or_sync_fifo.gcx.clkx/gnxpm_cdc.gsync_stage[1].rd_stg_inst/Q[2]
    SLICE_X69Y36         FDCE                                         r  dbg_hub/inst/BSCANID.u_xsdbm_id/CORE_XSDB.UUT_MASTER/U_ICON_INTERFACE/U_CMD6_RD/U_RD_FIFO/SUBCORE_FIFO.xsdbm_v3_0_0_rdfifo_inst/inst_fifo_gen/gconvfifo.rf/grf.rf/gntv_or_sync_fifo.gcx.clkx/gnxpm_cdc.gsync_stage[1].rd_stg_inst/Q_reg_reg[2]/D
  -------------------------------------------------------------------    -------------------

                         (clock dbg_hub/inst/BSCANID.u_xsdbm_id/SWITCH_N_EXT_BSCAN.bscan_inst/SERIES7_BSCAN.bscan_inst/TCK rise edge)
                                                      0.000     0.000 r  
    BSCAN_X0Y0           BSCANE2                      0.000     0.000 r  dbg_hub/inst/BSCANID.u_xsdbm_id/SWITCH_N_EXT_BSCAN.bscan_inst/SERIES7_BSCAN.bscan_inst/TCK
                         net (fo=1, routed)           2.409     2.409    dbg_hub/inst/BSCANID.u_xsdbm_id/tck_bs
    BUFGCTRL_X0Y6        BUFG (Prop_bufg_I_O)         0.083     2.492 r  dbg_hub/inst/BSCANID.u_xsdbm_id/SWITCH_N_EXT_BSCAN.u_bufg_icon_tck/O
                         net (fo=482, routed)         1.595     4.087    dbg_hub/inst/BSCANID.u_xsdbm_id/CORE_XSDB.UUT_MASTER/U_ICON_INTERFACE/U_CMD6_RD/U_RD_FIFO/SUBCORE_FIFO.xsdbm_v3_0_0_rdfifo_inst/inst_fifo_gen/gconvfifo.rf/grf.rf/gntv_or_sync_fifo.gcx.clkx/gnxpm_cdc.gsync_stage[1].rd_stg_inst/rd_clk
    SLICE_X69Y36         FDCE                                         r  dbg_hub/inst/BSCANID.u_xsdbm_id/CORE_XSDB.UUT_MASTER/U_ICON_INTERFACE/U_CMD6_RD/U_RD_FIFO/SUBCORE_FIFO.xsdbm_v3_0_0_rdfifo_inst/inst_fifo_gen/gconvfifo.rf/grf.rf/gntv_or_sync_fifo.gcx.clkx/gnxpm_cdc.gsync_stage[1].rd_stg_inst/Q_reg_reg[2]/C
                         clock pessimism              0.000     4.087    
    SLICE_X69Y36         FDCE (Setup_fdce_C_D)       -0.093     3.994    dbg_hub/inst/BSCANID.u_xsdbm_id/CORE_XSDB.UUT_MASTER/U_ICON_INTERFACE/U_CMD6_RD/U_RD_FIFO/SUBCORE_FIFO.xsdbm_v3_0_0_rdfifo_inst/inst_fifo_gen/gconvfifo.rf/grf.rf/gntv_or_sync_fifo.gcx.clkx/gnxpm_cdc.gsync_stage[1].rd_stg_inst/Q_reg_reg[2]
  -------------------------------------------------------------------
                         data arrival                          -0.541    
                         clock arrival                          3.994    
  -------------------------------------------------------------------
                         relative delay                        -4.534    

Reference path:
    Location             Delay type                Incr(ns)  Path(ns)    Netlist Resource(s)
  -------------------------------------------------------------------    -------------------
                         (clock sample_rate_30_72_design_1_clk_DSP_0 rise edge)
                                                      0.000     0.000 r  
    F22                                               0.000     0.000 r  FPGA_REF_40MHZ (IN)
                         net (fo=0)                   0.000     0.000    design_1_i/CLK_AXI/ibuf_0/inst/in_ref
    F22                  IBUF (Prop_ibuf_I_O)         1.436     1.436 r  design_1_i/CLK_AXI/ibuf_0/inst/IBUF_inst/O
                         net (fo=2, routed)           0.986     2.422    design_1_i/AD9361_CTRL/ad9361_clk/clk_DSP/inst/clk_in1
    MMCME2_ADV_X0Y2      MMCME2_ADV (Prop_mmcme2_adv_CLKIN1_CLKOUT0)
                                                     -6.398    -3.976 r  design_1_i/AD9361_CTRL/ad9361_clk/clk_DSP/inst/mmcm_adv_inst/CLKOUT0
                         net (fo=1, routed)           1.686    -2.290    design_1_i/AD9361_CTRL/ad9361_clk/clk_DSP/inst/sample_rate_30_72_design_1_clk_DSP_0
    BUFGCTRL_X0Y0        BUFG (Prop_bufg_I_O)         0.083    -2.207 r  design_1_i/AD9361_CTRL/ad9361_clk/clk_DSP/inst/clkout1_buf/O
                         net (fo=29668, routed)       1.595    -0.612    dbg_hub/inst/BSCANID.u_xsdbm_id/CORE_XSDB.UUT_MASTER/U_ICON_INTERFACE/U_CMD6_RD/U_RD_FIFO/SUBCORE_FIFO.xsdbm_v3_0_0_rdfifo_inst/inst_fifo_gen/gconvfifo.rf/grf.rf/gntv_or_sync_fifo.gcx.clkx/wr_clk
    SLICE_X68Y36         FDCE                                         r  dbg_hub/inst/BSCANID.u_xsdbm_id/CORE_XSDB.UUT_MASTER/U_ICON_INTERFACE/U_CMD6_RD/U_RD_FIFO/SUBCORE_FIFO.xsdbm_v3_0_0_rdfifo_inst/inst_fifo_gen/gconvfifo.rf/grf.rf/gntv_or_sync_fifo.gcx.clkx/gnxpm_cdc.wr_pntr_gc_reg[3]/C
  -------------------------------------------------------------------    -------------------
    SLICE_X68Y36         FDCE (Prop_fdce_C_Q)         0.178    -0.434 r  dbg_hub/inst/BSCANID.u_xsdbm_id/CORE_XSDB.UUT_MASTER/U_ICON_INTERFACE/U_CMD6_RD/U_RD_FIFO/SUBCORE_FIFO.xsdbm_v3_0_0_rdfifo_inst/inst_fifo_gen/gconvfifo.rf/grf.rf/gntv_or_sync_fifo.gcx.clkx/gnxpm_cdc.wr_pntr_gc_reg[3]/Q
                         net (fo=1, routed)           0.226    -0.208    dbg_hub/inst/BSCANID.u_xsdbm_id/CORE_XSDB.UUT_MASTER/U_ICON_INTERFACE/U_CMD6_RD/U_RD_FIFO/SUBCORE_FIFO.xsdbm_v3_0_0_rdfifo_inst/inst_fifo_gen/gconvfifo.rf/grf.rf/gntv_or_sync_fifo.gcx.clkx/gnxpm_cdc.gsync_stage[1].rd_stg_inst/Q[3]
    SLICE_X67Y36         FDCE                                         r  dbg_hub/inst/BSCANID.u_xsdbm_id/CORE_XSDB.UUT_MASTER/U_ICON_INTERFACE/U_CMD6_RD/U_RD_FIFO/SUBCORE_FIFO.xsdbm_v3_0_0_rdfifo_inst/inst_fifo_gen/gconvfifo.rf/grf.rf/gntv_or_sync_fifo.gcx.clkx/gnxpm_cdc.gsync_stage[1].rd_stg_inst/Q_reg_reg[3]/D
  -------------------------------------------------------------------    -------------------

                         (clock dbg_hub/inst/BSCANID.u_xsdbm_id/SWITCH_N_EXT_BSCAN.bscan_inst/SERIES7_BSCAN.bscan_inst/TCK rise edge)
                                                      0.000     0.000 r  
    BSCAN_X0Y0           BSCANE2                      0.000     0.000 r  dbg_hub/inst/BSCANID.u_xsdbm_id/SWITCH_N_EXT_BSCAN.bscan_inst/SERIES7_BSCAN.bscan_inst/TCK
                         net (fo=1, routed)           2.846     2.846    dbg_hub/inst/BSCANID.u_xsdbm_id/tck_bs
    BUFGCTRL_X0Y6        BUFG (Prop_bufg_I_O)         0.093     2.939 r  dbg_hub/inst/BSCANID.u_xsdbm_id/SWITCH_N_EXT_BSCAN.u_bufg_icon_tck/O
                         net (fo=482, routed)         1.732     4.671    dbg_hub/inst/BSCANID.u_xsdbm_id/CORE_XSDB.UUT_MASTER/U_ICON_INTERFACE/U_CMD6_RD/U_RD_FIFO/SUBCORE_FIFO.xsdbm_v3_0_0_rdfifo_inst/inst_fifo_gen/gconvfifo.rf/grf.rf/gntv_or_sync_fifo.gcx.clkx/gnxpm_cdc.gsync_stage[1].rd_stg_inst/rd_clk
    SLICE_X67Y36         FDCE                                         r  dbg_hub/inst/BSCANID.u_xsdbm_id/CORE_XSDB.UUT_MASTER/U_ICON_INTERFACE/U_CMD6_RD/U_RD_FIFO/SUBCORE_FIFO.xsdbm_v3_0_0_rdfifo_inst/inst_fifo_gen/gconvfifo.rf/grf.rf/gntv_or_sync_fifo.gcx.clkx/gnxpm_cdc.gsync_stage[1].rd_stg_inst/Q_reg_reg[3]/C
                         clock pessimism              0.000     4.671    
    SLICE_X67Y36         FDCE (Hold_fdce_C_D)         0.117     4.788    dbg_hub/inst/BSCANID.u_xsdbm_id/CORE_XSDB.UUT_MASTER/U_ICON_INTERFACE/U_CMD6_RD/U_RD_FIFO/SUBCORE_FIFO.xsdbm_v3_0_0_rdfifo_inst/inst_fifo_gen/gconvfifo.rf/grf.rf/gntv_or_sync_fifo.gcx.clkx/gnxpm_cdc.gsync_stage[1].rd_stg_inst/Q_reg_reg[3]
  -------------------------------------------------------------------
                         data arrival                          -0.208    
                         clock arrival                          4.788    
  -------------------------------------------------------------------
                         relative delay                        -4.996    



Id: 21
set_bus_skew -from [get_cells [list {dbg_hub/inst/BSCANID.u_xsdbm_id/CORE_XSDB.UUT_MASTER/U_ICON_INTERFACE/U_CMD6_WR/U_WR_FIFO/SUBCORE_FIFO.xsdbm_v3_0_0_wrfifo_inst/inst_fifo_gen/gconvfifo.rf/grf.rf/gntv_or_sync_fifo.gcx.clkx/gnxpm_cdc.rd_pntr_gc_reg[0]} {dbg_hub/inst/BSCANID.u_xsdbm_id/CORE_XSDB.UUT_MASTER/U_ICON_INTERFACE/U_CMD6_WR/U_WR_FIFO/SUBCORE_FIFO.xsdbm_v3_0_0_wrfifo_inst/inst_fifo_gen/gconvfifo.rf/grf.rf/gntv_or_sync_fifo.gcx.clkx/gnxpm_cdc.rd_pntr_gc_reg[1]} {dbg_hub/inst/BSCANID.u_xsdbm_id/CORE_XSDB.UUT_MASTER/U_ICON_INTERFACE/U_CMD6_WR/U_WR_FIFO/SUBCORE_FIFO.xsdbm_v3_0_0_wrfifo_inst/inst_fifo_gen/gconvfifo.rf/grf.rf/gntv_or_sync_fifo.gcx.clkx/gnxpm_cdc.rd_pntr_gc_reg[2]} {dbg_hub/inst/BSCANID.u_xsdbm_id/CORE_XSDB.UUT_MASTER/U_ICON_INTERFACE/U_CMD6_WR/U_WR_FIFO/SUBCORE_FIFO.xsdbm_v3_0_0_wrfifo_inst/inst_fifo_gen/gconvfifo.rf/grf.rf/gntv_or_sync_fifo.gcx.clkx/gnxpm_cdc.rd_pntr_gc_reg[3]}]] -to [get_cells [list {dbg_hub/inst/BSCANID.u_xsdbm_id/CORE_XSDB.UUT_MASTER/U_ICON_INTERFACE/U_CMD6_WR/U_WR_FIFO/SUBCORE_FIFO.xsdbm_v3_0_0_wrfifo_inst/inst_fifo_gen/gconvfifo.rf/grf.rf/gntv_or_sync_fifo.gcx.clkx/gnxpm_cdc.gsync_stage[1].wr_stg_inst/Q_reg_reg[0]} {dbg_hub/inst/BSCANID.u_xsdbm_id/CORE_XSDB.UUT_MASTER/U_ICON_INTERFACE/U_CMD6_WR/U_WR_FIFO/SUBCORE_FIFO.xsdbm_v3_0_0_wrfifo_inst/inst_fifo_gen/gconvfifo.rf/grf.rf/gntv_or_sync_fifo.gcx.clkx/gnxpm_cdc.gsync_stage[1].wr_stg_inst/Q_reg_reg[1]} {dbg_hub/inst/BSCANID.u_xsdbm_id/CORE_XSDB.UUT_MASTER/U_ICON_INTERFACE/U_CMD6_WR/U_WR_FIFO/SUBCORE_FIFO.xsdbm_v3_0_0_wrfifo_inst/inst_fifo_gen/gconvfifo.rf/grf.rf/gntv_or_sync_fifo.gcx.clkx/gnxpm_cdc.gsync_stage[1].wr_stg_inst/Q_reg_reg[2]} {dbg_hub/inst/BSCANID.u_xsdbm_id/CORE_XSDB.UUT_MASTER/U_ICON_INTERFACE/U_CMD6_WR/U_WR_FIFO/SUBCORE_FIFO.xsdbm_v3_0_0_wrfifo_inst/inst_fifo_gen/gconvfifo.rf/grf.rf/gntv_or_sync_fifo.gcx.clkx/gnxpm_cdc.gsync_stage[1].wr_stg_inst/Q_reg_reg[3]}]] 32.552
Requirement: 32.552ns
Endpoints: 4

From Clock            To Clock              Endpoint Pin                    Reference Pin                   Corner  Actual(ns)  Slack(ns)
--------------------  --------------------  ------------------------------  ------------------------------  ------  ----------  ---------
sample_rate_30_72_design_1_clk_DSP_0
                      dbg_hub/inst/BSCANID.u_xsdbm_id/SWITCH_N_EXT_BSCAN.bscan_inst/SERIES7_BSCAN.bscan_inst/TCK
                                            dbg_hub/inst/BSCANID.u_xsdbm_id/CORE_XSDB.UUT_MASTER/U_ICON_INTERFACE/U_CMD6_WR/U_WR_FIFO/SUBCORE_FIFO.xsdbm_v3_0_0_wrfifo_inst/inst_fifo_gen/gconvfifo.rf/grf.rf/gntv_or_sync_fifo.gcx.clkx/gnxpm_cdc.gsync_stage[1].wr_stg_inst/Q_reg_reg[2]/D
                                                                            dbg_hub/inst/BSCANID.u_xsdbm_id/CORE_XSDB.UUT_MASTER/U_ICON_INTERFACE/U_CMD6_WR/U_WR_FIFO/SUBCORE_FIFO.xsdbm_v3_0_0_wrfifo_inst/inst_fifo_gen/gconvfifo.rf/grf.rf/gntv_or_sync_fifo.gcx.clkx/gnxpm_cdc.gsync_stage[1].wr_stg_inst/Q_reg_reg[1]/D
                                                                                                            Slow         0.713     31.839


Slack (MET) :             31.839ns  (requirement - actual skew)
  Endpoint Source:        dbg_hub/inst/BSCANID.u_xsdbm_id/CORE_XSDB.UUT_MASTER/U_ICON_INTERFACE/U_CMD6_WR/U_WR_FIFO/SUBCORE_FIFO.xsdbm_v3_0_0_wrfifo_inst/inst_fifo_gen/gconvfifo.rf/grf.rf/gntv_or_sync_fifo.gcx.clkx/gnxpm_cdc.rd_pntr_gc_reg[2]/C
                            (rising edge-triggered cell FDCE clocked by sample_rate_30_72_design_1_clk_DSP_0)
  Endpoint Destination:   dbg_hub/inst/BSCANID.u_xsdbm_id/CORE_XSDB.UUT_MASTER/U_ICON_INTERFACE/U_CMD6_WR/U_WR_FIFO/SUBCORE_FIFO.xsdbm_v3_0_0_wrfifo_inst/inst_fifo_gen/gconvfifo.rf/grf.rf/gntv_or_sync_fifo.gcx.clkx/gnxpm_cdc.gsync_stage[1].wr_stg_inst/Q_reg_reg[2]/D
                            (rising edge-triggered cell FDCE clocked by dbg_hub/inst/BSCANID.u_xsdbm_id/SWITCH_N_EXT_BSCAN.bscan_inst/SERIES7_BSCAN.bscan_inst/TCK)
  Reference Source:       dbg_hub/inst/BSCANID.u_xsdbm_id/CORE_XSDB.UUT_MASTER/U_ICON_INTERFACE/U_CMD6_WR/U_WR_FIFO/SUBCORE_FIFO.xsdbm_v3_0_0_wrfifo_inst/inst_fifo_gen/gconvfifo.rf/grf.rf/gntv_or_sync_fifo.gcx.clkx/gnxpm_cdc.rd_pntr_gc_reg[1]/C
                            (rising edge-triggered cell FDCE clocked by sample_rate_30_72_design_1_clk_DSP_0)
  Reference Destination:  dbg_hub/inst/BSCANID.u_xsdbm_id/CORE_XSDB.UUT_MASTER/U_ICON_INTERFACE/U_CMD6_WR/U_WR_FIFO/SUBCORE_FIFO.xsdbm_v3_0_0_wrfifo_inst/inst_fifo_gen/gconvfifo.rf/grf.rf/gntv_or_sync_fifo.gcx.clkx/gnxpm_cdc.gsync_stage[1].wr_stg_inst/Q_reg_reg[1]/D
                            (rising edge-triggered cell FDCE clocked by dbg_hub/inst/BSCANID.u_xsdbm_id/SWITCH_N_EXT_BSCAN.bscan_inst/SERIES7_BSCAN.bscan_inst/TCK)
  Path Type:              Bus Skew (Max at Slow Process Corner)
  Requirement:            32.552ns
  Endpoint Relative Delay:   -4.599ns
  Reference Relative Delay:  -5.003ns
  Relative CRPR:              0.002ns
  Uncertainty:                0.310ns
  Actual Bus Skew:            0.713ns  (Endpoint Relative Delay - Reference Relative Delay - Relative CRPR + Uncertainty)

Endpoint path:
    Location             Delay type                Incr(ns)  Path(ns)    Netlist Resource(s)
  -------------------------------------------------------------------    -------------------
                         (clock sample_rate_30_72_design_1_clk_DSP_0 rise edge)
                                                      0.000     0.000 r  
    F22                                               0.000     0.000 r  FPGA_REF_40MHZ (IN)
                         net (fo=0)                   0.000     0.000    design_1_i/CLK_AXI/ibuf_0/inst/in_ref
    F22                  IBUF (Prop_ibuf_I_O)         1.568     1.568 r  design_1_i/CLK_AXI/ibuf_0/inst/IBUF_inst/O
                         net (fo=2, routed)           1.081     2.649    design_1_i/AD9361_CTRL/ad9361_clk/clk_DSP/inst/clk_in1
    MMCME2_ADV_X0Y2      MMCME2_ADV (Prop_mmcme2_adv_CLKIN1_CLKOUT0)
                                                     -7.424    -4.775 r  design_1_i/AD9361_CTRL/ad9361_clk/clk_DSP/inst/mmcm_adv_inst/CLKOUT0
                         net (fo=1, routed)           1.804    -2.971    design_1_i/AD9361_CTRL/ad9361_clk/clk_DSP/inst/sample_rate_30_72_design_1_clk_DSP_0
    BUFGCTRL_X0Y0        BUFG (Prop_bufg_I_O)         0.093    -2.878 r  design_1_i/AD9361_CTRL/ad9361_clk/clk_DSP/inst/clkout1_buf/O
                         net (fo=29668, routed)       1.721    -1.157    dbg_hub/inst/BSCANID.u_xsdbm_id/CORE_XSDB.UUT_MASTER/U_ICON_INTERFACE/U_CMD6_WR/U_WR_FIFO/SUBCORE_FIFO.xsdbm_v3_0_0_wrfifo_inst/inst_fifo_gen/gconvfifo.rf/grf.rf/gntv_or_sync_fifo.gcx.clkx/rd_clk
    SLICE_X79Y29         FDCE                                         r  dbg_hub/inst/BSCANID.u_xsdbm_id/CORE_XSDB.UUT_MASTER/U_ICON_INTERFACE/U_CMD6_WR/U_WR_FIFO/SUBCORE_FIFO.xsdbm_v3_0_0_wrfifo_inst/inst_fifo_gen/gconvfifo.rf/grf.rf/gntv_or_sync_fifo.gcx.clkx/gnxpm_cdc.rd_pntr_gc_reg[2]/C
  -------------------------------------------------------------------    -------------------
    SLICE_X79Y29         FDCE (Prop_fdce_C_Q)         0.204    -0.953 r  dbg_hub/inst/BSCANID.u_xsdbm_id/CORE_XSDB.UUT_MASTER/U_ICON_INTERFACE/U_CMD6_WR/U_WR_FIFO/SUBCORE_FIFO.xsdbm_v3_0_0_wrfifo_inst/inst_fifo_gen/gconvfifo.rf/grf.rf/gntv_or_sync_fifo.gcx.clkx/gnxpm_cdc.rd_pntr_gc_reg[2]/Q
                         net (fo=1, routed)           0.354    -0.599    dbg_hub/inst/BSCANID.u_xsdbm_id/CORE_XSDB.UUT_MASTER/U_ICON_INTERFACE/U_CMD6_WR/U_WR_FIFO/SUBCORE_FIFO.xsdbm_v3_0_0_wrfifo_inst/inst_fifo_gen/gconvfifo.rf/grf.rf/gntv_or_sync_fifo.gcx.clkx/gnxpm_cdc.gsync_stage[1].wr_stg_inst/Q[2]
    SLICE_X80Y29         FDCE                                         r  dbg_hub/inst/BSCANID.u_xsdbm_id/CORE_XSDB.UUT_MASTER/U_ICON_INTERFACE/U_CMD6_WR/U_WR_FIFO/SUBCORE_FIFO.xsdbm_v3_0_0_wrfifo_inst/inst_fifo_gen/gconvfifo.rf/grf.rf/gntv_or_sync_fifo.gcx.clkx/gnxpm_cdc.gsync_stage[1].wr_stg_inst/Q_reg_reg[2]/D
  -------------------------------------------------------------------    -------------------

                         (clock dbg_hub/inst/BSCANID.u_xsdbm_id/SWITCH_N_EXT_BSCAN.bscan_inst/SERIES7_BSCAN.bscan_inst/TCK rise edge)
                                                      0.000     0.000 r  
    BSCAN_X0Y0           BSCANE2                      0.000     0.000 r  dbg_hub/inst/BSCANID.u_xsdbm_id/SWITCH_N_EXT_BSCAN.bscan_inst/SERIES7_BSCAN.bscan_inst/TCK
                         net (fo=1, routed)           2.409     2.409    dbg_hub/inst/BSCANID.u_xsdbm_id/tck_bs
    BUFGCTRL_X0Y6        BUFG (Prop_bufg_I_O)         0.083     2.492 r  dbg_hub/inst/BSCANID.u_xsdbm_id/SWITCH_N_EXT_BSCAN.u_bufg_icon_tck/O
                         net (fo=482, routed)         1.598     4.090    dbg_hub/inst/BSCANID.u_xsdbm_id/CORE_XSDB.UUT_MASTER/U_ICON_INTERFACE/U_CMD6_WR/U_WR_FIFO/SUBCORE_FIFO.xsdbm_v3_0_0_wrfifo_inst/inst_fifo_gen/gconvfifo.rf/grf.rf/gntv_or_sync_fifo.gcx.clkx/gnxpm_cdc.gsync_stage[1].wr_stg_inst/wr_clk
    SLICE_X80Y29         FDCE                                         r  dbg_hub/inst/BSCANID.u_xsdbm_id/CORE_XSDB.UUT_MASTER/U_ICON_INTERFACE/U_CMD6_WR/U_WR_FIFO/SUBCORE_FIFO.xsdbm_v3_0_0_wrfifo_inst/inst_fifo_gen/gconvfifo.rf/grf.rf/gntv_or_sync_fifo.gcx.clkx/gnxpm_cdc.gsync_stage[1].wr_stg_inst/Q_reg_reg[2]/C
                         clock pessimism              0.000     4.090    
    SLICE_X80Y29         FDCE (Setup_fdce_C_D)       -0.090     4.000    dbg_hub/inst/BSCANID.u_xsdbm_id/CORE_XSDB.UUT_MASTER/U_ICON_INTERFACE/U_CMD6_WR/U_WR_FIFO/SUBCORE_FIFO.xsdbm_v3_0_0_wrfifo_inst/inst_fifo_gen/gconvfifo.rf/grf.rf/gntv_or_sync_fifo.gcx.clkx/gnxpm_cdc.gsync_stage[1].wr_stg_inst/Q_reg_reg[2]
  -------------------------------------------------------------------
                         data arrival                          -0.599    
                         clock arrival                          4.000    
  -------------------------------------------------------------------
                         relative delay                        -4.599    

Reference path:
    Location             Delay type                Incr(ns)  Path(ns)    Netlist Resource(s)
  -------------------------------------------------------------------    -------------------
                         (clock sample_rate_30_72_design_1_clk_DSP_0 rise edge)
                                                      0.000     0.000 r  
    F22                                               0.000     0.000 r  FPGA_REF_40MHZ (IN)
                         net (fo=0)                   0.000     0.000    design_1_i/CLK_AXI/ibuf_0/inst/in_ref
    F22                  IBUF (Prop_ibuf_I_O)         1.436     1.436 r  design_1_i/CLK_AXI/ibuf_0/inst/IBUF_inst/O
                         net (fo=2, routed)           0.986     2.422    design_1_i/AD9361_CTRL/ad9361_clk/clk_DSP/inst/clk_in1
    MMCME2_ADV_X0Y2      MMCME2_ADV (Prop_mmcme2_adv_CLKIN1_CLKOUT0)
                                                     -6.398    -3.976 r  design_1_i/AD9361_CTRL/ad9361_clk/clk_DSP/inst/mmcm_adv_inst/CLKOUT0
                         net (fo=1, routed)           1.686    -2.290    design_1_i/AD9361_CTRL/ad9361_clk/clk_DSP/inst/sample_rate_30_72_design_1_clk_DSP_0
    BUFGCTRL_X0Y0        BUFG (Prop_bufg_I_O)         0.083    -2.207 r  design_1_i/AD9361_CTRL/ad9361_clk/clk_DSP/inst/clkout1_buf/O
                         net (fo=29668, routed)       1.587    -0.620    dbg_hub/inst/BSCANID.u_xsdbm_id/CORE_XSDB.UUT_MASTER/U_ICON_INTERFACE/U_CMD6_WR/U_WR_FIFO/SUBCORE_FIFO.xsdbm_v3_0_0_wrfifo_inst/inst_fifo_gen/gconvfifo.rf/grf.rf/gntv_or_sync_fifo.gcx.clkx/rd_clk
    SLICE_X79Y30         FDCE                                         r  dbg_hub/inst/BSCANID.u_xsdbm_id/CORE_XSDB.UUT_MASTER/U_ICON_INTERFACE/U_CMD6_WR/U_WR_FIFO/SUBCORE_FIFO.xsdbm_v3_0_0_wrfifo_inst/inst_fifo_gen/gconvfifo.rf/grf.rf/gntv_or_sync_fifo.gcx.clkx/gnxpm_cdc.rd_pntr_gc_reg[1]/C
  -------------------------------------------------------------------    -------------------
    SLICE_X79Y30         FDCE (Prop_fdce_C_Q)         0.178    -0.442 r  dbg_hub/inst/BSCANID.u_xsdbm_id/CORE_XSDB.UUT_MASTER/U_ICON_INTERFACE/U_CMD6_WR/U_WR_FIFO/SUBCORE_FIFO.xsdbm_v3_0_0_wrfifo_inst/inst_fifo_gen/gconvfifo.rf/grf.rf/gntv_or_sync_fifo.gcx.clkx/gnxpm_cdc.rd_pntr_gc_reg[1]/Q
                         net (fo=1, routed)           0.229    -0.213    dbg_hub/inst/BSCANID.u_xsdbm_id/CORE_XSDB.UUT_MASTER/U_ICON_INTERFACE/U_CMD6_WR/U_WR_FIFO/SUBCORE_FIFO.xsdbm_v3_0_0_wrfifo_inst/inst_fifo_gen/gconvfifo.rf/grf.rf/gntv_or_sync_fifo.gcx.clkx/gnxpm_cdc.gsync_stage[1].wr_stg_inst/Q[1]
    SLICE_X80Y30         FDCE                                         r  dbg_hub/inst/BSCANID.u_xsdbm_id/CORE_XSDB.UUT_MASTER/U_ICON_INTERFACE/U_CMD6_WR/U_WR_FIFO/SUBCORE_FIFO.xsdbm_v3_0_0_wrfifo_inst/inst_fifo_gen/gconvfifo.rf/grf.rf/gntv_or_sync_fifo.gcx.clkx/gnxpm_cdc.gsync_stage[1].wr_stg_inst/Q_reg_reg[1]/D
  -------------------------------------------------------------------    -------------------

                         (clock dbg_hub/inst/BSCANID.u_xsdbm_id/SWITCH_N_EXT_BSCAN.bscan_inst/SERIES7_BSCAN.bscan_inst/TCK rise edge)
                                                      0.000     0.000 r  
    BSCAN_X0Y0           BSCANE2                      0.000     0.000 r  dbg_hub/inst/BSCANID.u_xsdbm_id/SWITCH_N_EXT_BSCAN.bscan_inst/SERIES7_BSCAN.bscan_inst/TCK
                         net (fo=1, routed)           2.846     2.846    dbg_hub/inst/BSCANID.u_xsdbm_id/tck_bs
    BUFGCTRL_X0Y6        BUFG (Prop_bufg_I_O)         0.093     2.939 r  dbg_hub/inst/BSCANID.u_xsdbm_id/SWITCH_N_EXT_BSCAN.u_bufg_icon_tck/O
                         net (fo=482, routed)         1.733     4.672    dbg_hub/inst/BSCANID.u_xsdbm_id/CORE_XSDB.UUT_MASTER/U_ICON_INTERFACE/U_CMD6_WR/U_WR_FIFO/SUBCORE_FIFO.xsdbm_v3_0_0_wrfifo_inst/inst_fifo_gen/gconvfifo.rf/grf.rf/gntv_or_sync_fifo.gcx.clkx/gnxpm_cdc.gsync_stage[1].wr_stg_inst/wr_clk
    SLICE_X80Y30         FDCE                                         r  dbg_hub/inst/BSCANID.u_xsdbm_id/CORE_XSDB.UUT_MASTER/U_ICON_INTERFACE/U_CMD6_WR/U_WR_FIFO/SUBCORE_FIFO.xsdbm_v3_0_0_wrfifo_inst/inst_fifo_gen/gconvfifo.rf/grf.rf/gntv_or_sync_fifo.gcx.clkx/gnxpm_cdc.gsync_stage[1].wr_stg_inst/Q_reg_reg[1]/C
                         clock pessimism              0.000     4.672    
    SLICE_X80Y30         FDCE (Hold_fdce_C_D)         0.118     4.790    dbg_hub/inst/BSCANID.u_xsdbm_id/CORE_XSDB.UUT_MASTER/U_ICON_INTERFACE/U_CMD6_WR/U_WR_FIFO/SUBCORE_FIFO.xsdbm_v3_0_0_wrfifo_inst/inst_fifo_gen/gconvfifo.rf/grf.rf/gntv_or_sync_fifo.gcx.clkx/gnxpm_cdc.gsync_stage[1].wr_stg_inst/Q_reg_reg[1]
  -------------------------------------------------------------------
                         data arrival                          -0.213    
                         clock arrival                          4.790    
  -------------------------------------------------------------------
                         relative delay                        -5.003    



Id: 22
set_bus_skew -from [get_cells [list {dbg_hub/inst/BSCANID.u_xsdbm_id/CORE_XSDB.UUT_MASTER/U_ICON_INTERFACE/U_CMD6_WR/U_WR_FIFO/SUBCORE_FIFO.xsdbm_v3_0_0_wrfifo_inst/inst_fifo_gen/gconvfifo.rf/grf.rf/gntv_or_sync_fifo.gcx.clkx/gnxpm_cdc.wr_pntr_gc_reg[0]} {dbg_hub/inst/BSCANID.u_xsdbm_id/CORE_XSDB.UUT_MASTER/U_ICON_INTERFACE/U_CMD6_WR/U_WR_FIFO/SUBCORE_FIFO.xsdbm_v3_0_0_wrfifo_inst/inst_fifo_gen/gconvfifo.rf/grf.rf/gntv_or_sync_fifo.gcx.clkx/gnxpm_cdc.wr_pntr_gc_reg[1]} {dbg_hub/inst/BSCANID.u_xsdbm_id/CORE_XSDB.UUT_MASTER/U_ICON_INTERFACE/U_CMD6_WR/U_WR_FIFO/SUBCORE_FIFO.xsdbm_v3_0_0_wrfifo_inst/inst_fifo_gen/gconvfifo.rf/grf.rf/gntv_or_sync_fifo.gcx.clkx/gnxpm_cdc.wr_pntr_gc_reg[2]} {dbg_hub/inst/BSCANID.u_xsdbm_id/CORE_XSDB.UUT_MASTER/U_ICON_INTERFACE/U_CMD6_WR/U_WR_FIFO/SUBCORE_FIFO.xsdbm_v3_0_0_wrfifo_inst/inst_fifo_gen/gconvfifo.rf/grf.rf/gntv_or_sync_fifo.gcx.clkx/gnxpm_cdc.wr_pntr_gc_reg[3]}]] -to [get_cells [list {dbg_hub/inst/BSCANID.u_xsdbm_id/CORE_XSDB.UUT_MASTER/U_ICON_INTERFACE/U_CMD6_WR/U_WR_FIFO/SUBCORE_FIFO.xsdbm_v3_0_0_wrfifo_inst/inst_fifo_gen/gconvfifo.rf/grf.rf/gntv_or_sync_fifo.gcx.clkx/gnxpm_cdc.gsync_stage[1].rd_stg_inst/Q_reg_reg[0]} {dbg_hub/inst/BSCANID.u_xsdbm_id/CORE_XSDB.UUT_MASTER/U_ICON_INTERFACE/U_CMD6_WR/U_WR_FIFO/SUBCORE_FIFO.xsdbm_v3_0_0_wrfifo_inst/inst_fifo_gen/gconvfifo.rf/grf.rf/gntv_or_sync_fifo.gcx.clkx/gnxpm_cdc.gsync_stage[1].rd_stg_inst/Q_reg_reg[1]} {dbg_hub/inst/BSCANID.u_xsdbm_id/CORE_XSDB.UUT_MASTER/U_ICON_INTERFACE/U_CMD6_WR/U_WR_FIFO/SUBCORE_FIFO.xsdbm_v3_0_0_wrfifo_inst/inst_fifo_gen/gconvfifo.rf/grf.rf/gntv_or_sync_fifo.gcx.clkx/gnxpm_cdc.gsync_stage[1].rd_stg_inst/Q_reg_reg[2]} {dbg_hub/inst/BSCANID.u_xsdbm_id/CORE_XSDB.UUT_MASTER/U_ICON_INTERFACE/U_CMD6_WR/U_WR_FIFO/SUBCORE_FIFO.xsdbm_v3_0_0_wrfifo_inst/inst_fifo_gen/gconvfifo.rf/grf.rf/gntv_or_sync_fifo.gcx.clkx/gnxpm_cdc.gsync_stage[1].rd_stg_inst/Q_reg_reg[3]}]] 32.552
Requirement: 32.552ns
Endpoints: 4

From Clock            To Clock              Endpoint Pin                    Reference Pin                   Corner  Actual(ns)  Slack(ns)
--------------------  --------------------  ------------------------------  ------------------------------  ------  ----------  ---------
dbg_hub/inst/BSCANID.u_xsdbm_id/SWITCH_N_EXT_BSCAN.bscan_inst/SERIES7_BSCAN.bscan_inst/TCK
                      sample_rate_30_72_design_1_clk_DSP_0
                                            dbg_hub/inst/BSCANID.u_xsdbm_id/CORE_XSDB.UUT_MASTER/U_ICON_INTERFACE/U_CMD6_WR/U_WR_FIFO/SUBCORE_FIFO.xsdbm_v3_0_0_wrfifo_inst/inst_fifo_gen/gconvfifo.rf/grf.rf/gntv_or_sync_fifo.gcx.clkx/gnxpm_cdc.gsync_stage[1].rd_stg_inst/Q_reg_reg[2]/D
                                                                            dbg_hub/inst/BSCANID.u_xsdbm_id/CORE_XSDB.UUT_MASTER/U_ICON_INTERFACE/U_CMD6_WR/U_WR_FIFO/SUBCORE_FIFO.xsdbm_v3_0_0_wrfifo_inst/inst_fifo_gen/gconvfifo.rf/grf.rf/gntv_or_sync_fifo.gcx.clkx/gnxpm_cdc.gsync_stage[1].rd_stg_inst/Q_reg_reg[3]/D
                                                                                                            Slow         0.623     31.929


Slack (MET) :             31.929ns  (requirement - actual skew)
  Endpoint Source:        dbg_hub/inst/BSCANID.u_xsdbm_id/CORE_XSDB.UUT_MASTER/U_ICON_INTERFACE/U_CMD6_WR/U_WR_FIFO/SUBCORE_FIFO.xsdbm_v3_0_0_wrfifo_inst/inst_fifo_gen/gconvfifo.rf/grf.rf/gntv_or_sync_fifo.gcx.clkx/gnxpm_cdc.wr_pntr_gc_reg[2]/C
                            (rising edge-triggered cell FDCE clocked by dbg_hub/inst/BSCANID.u_xsdbm_id/SWITCH_N_EXT_BSCAN.bscan_inst/SERIES7_BSCAN.bscan_inst/TCK)
  Endpoint Destination:   dbg_hub/inst/BSCANID.u_xsdbm_id/CORE_XSDB.UUT_MASTER/U_ICON_INTERFACE/U_CMD6_WR/U_WR_FIFO/SUBCORE_FIFO.xsdbm_v3_0_0_wrfifo_inst/inst_fifo_gen/gconvfifo.rf/grf.rf/gntv_or_sync_fifo.gcx.clkx/gnxpm_cdc.gsync_stage[1].rd_stg_inst/Q_reg_reg[2]/D
                            (rising edge-triggered cell FDCE clocked by sample_rate_30_72_design_1_clk_DSP_0)
  Reference Source:       dbg_hub/inst/BSCANID.u_xsdbm_id/CORE_XSDB.UUT_MASTER/U_ICON_INTERFACE/U_CMD6_WR/U_WR_FIFO/SUBCORE_FIFO.xsdbm_v3_0_0_wrfifo_inst/inst_fifo_gen/gconvfifo.rf/grf.rf/gntv_or_sync_fifo.gcx.clkx/gnxpm_cdc.wr_pntr_gc_reg[3]/C
                            (rising edge-triggered cell FDCE clocked by dbg_hub/inst/BSCANID.u_xsdbm_id/SWITCH_N_EXT_BSCAN.bscan_inst/SERIES7_BSCAN.bscan_inst/TCK)
  Reference Destination:  dbg_hub/inst/BSCANID.u_xsdbm_id/CORE_XSDB.UUT_MASTER/U_ICON_INTERFACE/U_CMD6_WR/U_WR_FIFO/SUBCORE_FIFO.xsdbm_v3_0_0_wrfifo_inst/inst_fifo_gen/gconvfifo.rf/grf.rf/gntv_or_sync_fifo.gcx.clkx/gnxpm_cdc.gsync_stage[1].rd_stg_inst/Q_reg_reg[3]/D
                            (rising edge-triggered cell FDCE clocked by sample_rate_30_72_design_1_clk_DSP_0)
  Path Type:              Bus Skew (Max at Slow Process Corner)
  Requirement:            32.552ns
  Endpoint Relative Delay:    5.856ns
  Reference Relative Delay:   5.541ns
  Relative CRPR:              0.002ns
  Uncertainty:                0.310ns
  Actual Bus Skew:            0.623ns  (Endpoint Relative Delay - Reference Relative Delay - Relative CRPR + Uncertainty)

Endpoint path:
    Location             Delay type                Incr(ns)  Path(ns)    Netlist Resource(s)
  -------------------------------------------------------------------    -------------------
                         (clock dbg_hub/inst/BSCANID.u_xsdbm_id/SWITCH_N_EXT_BSCAN.bscan_inst/SERIES7_BSCAN.bscan_inst/TCK rise edge)
                                                      0.000     0.000 r  
    BSCAN_X0Y0           BSCANE2                      0.000     0.000 r  dbg_hub/inst/BSCANID.u_xsdbm_id/SWITCH_N_EXT_BSCAN.bscan_inst/SERIES7_BSCAN.bscan_inst/TCK
                         net (fo=1, routed)           2.846     2.846    dbg_hub/inst/BSCANID.u_xsdbm_id/tck_bs
    BUFGCTRL_X0Y6        BUFG (Prop_bufg_I_O)         0.093     2.939 r  dbg_hub/inst/BSCANID.u_xsdbm_id/SWITCH_N_EXT_BSCAN.u_bufg_icon_tck/O
                         net (fo=482, routed)         1.733     4.672    dbg_hub/inst/BSCANID.u_xsdbm_id/CORE_XSDB.UUT_MASTER/U_ICON_INTERFACE/U_CMD6_WR/U_WR_FIFO/SUBCORE_FIFO.xsdbm_v3_0_0_wrfifo_inst/inst_fifo_gen/gconvfifo.rf/grf.rf/gntv_or_sync_fifo.gcx.clkx/wr_clk
    SLICE_X81Y30         FDCE                                         r  dbg_hub/inst/BSCANID.u_xsdbm_id/CORE_XSDB.UUT_MASTER/U_ICON_INTERFACE/U_CMD6_WR/U_WR_FIFO/SUBCORE_FIFO.xsdbm_v3_0_0_wrfifo_inst/inst_fifo_gen/gconvfifo.rf/grf.rf/gntv_or_sync_fifo.gcx.clkx/gnxpm_cdc.wr_pntr_gc_reg[2]/C
  -------------------------------------------------------------------    -------------------
    SLICE_X81Y30         FDCE (Prop_fdce_C_Q)         0.204     4.876 r  dbg_hub/inst/BSCANID.u_xsdbm_id/CORE_XSDB.UUT_MASTER/U_ICON_INTERFACE/U_CMD6_WR/U_WR_FIFO/SUBCORE_FIFO.xsdbm_v3_0_0_wrfifo_inst/inst_fifo_gen/gconvfifo.rf/grf.rf/gntv_or_sync_fifo.gcx.clkx/gnxpm_cdc.wr_pntr_gc_reg[2]/Q
                         net (fo=1, routed)           0.271     5.147    dbg_hub/inst/BSCANID.u_xsdbm_id/CORE_XSDB.UUT_MASTER/U_ICON_INTERFACE/U_CMD6_WR/U_WR_FIFO/SUBCORE_FIFO.xsdbm_v3_0_0_wrfifo_inst/inst_fifo_gen/gconvfifo.rf/grf.rf/gntv_or_sync_fifo.gcx.clkx/gnxpm_cdc.gsync_stage[1].rd_stg_inst/Q[2]
    SLICE_X79Y30         FDCE                                         r  dbg_hub/inst/BSCANID.u_xsdbm_id/CORE_XSDB.UUT_MASTER/U_ICON_INTERFACE/U_CMD6_WR/U_WR_FIFO/SUBCORE_FIFO.xsdbm_v3_0_0_wrfifo_inst/inst_fifo_gen/gconvfifo.rf/grf.rf/gntv_or_sync_fifo.gcx.clkx/gnxpm_cdc.gsync_stage[1].rd_stg_inst/Q_reg_reg[2]/D
  -------------------------------------------------------------------    -------------------

                         (clock sample_rate_30_72_design_1_clk_DSP_0 rise edge)
                                                      0.000     0.000 r  
    F22                                               0.000     0.000 r  FPGA_REF_40MHZ (IN)
                         net (fo=0)                   0.000     0.000    design_1_i/CLK_AXI/ibuf_0/inst/in_ref
    F22                  IBUF (Prop_ibuf_I_O)         1.436     1.436 r  design_1_i/CLK_AXI/ibuf_0/inst/IBUF_inst/O
                         net (fo=2, routed)           0.986     2.422    design_1_i/AD9361_CTRL/ad9361_clk/clk_DSP/inst/clk_in1
    MMCME2_ADV_X0Y2      MMCME2_ADV (Prop_mmcme2_adv_CLKIN1_CLKOUT0)
                                                     -6.398    -3.976 r  design_1_i/AD9361_CTRL/ad9361_clk/clk_DSP/inst/mmcm_adv_inst/CLKOUT0
                         net (fo=1, routed)           1.686    -2.290    design_1_i/AD9361_CTRL/ad9361_clk/clk_DSP/inst/sample_rate_30_72_design_1_clk_DSP_0
    BUFGCTRL_X0Y0        BUFG (Prop_bufg_I_O)         0.083    -2.207 r  design_1_i/AD9361_CTRL/ad9361_clk/clk_DSP/inst/clkout1_buf/O
                         net (fo=29668, routed)       1.587    -0.620    dbg_hub/inst/BSCANID.u_xsdbm_id/CORE_XSDB.UUT_MASTER/U_ICON_INTERFACE/U_CMD6_WR/U_WR_FIFO/SUBCORE_FIFO.xsdbm_v3_0_0_wrfifo_inst/inst_fifo_gen/gconvfifo.rf/grf.rf/gntv_or_sync_fifo.gcx.clkx/gnxpm_cdc.gsync_stage[1].rd_stg_inst/rd_clk
    SLICE_X79Y30         FDCE                                         r  dbg_hub/inst/BSCANID.u_xsdbm_id/CORE_XSDB.UUT_MASTER/U_ICON_INTERFACE/U_CMD6_WR/U_WR_FIFO/SUBCORE_FIFO.xsdbm_v3_0_0_wrfifo_inst/inst_fifo_gen/gconvfifo.rf/grf.rf/gntv_or_sync_fifo.gcx.clkx/gnxpm_cdc.gsync_stage[1].rd_stg_inst/Q_reg_reg[2]/C
                         clock pessimism              0.000    -0.620    
    SLICE_X79Y30         FDCE (Setup_fdce_C_D)       -0.089    -0.709    dbg_hub/inst/BSCANID.u_xsdbm_id/CORE_XSDB.UUT_MASTER/U_ICON_INTERFACE/U_CMD6_WR/U_WR_FIFO/SUBCORE_FIFO.xsdbm_v3_0_0_wrfifo_inst/inst_fifo_gen/gconvfifo.rf/grf.rf/gntv_or_sync_fifo.gcx.clkx/gnxpm_cdc.gsync_stage[1].rd_stg_inst/Q_reg_reg[2]
  -------------------------------------------------------------------
                         data arrival                           5.147    
                         clock arrival                         -0.709    
  -------------------------------------------------------------------
                         relative delay                         5.856    

Reference path:
    Location             Delay type                Incr(ns)  Path(ns)    Netlist Resource(s)
  -------------------------------------------------------------------    -------------------
                         (clock dbg_hub/inst/BSCANID.u_xsdbm_id/SWITCH_N_EXT_BSCAN.bscan_inst/SERIES7_BSCAN.bscan_inst/TCK rise edge)
                                                      0.000     0.000 r  
    BSCAN_X0Y0           BSCANE2                      0.000     0.000 r  dbg_hub/inst/BSCANID.u_xsdbm_id/SWITCH_N_EXT_BSCAN.bscan_inst/SERIES7_BSCAN.bscan_inst/TCK
                         net (fo=1, routed)           2.409     2.409    dbg_hub/inst/BSCANID.u_xsdbm_id/tck_bs
    BUFGCTRL_X0Y6        BUFG (Prop_bufg_I_O)         0.083     2.492 r  dbg_hub/inst/BSCANID.u_xsdbm_id/SWITCH_N_EXT_BSCAN.u_bufg_icon_tck/O
                         net (fo=482, routed)         1.598     4.090    dbg_hub/inst/BSCANID.u_xsdbm_id/CORE_XSDB.UUT_MASTER/U_ICON_INTERFACE/U_CMD6_WR/U_WR_FIFO/SUBCORE_FIFO.xsdbm_v3_0_0_wrfifo_inst/inst_fifo_gen/gconvfifo.rf/grf.rf/gntv_or_sync_fifo.gcx.clkx/wr_clk
    SLICE_X80Y29         FDCE                                         r  dbg_hub/inst/BSCANID.u_xsdbm_id/CORE_XSDB.UUT_MASTER/U_ICON_INTERFACE/U_CMD6_WR/U_WR_FIFO/SUBCORE_FIFO.xsdbm_v3_0_0_wrfifo_inst/inst_fifo_gen/gconvfifo.rf/grf.rf/gntv_or_sync_fifo.gcx.clkx/gnxpm_cdc.wr_pntr_gc_reg[3]/C
  -------------------------------------------------------------------    -------------------
    SLICE_X80Y29         FDCE (Prop_fdce_C_Q)         0.178     4.268 r  dbg_hub/inst/BSCANID.u_xsdbm_id/CORE_XSDB.UUT_MASTER/U_ICON_INTERFACE/U_CMD6_WR/U_WR_FIFO/SUBCORE_FIFO.xsdbm_v3_0_0_wrfifo_inst/inst_fifo_gen/gconvfifo.rf/grf.rf/gntv_or_sync_fifo.gcx.clkx/gnxpm_cdc.wr_pntr_gc_reg[3]/Q
                         net (fo=1, routed)           0.233     4.501    dbg_hub/inst/BSCANID.u_xsdbm_id/CORE_XSDB.UUT_MASTER/U_ICON_INTERFACE/U_CMD6_WR/U_WR_FIFO/SUBCORE_FIFO.xsdbm_v3_0_0_wrfifo_inst/inst_fifo_gen/gconvfifo.rf/grf.rf/gntv_or_sync_fifo.gcx.clkx/gnxpm_cdc.gsync_stage[1].rd_stg_inst/Q[3]
    SLICE_X79Y28         FDCE                                         r  dbg_hub/inst/BSCANID.u_xsdbm_id/CORE_XSDB.UUT_MASTER/U_ICON_INTERFACE/U_CMD6_WR/U_WR_FIFO/SUBCORE_FIFO.xsdbm_v3_0_0_wrfifo_inst/inst_fifo_gen/gconvfifo.rf/grf.rf/gntv_or_sync_fifo.gcx.clkx/gnxpm_cdc.gsync_stage[1].rd_stg_inst/Q_reg_reg[3]/D
  -------------------------------------------------------------------    -------------------

                         (clock sample_rate_30_72_design_1_clk_DSP_0 rise edge)
                                                      0.000     0.000 r  
    F22                                               0.000     0.000 r  FPGA_REF_40MHZ (IN)
                         net (fo=0)                   0.000     0.000    design_1_i/CLK_AXI/ibuf_0/inst/in_ref
    F22                  IBUF (Prop_ibuf_I_O)         1.568     1.568 r  design_1_i/CLK_AXI/ibuf_0/inst/IBUF_inst/O
                         net (fo=2, routed)           1.081     2.649    design_1_i/AD9361_CTRL/ad9361_clk/clk_DSP/inst/clk_in1
    MMCME2_ADV_X0Y2      MMCME2_ADV (Prop_mmcme2_adv_CLKIN1_CLKOUT0)
                                                     -7.424    -4.775 r  design_1_i/AD9361_CTRL/ad9361_clk/clk_DSP/inst/mmcm_adv_inst/CLKOUT0
                         net (fo=1, routed)           1.804    -2.971    design_1_i/AD9361_CTRL/ad9361_clk/clk_DSP/inst/sample_rate_30_72_design_1_clk_DSP_0
    BUFGCTRL_X0Y0        BUFG (Prop_bufg_I_O)         0.093    -2.878 r  design_1_i/AD9361_CTRL/ad9361_clk/clk_DSP/inst/clkout1_buf/O
                         net (fo=29668, routed)       1.719    -1.159    dbg_hub/inst/BSCANID.u_xsdbm_id/CORE_XSDB.UUT_MASTER/U_ICON_INTERFACE/U_CMD6_WR/U_WR_FIFO/SUBCORE_FIFO.xsdbm_v3_0_0_wrfifo_inst/inst_fifo_gen/gconvfifo.rf/grf.rf/gntv_or_sync_fifo.gcx.clkx/gnxpm_cdc.gsync_stage[1].rd_stg_inst/rd_clk
    SLICE_X79Y28         FDCE                                         r  dbg_hub/inst/BSCANID.u_xsdbm_id/CORE_XSDB.UUT_MASTER/U_ICON_INTERFACE/U_CMD6_WR/U_WR_FIFO/SUBCORE_FIFO.xsdbm_v3_0_0_wrfifo_inst/inst_fifo_gen/gconvfifo.rf/grf.rf/gntv_or_sync_fifo.gcx.clkx/gnxpm_cdc.gsync_stage[1].rd_stg_inst/Q_reg_reg[3]/C
                         clock pessimism              0.000    -1.159    
    SLICE_X79Y28         FDCE (Hold_fdce_C_D)         0.118    -1.041    dbg_hub/inst/BSCANID.u_xsdbm_id/CORE_XSDB.UUT_MASTER/U_ICON_INTERFACE/U_CMD6_WR/U_WR_FIFO/SUBCORE_FIFO.xsdbm_v3_0_0_wrfifo_inst/inst_fifo_gen/gconvfifo.rf/grf.rf/gntv_or_sync_fifo.gcx.clkx/gnxpm_cdc.gsync_stage[1].rd_stg_inst/Q_reg_reg[3]
  -------------------------------------------------------------------
                         data arrival                           4.501    
                         clock arrival                         -1.041    
  -------------------------------------------------------------------
                         relative delay                         5.541    



